master_version	rule_id	brand_id	category_id	db_ready	scoring_formula_version	メルカリ検索URL1	メルカリ検索URL2	メルカリ検索URL3	カテゴリ	性別	ブランド	ブランド日本語	服種類	商品名・狙い目	季節	季節ピーク	想定販売期間	素材加点	素材タグ	サイズ加点	サイズタグ	仕入れ上限	仕入れ上限_min	仕入れ上限_max	想定販売価格	想定販売価格_min	想定販売価格_max	粗利目安	粗利_min	粗利_max	想定送料_min	想定送料_max	配送サイズ	送料注意度	優先度	ブランドスコア	ジャンルスコア	素材スコア	サイズスコア	回転見込み	回転スコア	利益見込み	偽物リスク	真贋リスクスコア	劣化リスク	状態リスクスコア	相場信頼度	総合スコア_初期	推奨判定_初期	データ信頼度	強い条件	強みタグ	需要タグ	避ける条件	状態NGタグ	リスクタグ	検索キーワード	最低確認相場数	写真必須箇所	現場アクション	AI判定メモ	アプリ入力必須項目	即見送り条件	例外条件	AI追加質問	メルカリ検索式1	メルカリ検索式2	メルカリ検索式3	撮影指示詳細	購入制御ルール
v4	RULE_0001	BRD_0001	CAT_001	TRUE	SCORE_V1	https://jp.mercari.com/search?keyword=%E3%82%B3%E3%83%BC%E3%83%81%20%E3%83%90%E3%83%83%E3%82%B0	https://jp.mercari.com/search?keyword=COACH%20%E3%82%BD%E3%83%BC%E3%83%9B%E3%83%BC	https://jp.mercari.com/search?keyword=%E3%82%B3%E3%83%BC%E3%83%81%20%E3%82%BD%E3%83%BC%E3%83%9B%E3%83%BC	バッグ・小物	ユニセックス	COACH	コーチ	バッグ	ソーホー／シグネチャー／アクセサリーポーチ	通年	通年	1〜3週間	特になし	特になし	標準サイズは相場確認	標準	2500〜4000	2500	4000	8000〜15000	8000	15000	約4700〜9500	3200	11000	210	450	ネコポス/ゆうパケット	低	S	85	75	50	60	早い	80	高	中	-20	高	-35	60	22	見送り	要検証	付属品あり/型崩れ少ない	ブランド/状態次第	通年需要	ベタつき / 角破れ / 内側劣化 / ショルダー欠品	ベタつき / 角スレ / 内側劣化 / 穴/破れ / 欠品	真贋注意 / 経年劣化 / 汚れリスク / 送料高 / 相場確認必須	コーチ バッグ	3	正面 / 背面 / 角4カ所 / 内側 / ブランドタグ/ロゴ / ショルダー/付属品	見つけたら即リサーチ	優先確認。利益が出れば仕入れ候補。	ブランド / 服種類 / 仕入れ値 / サイズ / 素材タグ写真 / ブランドタグ写真 / 全体写真 / 状態 / メルカリ売切相場 / 角スレ写真 / 内側写真 / 付属品 / 真贋確認情報	内側ベタつき / 粉吹き / 合皮剥がれ / 強い臭い / ファスナー不良 / ショルダー欠品※2WAY/斜め掛け前提品 / 真贋不明 / 内タグ/シリアル/品質タグ欠損	高単価ブランドで補修・清掃後も粗利が十分ある場合のみ再検討 / 鑑定済み・正規タグ確認・購入元信頼性ありの場合のみ	角スレ、内側ベタつき、臭い、ファスナー不良、ショルダー/付属品欠品はありますか？	コーチ バッグ	COACH ソーホー	コーチ ソーホー	正面 / 背面 / 底角4カ所 / 持ち手 / 内側 / ロゴ / 金具 / ファスナー / 付属品	原則見送り
v4	RULE_0002	BRD_0002	CAT_001	TRUE	SCORE_V1	https://jp.mercari.com/search?keyword=%E3%83%9D%E3%83%BC%E3%82%BF%E3%83%BC%20%E3%83%90%E3%83%83%E3%82%B0	https://jp.mercari.com/search?keyword=PORTER%20%E3%82%BF%E3%83%B3%E3%82%AB%E3%83%BC	https://jp.mercari.com/search?keyword=%E3%83%9D%E3%83%BC%E3%82%BF%E3%83%BC%20%E3%82%BF%E3%83%B3%E3%82%AB%E3%83%BC	バッグ・小物	ユニセックス	PORTER	ポーター	バッグ	タンカー／リュック／ショルダー／ボストン	通年	通年	1〜3週間	特になし	特になし	標準サイズは相場確認	標準	3000〜6000	3000	6000	9000〜18000	9000	18000	約5100〜10200	2100	13200	210	450	ネコポス/ゆうパケット	低	S	85	85	50	60	早い	80	高	中	-20	高	-35	60	23	見送り	要検証	付属品あり/型崩れ少ない	ブランド/状態次第	通年需要	ベタつき / 角破れ / 内側劣化 / ショルダー欠品	ベタつき / 内側劣化 / 穴/破れ / 臭い / 欠品	真贋注意 / 経年劣化 / 送料高 / 相場確認必須	ポーター バッグ リュック	3	正面 / 背面 / 角4カ所 / 内側 / ブランドタグ/ロゴ / ショルダー/付属品	見つけたら即リサーチ	優先確認。利益が出れば仕入れ候補。	ブランド / 服種類 / 仕入れ値 / サイズ / 素材タグ写真 / ブランドタグ写真 / 全体写真 / 状態 / メルカリ売切相場 / 角スレ写真 / 内側写真 / 付属品 / 真贋確認情報	内側ベタつき / 粉吹き / 合皮剥がれ / 強い臭い / ファスナー不良 / ショルダー欠品※2WAY/斜め掛け前提品 / 真贋不明 / 内タグ/シリアル/品質タグ欠損	高単価ブランドで補修・清掃後も粗利が十分ある場合のみ再検討 / 鑑定済み・正規タグ確認・購入元信頼性ありの場合のみ	角スレ、内側ベタつき、臭い、ファスナー不良、ショルダー/付属品欠品はありますか？	ポーター バッグ	PORTER タンカー	ポーター タンカー	正面 / 背面 / 底角4カ所 / 持ち手 / 内側 / ロゴ / 金具 / ファスナー / 付属品	原則見送り
v4	RULE_0003	BRD_0003	CAT_001	TRUE	SCORE_V1	https://jp.mercari.com/search?keyword=%E3%83%98%E3%83%83%E3%83%89%E3%83%9D%E3%83%BC%E3%82%BF%E3%83%BC%20%E3%83%90%E3%83%83%E3%82%B0	https://jp.mercari.com/search?keyword=HEAD%20PORTER%20%E9%99%90%E5%AE%9A%E8%89%B2	https://jp.mercari.com/search?keyword=%E3%83%98%E3%83%83%E3%83%89%E3%83%9D%E3%83%BC%E3%82%BF%E3%83%BC%20%E9%99%90%E5%AE%9A%E8%89%B2	バッグ・小物	ユニセックス	HEAD PORTER	ヘッドポーター	バッグ	限定色／アイアンブルー／タンカー系	通年	通年	2〜6週間	特になし	特になし	標準サイズは相場確認	標準	4000〜7000	4000	7000	12000〜20000	12000	20000	約6800〜11000	3800	14000	210	450	ネコポス/ゆうパケット	低	A	70	85	50	60	普通	60	高	中	-20	高	-35	50	15	見送り	要検証	付属品あり/型崩れ少ない	ブランド/状態次第	通年需要	ベタつき / 角破れ / 内側劣化 / ショルダー欠品	ベタつき / 内側劣化 / 穴/破れ / 欠品	真贋注意 / 経年劣化 / 送料高 / 相場確認必須	ヘッドポーター バッグ	3	正面 / 背面 / 角4カ所 / 内側 / ブランドタグ/ロゴ / ショルダー/付属品	条件が合えばリサーチ	条件一致時のみ仕入れ候補。	ブランド / 服種類 / 仕入れ値 / サイズ / 素材タグ写真 / ブランドタグ写真 / 全体写真 / 状態 / メルカリ売切相場 / 角スレ写真 / 内側写真 / 付属品 / 真贋確認情報	内側ベタつき / 粉吹き / 合皮剥がれ / 強い臭い / ファスナー不良 / ショルダー欠品※2WAY/斜め掛け前提品 / 真贋不明 / 内タグ/シリアル/品質タグ欠損	高単価ブランドで補修・清掃後も粗利が十分ある場合のみ再検討 / 鑑定済み・正規タグ確認・購入元信頼性ありの場合のみ	角スレ、内側ベタつき、臭い、ファスナー不良、ショルダー/付属品欠品はありますか？	ヘッドポーター バッグ	HEAD PORTER 限定色	ヘッドポーター 限定色	正面 / 背面 / 底角4カ所 / 持ち手 / 内側 / ロゴ / 金具 / ファスナー / 付属品	原則見送り
v4	RULE_0004	BRD_0004	CAT_001	TRUE	SCORE_V1	https://jp.mercari.com/search?keyword=%E3%82%A2%E3%83%B3%E3%83%86%E3%83%97%E3%83%AA%E3%83%9E%20%E3%83%90%E3%83%83%E3%82%B0	https://jp.mercari.com/search?keyword=ANTEPRIMA%20%E3%83%AF%E3%82%A4%E3%83%A4%E3%83%BC%E3%83%90%E3%83%83%E3%82%B0	https://jp.mercari.com/search?keyword=%E3%82%A2%E3%83%B3%E3%83%86%E3%83%97%E3%83%AA%E3%83%9E%20%E3%83%AF%E3%82%A4%E3%83%A4%E3%83%BC%E3%83%90%E3%83%83%E3%82%B0	バッグ・小物	レディース寄り	ANTEPRIMA	アンテプリマ	バッグ	ワイヤーバッグ／グリッター／ラウンド型	通年	通年	1〜3週間	特になし	特になし	標準サイズは相場確認	標準	5000〜10000	5000	10000	18000〜40000	18000	40000	約11200〜26000	6200	31000	210	450	ネコポス/ゆうパケット	低	S	85	75	50	60	早い	80	高	中	-20	高	-35	60	22	見送り	要検証	付属品あり/型崩れ少ない	ブランド/状態次第	通年需要	ベタつき / 角破れ / 内側劣化 / ショルダー欠品	ベタつき / 内側劣化 / 穴/破れ / 欠品	真贋注意 / 経年劣化 / 送料高 / 相場確認必須	アンテプリマ バッグ	3	正面 / 背面 / 角4カ所 / 内側 / ブランドタグ/ロゴ / ショルダー/付属品	見つけたら即リサーチ	優先確認。利益が出れば仕入れ候補。	ブランド / 服種類 / 仕入れ値 / サイズ / 素材タグ写真 / ブランドタグ写真 / 全体写真 / 状態 / メルカリ売切相場 / 角スレ写真 / 内側写真 / 付属品 / 真贋確認情報	内側ベタつき / 粉吹き / 合皮剥がれ / 強い臭い / ファスナー不良 / ショルダー欠品※2WAY/斜め掛け前提品 / 真贋不明 / 内タグ/シリアル/品質タグ欠損	高単価ブランドで補修・清掃後も粗利が十分ある場合のみ再検討 / 鑑定済み・正規タグ確認・購入元信頼性ありの場合のみ	角スレ、内側ベタつき、臭い、ファスナー不良、ショルダー/付属品欠品はありますか？	アンテプリマ バッグ	ANTEPRIMA ワイヤーバッグ	アンテプリマ ワイヤーバッグ	正面 / 背面 / 底角4カ所 / 持ち手 / 内側 / ロゴ / 金具 / ファスナー / 付属品	原則見送り
v4	RULE_0005	BRD_0005	CAT_001	TRUE	SCORE_V1	https://jp.mercari.com/search?keyword=%E3%82%A2%E3%82%BF%E3%82%AA%20%E3%83%90%E3%83%83%E3%82%B0	https://jp.mercari.com/search?keyword=ATAO%20%E3%81%8A%E8%B2%A1%E5%B8%83%E3%83%9D%E3%82%B7%E3%82%A7%E3%83%83%E3%83%88	https://jp.mercari.com/search?keyword=%E3%82%A2%E3%82%BF%E3%82%AA%20%E3%81%8A%E8%B2%A1%E5%B8%83%E3%83%9D%E3%82%B7%E3%82%A7%E3%83%83%E3%83%88	バッグ・小物	レディース寄り	ATAO	アタオ	バッグ	お財布ポシェット／ブーブー／長財布	通年	通年	1〜3週間	特になし	特になし	標準サイズは相場確認	標準	4000〜8000	4000	8000	12000〜22000	12000	22000	約6800〜11800	2800	15800	210	450	ネコポス/ゆうパケット	低	S	85	75	50	60	早い	80	高	中	-20	高	-35	60	22	見送り	要検証	付属品あり/型崩れ少ない	ブランド/状態次第	通年需要	ベタつき / 角破れ / 内側劣化 / ショルダー欠品	ベタつき / 角スレ / 内側劣化 / 穴/破れ / 欠品	真贋注意 / 経年劣化 / 汚れリスク / 送料高 / 相場確認必須	アタオ バッグ	3	正面 / 背面 / 角4カ所 / 内側 / ブランドタグ/ロゴ / ショルダー/付属品	見つけたら即リサーチ	優先確認。利益が出れば仕入れ候補。	ブランド / 服種類 / 仕入れ値 / サイズ / 素材タグ写真 / ブランドタグ写真 / 全体写真 / 状態 / メルカリ売切相場 / 角スレ写真 / 内側写真 / 付属品 / 真贋確認情報	内側ベタつき / 粉吹き / 合皮剥がれ / 強い臭い / ファスナー不良 / ショルダー欠品※2WAY/斜め掛け前提品 / 真贋不明 / 内タグ/シリアル/品質タグ欠損	高単価ブランドで補修・清掃後も粗利が十分ある場合のみ再検討 / 鑑定済み・正規タグ確認・購入元信頼性ありの場合のみ	角スレ、内側ベタつき、臭い、ファスナー不良、ショルダー/付属品欠品はありますか？	アタオ バッグ	ATAO お財布ポシェット	アタオ お財布ポシェット	正面 / 背面 / 底角4カ所 / 持ち手 / 内側 / ロゴ / 金具 / ファスナー / 付属品	原則見送り
v4	RULE_0006	BRD_0006	CAT_001	TRUE	SCORE_V1	https://jp.mercari.com/search?keyword=%E3%82%B0%E3%83%83%E3%83%81%20%E3%83%90%E3%83%83%E3%82%B0	https://jp.mercari.com/search?keyword=GUCCI%20GG%E3%82%AD%E3%83%A3%E3%83%B3%E3%83%90%E3%82%B9	https://jp.mercari.com/search?keyword=%E3%82%B0%E3%83%83%E3%83%81%20GG%E3%82%AD%E3%83%A3%E3%83%B3%E3%83%90%E3%82%B9	バッグ・小物	ユニセックス	GUCCI	グッチ	バッグ	GGキャンバス／ショルダー／ポーチ	通年	通年	2〜6週間	特になし	特になし	標準サイズは相場確認	標準	8000〜15000	8000	15000	22000〜45000	22000	45000	約11800〜25500	4800	32500	210	450	ネコポス/ゆうパケット	低	A	70	75	50	60	普通	60	高	高	-40	高	-35	50	0	見送り	要検証	付属品あり/型崩れ少ない	ブランド/状態次第	通年需要	ベタつき / 角破れ / 内側劣化 / ショルダー欠品 / 真贋不明	ベタつき / 内側劣化 / 穴/破れ / 欠品 / 真贋不明	真贋注意 / 経年劣化 / 送料高 / 相場確認必須	グッチ バッグ	3	正面 / 背面 / 角4カ所 / 内側 / ブランドタグ/ロゴ / ショルダー/付属品 / 真贋判断用タグ/刻印	条件が合えばリサーチ	条件一致時のみ仕入れ候補。 真贋・タグ確認を必須にする。	ブランド / 服種類 / 仕入れ値 / サイズ / 素材タグ写真 / ブランドタグ写真 / 全体写真 / 状態 / メルカリ売切相場 / 角スレ写真 / 内側写真 / 付属品 / 真贋確認情報	内側ベタつき / 粉吹き / 合皮剥がれ / 強い臭い / ファスナー不良 / ショルダー欠品※2WAY/斜め掛け前提品 / 真贋不明 / 内タグ/シリアル/品質タグ欠損	高単価ブランドで補修・清掃後も粗利が十分ある場合のみ再検討 / 鑑定済み・正規タグ確認・購入元信頼性ありの場合のみ	角スレ、内側ベタつき、臭い、ファスナー不良、ショルダー/付属品欠品はありますか？	グッチ バッグ	GUCCI GGキャンバス	グッチ GGキャンバス	正面 / 背面 / 底角4カ所 / 持ち手 / 内側 / ロゴ / 金具 / ファスナー / 付属品	真贋確認できるまで購入不可
v4	RULE_0007	BRD_0007	CAT_001	TRUE	SCORE_V1	https://jp.mercari.com/search?keyword=%E3%83%97%E3%83%A9%E3%83%80%20%E3%83%90%E3%83%83%E3%82%B0	https://jp.mercari.com/search?keyword=PRADA%20%E3%83%8A%E3%82%A4%E3%83%AD%E3%83%B3%E3%83%90%E3%83%83%E3%82%B0	https://jp.mercari.com/search?keyword=%E3%83%97%E3%83%A9%E3%83%80%20%E3%83%8A%E3%82%A4%E3%83%AD%E3%83%B3%E3%83%90%E3%83%83%E3%82%B0	バッグ・小物	ユニセックス	PRADA	プラダ	バッグ	ナイロンバッグ／ポーチ／リュック	通年	通年	2〜6週間	ナイロン高需要	ナイロン	標準サイズは相場確認	標準	6000〜12000	6000	12000	18000〜35000	18000	35000	約10200〜19500	4200	25500	210	450	ネコポス/ゆうパケット	低	A	70	75	65	60	普通	60	高	高	-40	高	-35	50	0	見送り	要検証	ナイロン高需要 / 付属品あり/型崩れ少ない	ブランド/状態次第	通年需要	ベタつき / 角破れ / 内側劣化 / ショルダー欠品 / 真贋不明	ベタつき / 内側劣化 / 穴/破れ / 欠品 / 真贋不明	真贋注意 / 経年劣化 / 送料高 / 相場確認必須	プラダ バッグ リュック	3	正面 / 背面 / 角4カ所 / 内側 / ブランドタグ/ロゴ / ショルダー/付属品 / 真贋判断用タグ/刻印	条件が合えばリサーチ	条件一致時のみ仕入れ候補。 真贋・タグ確認を必須にする。	ブランド / 服種類 / 仕入れ値 / サイズ / 素材タグ写真 / ブランドタグ写真 / 全体写真 / 状態 / メルカリ売切相場 / 角スレ写真 / 内側写真 / 付属品 / 真贋確認情報	内側ベタつき / 粉吹き / 合皮剥がれ / 強い臭い / ファスナー不良 / ショルダー欠品※2WAY/斜め掛け前提品 / 真贋不明 / 内タグ/シリアル/品質タグ欠損	高単価ブランドで補修・清掃後も粗利が十分ある場合のみ再検討 / 鑑定済み・正規タグ確認・購入元信頼性ありの場合のみ	角スレ、内側ベタつき、臭い、ファスナー不良、ショルダー/付属品欠品はありますか？	プラダ バッグ	PRADA ナイロンバッグ	プラダ ナイロンバッグ	正面 / 背面 / 底角4カ所 / 持ち手 / 内側 / ロゴ / 金具 / ファスナー / 付属品	真贋確認できるまで購入不可
v4	RULE_0008	BRD_0008	CAT_001	TRUE	SCORE_V1	https://jp.mercari.com/search?keyword=%E3%83%9F%E3%83%A5%E3%82%A6%E3%83%9F%E3%83%A5%E3%82%A6%20%E3%83%90%E3%83%83%E3%82%B0	https://jp.mercari.com/search?keyword=Miu%20Miu%20%E3%83%9E%E3%83%86%E3%83%A9%E3%83%83%E3%82%BB	https://jp.mercari.com/search?keyword=%E3%83%9F%E3%83%A5%E3%82%A6%E3%83%9F%E3%83%A5%E3%82%A6%20%E3%83%9E%E3%83%86%E3%83%A9%E3%83%83%E3%82%BB	バッグ・小物	レディース寄り	Miu Miu	ミュウミュウ	バッグ	マテラッセ／ショルダー／財布	通年	通年	2〜6週間	特になし	特になし	標準サイズは相場確認	標準	6000〜15000	6000	15000	18000〜40000	18000	40000	約10200〜21000	1200	30000	210	450	ネコポス/ゆうパケット	低	A	70	75	50	60	普通	60	高	高	-40	高	-35	50	0	見送り	要検証	付属品あり/型崩れ少ない	ブランド/状態次第	通年需要	ベタつき / 角破れ / 内側劣化 / ショルダー欠品 / 真贋不明	ベタつき / 角スレ / 内側劣化 / 穴/破れ / 欠品 / 真贋不明	真贋注意 / 経年劣化 / 送料高 / 相場確認必須	ミュウミュウ バッグ	3	正面 / 背面 / 角4カ所 / 内側 / ブランドタグ/ロゴ / ショルダー/付属品 / 真贋判断用タグ/刻印	条件が合えばリサーチ	条件一致時のみ仕入れ候補。 真贋・タグ確認を必須にする。	ブランド / 服種類 / 仕入れ値 / サイズ / 素材タグ写真 / ブランドタグ写真 / 全体写真 / 状態 / メルカリ売切相場 / 角スレ写真 / 内側写真 / 付属品 / 真贋確認情報	内側ベタつき / 粉吹き / 合皮剥がれ / 強い臭い / ファスナー不良 / ショルダー欠品※2WAY/斜め掛け前提品 / 真贋不明 / 内タグ/シリアル/品質タグ欠損	高単価ブランドで補修・清掃後も粗利が十分ある場合のみ再検討 / 鑑定済み・正規タグ確認・購入元信頼性ありの場合のみ	角スレ、内側ベタつき、臭い、ファスナー不良、ショルダー/付属品欠品はありますか？	ミュウミュウ バッグ	Miu Miu マテラッセ	ミュウミュウ マテラッセ	正面 / 背面 / 底角4カ所 / 持ち手 / 内側 / ロゴ / 金具 / ファスナー / 付属品	真贋確認できるまで購入不可
v4	RULE_0009	BRD_0009	CAT_001	TRUE	SCORE_V1	https://jp.mercari.com/search?keyword=%E3%83%95%E3%83%AB%E3%83%A9%20%E3%83%90%E3%83%83%E3%82%B0	https://jp.mercari.com/search?keyword=FURLA%20%E3%83%A1%E3%83%88%E3%83%AD%E3%83%9D%E3%83%AA%E3%82%B9	https://jp.mercari.com/search?keyword=%E3%83%95%E3%83%AB%E3%83%A9%20%E3%83%A1%E3%83%88%E3%83%AD%E3%83%9D%E3%83%AA%E3%82%B9	バッグ・小物	レディース寄り	FURLA	フルラ	バッグ	メトロポリス／パイパー／2WAYバッグ	通年	通年	2〜6週間	特になし	特になし	標準サイズは相場確認	標準	2000〜5000	2000	5000	7000〜14000	7000	14000	約4300〜7600	1300	10600	210	450	ネコポス/ゆうパケット	低	A	70	75	50	60	普通	60	中	中	-20	高	-35	50	7	見送り	要検証	付属品あり/型崩れ少ない	ブランド/状態次第	通年需要	ベタつき / 角破れ / 内側劣化 / ショルダー欠品	ベタつき / 内側劣化 / 穴/破れ / 欠品	真贋注意 / 経年劣化 / 送料高 / 相場確認必須	フルラ バッグ	3	正面 / 背面 / 角4カ所 / 内側 / ブランドタグ/ロゴ / ショルダー/付属品	条件が合えばリサーチ	条件一致時のみ仕入れ候補。	ブランド / 服種類 / 仕入れ値 / サイズ / 素材タグ写真 / ブランドタグ写真 / 全体写真 / 状態 / メルカリ売切相場 / 角スレ写真 / 内側写真 / 付属品 / 真贋確認情報	内側ベタつき / 粉吹き / 合皮剥がれ / 強い臭い / ファスナー不良 / ショルダー欠品※2WAY/斜め掛け前提品 / 真贋不明 / 内タグ/シリアル/品質タグ欠損	高単価ブランドで補修・清掃後も粗利が十分ある場合のみ再検討 / 鑑定済み・正規タグ確認・購入元信頼性ありの場合のみ	角スレ、内側ベタつき、臭い、ファスナー不良、ショルダー/付属品欠品はありますか？	フルラ バッグ	FURLA メトロポリス	フルラ メトロポリス	正面 / 背面 / 底角4カ所 / 持ち手 / 内側 / ロゴ / 金具 / ファスナー / 付属品	原則見送り
v4	RULE_0010	BRD_0010	CAT_001	TRUE	SCORE_V1	https://jp.mercari.com/search?keyword=%E3%82%B1%E3%82%A4%E3%83%88%E3%82%B9%E3%83%9A%E3%83%BC%E3%83%89%20%E3%83%90%E3%83%83%E3%82%B0	https://jp.mercari.com/search?keyword=kate%20spade%20%E3%82%B7%E3%83%A7%E3%83%AB%E3%83%80%E3%83%BC	https://jp.mercari.com/search?keyword=%E3%82%B1%E3%82%A4%E3%83%88%E3%82%B9%E3%83%9A%E3%83%BC%E3%83%89%20%E3%82%B7%E3%83%A7%E3%83%AB%E3%83%80%E3%83%BC	バッグ・小物	レディース寄り	kate spade	ケイトスペード	バッグ	ショルダー／ハンドバッグ／花柄・リボン系	通年	通年	2〜6週間	特になし	特になし	標準サイズは相場確認	標準	2000〜4500	2000	4500	7000〜13000	7000	13000	約4300〜7200	1800	9700	210	450	ネコポス/ゆうパケット	低	A	70	75	50	60	普通	60	中	中	-20	高	-35	50	7	見送り	要検証	デザイン性 / 付属品あり/型崩れ少ない	デザイン強め	通年需要	ベタつき / 角破れ / 内側劣化 / ショルダー欠品	ベタつき / 内側劣化 / 穴/破れ / 欠品	真贋注意 / 経年劣化 / 汚れリスク / 送料高 / 相場確認必須	ケイトスペード バッグ	3	正面 / 背面 / 角4カ所 / 内側 / ブランドタグ/ロゴ / ショルダー/付属品	条件が合えばリサーチ	条件一致時のみ仕入れ候補。	ブランド / 服種類 / 仕入れ値 / サイズ / 素材タグ写真 / ブランドタグ写真 / 全体写真 / 状態 / メルカリ売切相場 / 角スレ写真 / 内側写真 / 付属品 / 真贋確認情報	内側ベタつき / 粉吹き / 合皮剥がれ / 強い臭い / ファスナー不良 / ショルダー欠品※2WAY/斜め掛け前提品 / 真贋不明 / 内タグ/シリアル/品質タグ欠損	高単価ブランドで補修・清掃後も粗利が十分ある場合のみ再検討 / 鑑定済み・正規タグ確認・購入元信頼性ありの場合のみ	角スレ、内側ベタつき、臭い、ファスナー不良、ショルダー/付属品欠品はありますか？	ケイトスペード バッグ	kate spade ショルダー	ケイトスペード ショルダー	正面 / 背面 / 底角4カ所 / 持ち手 / 内側 / ロゴ / 金具 / ファスナー / 付属品	原則見送り
v4	RULE_0011	BRD_0011	CAT_001	TRUE	SCORE_V1	https://jp.mercari.com/search?keyword=%E3%83%9E%E3%82%A4%E3%82%B1%E3%83%AB%E3%82%B3%E3%83%BC%E3%82%B9%20%E3%83%90%E3%83%83%E3%82%B0	https://jp.mercari.com/search?keyword=MICHAEL%20KORS%20%E3%82%B7%E3%83%A7%E3%83%AB%E3%83%80%E3%83%BC	https://jp.mercari.com/search?keyword=%E3%83%9E%E3%82%A4%E3%82%B1%E3%83%AB%E3%82%B3%E3%83%BC%E3%82%B9%20%E3%82%B7%E3%83%A7%E3%83%AB%E3%83%80%E3%83%BC	バッグ・小物	ユニセックス	MICHAEL KORS	マイケルコース	バッグ	ショルダー／トート／ミニバッグ	通年	通年	3〜10週間	特になし	特になし	標準サイズは相場確認	標準	2000〜4500	2000	4500	6500〜12000	6500	12000	約3850〜6300	1350	8800	210	450	ネコポス/ゆうパケット	低	B	55	75	50	60	遅め	60	低〜中	低	0	高	-35	35	22	見送り	要検証	付属品あり/型崩れ少ない	ブランド/状態次第	通年需要	ベタつき / 角破れ / 内側劣化 / ショルダー欠品	ベタつき / 内側劣化 / 穴/破れ / 欠品	経年劣化 / 送料高 / 相場確認必須	マイケルコース バッグ トート	5	正面 / 背面 / 角4カ所 / 内側 / ブランドタグ/ロゴ / ショルダー/付属品	安値のみ確認	安仕入れ・美品・相場あり限定。 回転遅めのため価格設定を保守的に。	ブランド / 服種類 / 仕入れ値 / サイズ / 素材タグ写真 / ブランドタグ写真 / 全体写真 / 状態 / メルカリ売切相場 / 角スレ写真 / 内側写真 / 付属品	内側ベタつき / 粉吹き / 合皮剥がれ / 強い臭い / ファスナー不良 / ショルダー欠品※2WAY/斜め掛け前提品	高単価ブランドで補修・清掃後も粗利が十分ある場合のみ再検討	角スレ、内側ベタつき、臭い、ファスナー不良、ショルダー/付属品欠品はありますか？	マイケルコース バッグ	MICHAEL KORS ショルダー	マイケルコース ショルダー	正面 / 背面 / 底角4カ所 / 持ち手 / 内側 / ロゴ / 金具 / ファスナー / 付属品	原則見送り
v4	RULE_0012	BRD_0012	CAT_001	TRUE	SCORE_V1	https://jp.mercari.com/search?keyword=%E3%83%88%E3%83%AA%E3%83%BC%E3%83%90%E3%83%BC%E3%83%81%20%E3%83%90%E3%83%83%E3%82%B0	https://jp.mercari.com/search?keyword=Tory%20Burch%20%E3%83%AD%E3%82%B4%E3%82%B7%E3%83%A7%E3%83%AB%E3%83%80%E3%83%BC	https://jp.mercari.com/search?keyword=%E3%83%88%E3%83%AA%E3%83%BC%E3%83%90%E3%83%BC%E3%83%81%20%E3%83%AD%E3%82%B4%E3%82%B7%E3%83%A7%E3%83%AB%E3%83%80%E3%83%BC	バッグ・小物	レディース寄り	Tory Burch	トリーバーチ	バッグ	ロゴショルダー／トート／財布	通年	通年	2〜6週間	特になし	特になし	標準サイズは相場確認	標準	2500〜6000	2500	6000	8000〜18000	8000	18000	約4700〜10200	1200	13700	210	450	ネコポス/ゆうパケット	低	A	70	75	50	60	普通	60	中	中	-20	高	-35	50	7	見送り	要検証	付属品あり/型崩れ少ない	ブランド/状態次第	通年需要	ベタつき / 角破れ / 内側劣化 / ショルダー欠品	ベタつき / 角スレ / 内側劣化 / 穴/破れ / 欠品	真贋注意 / 経年劣化 / 汚れリスク / 送料高 / 相場確認必須	トリーバーチ バッグ トート	3	正面 / 背面 / 角4カ所 / 内側 / ブランドタグ/ロゴ / ショルダー/付属品	条件が合えばリサーチ	条件一致時のみ仕入れ候補。	ブランド / 服種類 / 仕入れ値 / サイズ / 素材タグ写真 / ブランドタグ写真 / 全体写真 / 状態 / メルカリ売切相場 / 角スレ写真 / 内側写真 / 付属品 / 真贋確認情報	内側ベタつき / 粉吹き / 合皮剥がれ / 強い臭い / ファスナー不良 / ショルダー欠品※2WAY/斜め掛け前提品 / 真贋不明 / 内タグ/シリアル/品質タグ欠損	高単価ブランドで補修・清掃後も粗利が十分ある場合のみ再検討 / 鑑定済み・正規タグ確認・購入元信頼性ありの場合のみ	角スレ、内側ベタつき、臭い、ファスナー不良、ショルダー/付属品欠品はありますか？	トリーバーチ バッグ	Tory Burch ロゴショルダー	トリーバーチ ロゴショルダー	正面 / 背面 / 底角4カ所 / 持ち手 / 内側 / ロゴ / 金具 / ファスナー / 付属品	原則見送り
v4	RULE_0013	BRD_0013	CAT_001	TRUE	SCORE_V1	https://jp.mercari.com/search?keyword=%E3%82%B7%E3%83%BC%E3%83%90%E3%82%A4%E3%82%AF%E3%83%AD%E3%82%A8%20%E3%83%90%E3%83%83%E3%82%B0	https://jp.mercari.com/search?keyword=See%20By%20Chlo%C3%A9%20%E3%82%B8%E3%83%A7%E3%82%A4%E3%83%A9%E3%82%A4%E3%83%80%E3%83%BC	https://jp.mercari.com/search?keyword=%E3%82%B7%E3%83%BC%E3%83%90%E3%82%A4%E3%82%AF%E3%83%AD%E3%82%A8%20%E3%82%B8%E3%83%A7%E3%82%A4%E3%83%A9%E3%82%A4%E3%83%80%E3%83%BC	バッグ・小物	レディース寄り	See By Chloé	シーバイクロエ	バッグ	ジョイライダー／ショルダー／リュック	通年	通年	2〜6週間	ナイロン高需要	ナイロン	標準サイズは相場確認	標準	3000〜5000	3000	5000	9000〜15000	9000	15000	約5100〜8500	3100	10500	210	450	ネコポス/ゆうパケット	低	A	70	75	65	60	普通	60	中	高	-40	高	-35	50	0	見送り	要検証	ナイロン高需要 / 付属品あり/型崩れ少ない	ブランド/状態次第	通年需要	ベタつき / 角破れ / 内側劣化 / ショルダー欠品 / 真贋不明	ベタつき / 内側劣化 / 穴/破れ / 欠品 / 真贋不明	真贋注意 / 経年劣化 / 汚れリスク / 送料高 / 相場確認必須	シーバイクロエ バッグ リュック	3	正面 / 背面 / 角4カ所 / 内側 / ブランドタグ/ロゴ / ショルダー/付属品 / 真贋判断用タグ/刻印	条件が合えばリサーチ	条件一致時のみ仕入れ候補。 真贋・タグ確認を必須にする。	ブランド / 服種類 / 仕入れ値 / サイズ / 素材タグ写真 / ブランドタグ写真 / 全体写真 / 状態 / メルカリ売切相場 / 角スレ写真 / 内側写真 / 付属品 / 真贋確認情報	内側ベタつき / 粉吹き / 合皮剥がれ / 強い臭い / ファスナー不良 / ショルダー欠品※2WAY/斜め掛け前提品 / 真贋不明 / 内タグ/シリアル/品質タグ欠損	高単価ブランドで補修・清掃後も粗利が十分ある場合のみ再検討 / 鑑定済み・正規タグ確認・購入元信頼性ありの場合のみ	角スレ、内側ベタつき、臭い、ファスナー不良、ショルダー/付属品欠品はありますか？	シーバイクロエ バッグ	See By Chloé ジョイライダー	シーバイクロエ ジョイライダー	正面 / 背面 / 底角4カ所 / 持ち手 / 内側 / ロゴ / 金具 / ファスナー / 付属品	真贋確認できるまで購入不可
v4	RULE_0014	BRD_0014	CAT_001	TRUE	SCORE_V1	https://jp.mercari.com/search?keyword=%E3%82%AF%E3%83%AD%E3%82%A8%20%E3%83%90%E3%83%83%E3%82%B0	https://jp.mercari.com/search?keyword=Chlo%C3%A9%20%E3%83%9E%E3%83%BC%E3%82%B7%E3%83%BC	https://jp.mercari.com/search?keyword=%E3%82%AF%E3%83%AD%E3%82%A8%20%E3%83%9E%E3%83%BC%E3%82%B7%E3%83%BC	バッグ・小物	レディース寄り	Chloé	クロエ	バッグ	マーシー／パディントン／ショルダー	通年	通年	2〜6週間	レザー/本革	本革/レザー	標準サイズは相場確認	標準	8000〜18000	8000	18000	25000〜50000	25000	50000	約14500〜27000	4500	37000	210	450	ネコポス/ゆうパケット	低	A	70	75	80	60	普通	60	高	高	-40	高	-35	50	0	見送り	要検証	レザー/本革 / 付属品あり/型崩れ少ない	ブランド/状態次第	通年需要	ベタつき / 角破れ / 内側劣化 / ショルダー欠品 / 真贋不明	ベタつき / 内側劣化 / 穴/破れ / 欠品 / 真贋不明	真贋注意 / 経年劣化 / 送料高 / 相場確認必須	クロエ バッグ	3	正面 / 背面 / 角4カ所 / 内側 / ブランドタグ/ロゴ / ショルダー/付属品 / 真贋判断用タグ/刻印	条件が合えばリサーチ	条件一致時のみ仕入れ候補。 真贋・タグ確認を必須にする。	ブランド / 服種類 / 仕入れ値 / サイズ / 素材タグ写真 / ブランドタグ写真 / 全体写真 / 状態 / メルカリ売切相場 / 角スレ写真 / 内側写真 / 付属品 / 真贋確認情報	内側ベタつき / 粉吹き / 合皮剥がれ / 強い臭い / ファスナー不良 / ショルダー欠品※2WAY/斜め掛け前提品 / 真贋不明 / 内タグ/シリアル/品質タグ欠損	高単価ブランドで補修・清掃後も粗利が十分ある場合のみ再検討 / 鑑定済み・正規タグ確認・購入元信頼性ありの場合のみ	角スレ、内側ベタつき、臭い、ファスナー不良、ショルダー/付属品欠品はありますか？	クロエ バッグ	Chloé マーシー	クロエ マーシー	正面 / 背面 / 底角4カ所 / 持ち手 / 内側 / ロゴ / 金具 / ファスナー / 付属品	真贋確認できるまで購入不可
v4	RULE_0015	BRD_0015	CAT_001	TRUE	SCORE_V1	https://jp.mercari.com/search?keyword=%E3%83%AD%E3%83%B3%E3%82%B7%E3%83%A3%E3%83%B3%20%E3%83%90%E3%83%83%E3%82%B0	https://jp.mercari.com/search?keyword=Longchamp%20%E3%83%AB%E3%83%97%E3%83%AA%E3%82%A2%E3%83%BC%E3%82%B8%E3%83%A5	https://jp.mercari.com/search?keyword=%E3%83%AD%E3%83%B3%E3%82%B7%E3%83%A3%E3%83%B3%20%E3%83%AB%E3%83%97%E3%83%AA%E3%82%A2%E3%83%BC%E3%82%B8%E3%83%A5	バッグ・小物	ユニセックス	Longchamp	ロンシャン	バッグ	ルプリアージュ／ナイロンバッグ	通年	通年	2〜6週間	ナイロン高需要	ナイロン	標準サイズは相場確認	標準	1000〜3000	1000	3000	4000〜9000	4000	9000	約2600〜5100	600	7100	210	450	ネコポス/ゆうパケット	低	A	70	75	65	60	普通	60	中	低	0	高	-35	50	28	見送り	要検証	ナイロン高需要 / 付属品あり/型崩れ少ない	ブランド/状態次第	通年需要	ベタつき / 角破れ / 内側劣化 / ショルダー欠品	ベタつき / 内側劣化 / 穴/破れ / 欠品	経年劣化 / 送料高 / 相場確認必須	ロンシャン バッグ	3	正面 / 背面 / 角4カ所 / 内側 / ブランドタグ/ロゴ / ショルダー/付属品	条件が合えばリサーチ	条件一致時のみ仕入れ候補。	ブランド / 服種類 / 仕入れ値 / サイズ / 素材タグ写真 / ブランドタグ写真 / 全体写真 / 状態 / メルカリ売切相場 / 角スレ写真 / 内側写真 / 付属品	内側ベタつき / 粉吹き / 合皮剥がれ / 強い臭い / ファスナー不良 / ショルダー欠品※2WAY/斜め掛け前提品	高単価ブランドで補修・清掃後も粗利が十分ある場合のみ再検討	角スレ、内側ベタつき、臭い、ファスナー不良、ショルダー/付属品欠品はありますか？	ロンシャン バッグ	Longchamp ルプリアージュ	ロンシャン ルプリアージュ	正面 / 背面 / 底角4カ所 / 持ち手 / 内側 / ロゴ / 金具 / ファスナー / 付属品	原則見送り
v4	RULE_0016	BRD_0016	CAT_001	TRUE	SCORE_V1	https://jp.mercari.com/search?keyword=%E3%82%A8%E3%83%AB%E3%83%99%E3%82%B7%E3%83%A3%E3%83%97%E3%83%AA%E3%82%A8%20%E3%83%90%E3%83%83%E3%82%B0	https://jp.mercari.com/search?keyword=Herve%20Chapelier%20%E8%88%9F%E5%9E%8B%E3%83%88%E3%83%BC%E3%83%88	https://jp.mercari.com/search?keyword=%E3%82%A8%E3%83%AB%E3%83%99%E3%82%B7%E3%83%A3%E3%83%97%E3%83%AA%E3%82%A8%20%E8%88%9F%E5%9E%8B%E3%83%88%E3%83%BC%E3%83%88	バッグ・小物	ユニセックス	Herve Chapelier	エルベシャプリエ	バッグ	舟型トート／ナイロン舟型	通年	通年	1〜3週間	ナイロン高需要	ナイロン	標準サイズは相場確認	標準	3000〜8000	3000	8000	10000〜22000	10000	22000	約6000〜11800	1000	16800	210	450	ネコポス/ゆうパケット	低	S	85	75	65	60	早い	80	高	低	0	高	-35	60	43	慎重	要検証	ナイロン高需要 / 付属品あり/型崩れ少ない	ブランド/状態次第	通年需要	ベタつき / 角破れ / 内側劣化 / ショルダー欠品	ベタつき / 角スレ / 内側劣化 / 穴/破れ / 欠品	経年劣化 / 汚れリスク / 送料高 / 相場確認必須	エルベシャプリエ バッグ トート	3	正面 / 背面 / 角4カ所 / 内側 / ブランドタグ/ロゴ / ショルダー/付属品	見つけたら即リサーチ	優先確認。利益が出れば仕入れ候補。	ブランド / 服種類 / 仕入れ値 / サイズ / 素材タグ写真 / ブランドタグ写真 / 全体写真 / 状態 / メルカリ売切相場 / 角スレ写真 / 内側写真 / 付属品	内側ベタつき / 粉吹き / 合皮剥がれ / 強い臭い / ファスナー不良 / ショルダー欠品※2WAY/斜め掛け前提品	高単価ブランドで補修・清掃後も粗利が十分ある場合のみ再検討	角スレ、内側ベタつき、臭い、ファスナー不良、ショルダー/付属品欠品はありますか？	エルベシャプリエ バッグ	Herve Chapelier 舟型トート	エルベシャプリエ 舟型トート	正面 / 背面 / 底角4カ所 / 持ち手 / 内側 / ロゴ / 金具 / ファスナー / 付属品	条件が揃う場合のみ。迷ったら見送り
v4	RULE_0017	BRD_0017	CAT_001	TRUE	SCORE_V1	https://jp.mercari.com/search?keyword=%E3%83%A4%E3%83%B3%E3%82%B0%E3%82%A2%E3%83%B3%E3%83%89%E3%82%AA%E3%83%AB%E3%82%BB%E3%83%B3%20%E3%83%90%E3%83%83%E3%82%B0	https://jp.mercari.com/search?keyword=YOUNG%26OLSEN%20%E3%83%AC%E3%82%B6%E3%83%BC%E3%83%88%E3%83%BC%E3%83%88	https://jp.mercari.com/search?keyword=%E3%83%A4%E3%83%B3%E3%82%B0%E3%82%A2%E3%83%B3%E3%83%89%E3%82%AA%E3%83%AB%E3%82%BB%E3%83%B3%20%E3%83%AC%E3%82%B6%E3%83%BC%E3%83%88%E3%83%BC%E3%83%88	バッグ・小物	ユニセックス	YOUNG&OLSEN	ヤングアンドオルセン	バッグ	レザートート／ムック本以外	通年	通年	2〜6週間	レザー/本革	本革/レザー	標準サイズは相場確認	標準	3000〜7000	3000	7000	10000〜18000	10000	18000	約6000〜9200	2000	13200	210	450	ネコポス/ゆうパケット	低	A	70	75	80	60	普通	60	中	低	0	高	-35	50	30	見送り	要検証	レザー/本革 / 付属品あり/型崩れ少ない	ブランド/状態次第	通年需要	ベタつき / 角破れ / 内側劣化 / ショルダー欠品	ベタつき / 内側劣化 / 穴/破れ / 欠品	経年劣化 / 送料高 / 相場確認必須	ヤングアンドオルセン バッグ トート	3	正面 / 背面 / 角4カ所 / 内側 / ブランドタグ/ロゴ / ショルダー/付属品	条件が合えばリサーチ	条件一致時のみ仕入れ候補。	ブランド / 服種類 / 仕入れ値 / サイズ / 素材タグ写真 / ブランドタグ写真 / 全体写真 / 状態 / メルカリ売切相場 / 角スレ写真 / 内側写真 / 付属品	内側ベタつき / 粉吹き / 合皮剥がれ / 強い臭い / ファスナー不良 / ショルダー欠品※2WAY/斜め掛け前提品	高単価ブランドで補修・清掃後も粗利が十分ある場合のみ再検討	角スレ、内側ベタつき、臭い、ファスナー不良、ショルダー/付属品欠品はありますか？	ヤングアンドオルセン バッグ	YOUNG&OLSEN レザートート	ヤングアンドオルセン レザートート	正面 / 背面 / 底角4カ所 / 持ち手 / 内側 / ロゴ / 金具 / ファスナー / 付属品	原則見送り
v4	RULE_0018	BRD_0018	CAT_001	TRUE	SCORE_V1	https://jp.mercari.com/search?keyword=%E3%83%B4%E3%82%A3%E3%82%AA%E3%83%A9%E3%83%89%E3%83%BC%E3%83%AD%20%E3%83%90%E3%83%83%E3%82%B0	https://jp.mercari.com/search?keyword=VIOLAd%27ORO%20%E3%81%8B%E3%81%94%E3%83%90%E3%83%83%E3%82%B0	https://jp.mercari.com/search?keyword=%E3%83%B4%E3%82%A3%E3%82%AA%E3%83%A9%E3%83%89%E3%83%BC%E3%83%AD%20%E3%81%8B%E3%81%94%E3%83%90%E3%83%83%E3%82%B0	バッグ・小物	ユニセックス	VIOLAd'ORO	ヴィオラドーロ	バッグ	かごバッグ／レザーハンドルバッグ	春夏	3〜8月	2〜8週間	レザー/本革	本革/レザー	標準サイズは相場確認	標準	3000〜7000	3000	7000	9000〜18000	9000	18000	約5100〜9200	1100	13200	210	450	ネコポス/ゆうパケット	低	A	70	75	80	60	普通	60	中	低	0	高	-35	50	30	見送り	要検証	レザー/本革 / 付属品あり/型崩れ少ない	ブランド/状態次第	春夏需要 / 通年需要	ベタつき / 角破れ / 内側劣化 / ショルダー欠品	ベタつき / 内側劣化 / 穴/破れ / 欠品	経年劣化 / 送料高 / 相場確認必須	ヴィオラドーロ バッグ	3	正面 / 背面 / 角4カ所 / 内側 / ブランドタグ/ロゴ / ショルダー/付属品	条件が合えばリサーチ	条件一致時のみ仕入れ候補。	ブランド / 服種類 / 仕入れ値 / サイズ / 素材タグ写真 / ブランドタグ写真 / 全体写真 / 状態 / メルカリ売切相場 / 角スレ写真 / 内側写真 / 付属品	内側ベタつき / 粉吹き / 合皮剥がれ / 強い臭い / ファスナー不良 / ショルダー欠品※2WAY/斜め掛け前提品	高単価ブランドで補修・清掃後も粗利が十分ある場合のみ再検討	角スレ、内側ベタつき、臭い、ファスナー不良、ショルダー/付属品欠品はありますか？	ヴィオラドーロ バッグ	VIOLAd'ORO かごバッグ	ヴィオラドーロ かごバッグ	正面 / 背面 / 底角4カ所 / 持ち手 / 内側 / ロゴ / 金具 / ファスナー / 付属品	原則見送り
v4	RULE_0019	BRD_0019	CAT_001	TRUE	SCORE_V1	https://jp.mercari.com/search?keyword=%E3%83%9E%E3%83%AA%E3%83%BC%E3%82%AF%E3%83%AF%E3%83%B3%E3%83%88%20%E3%83%90%E3%83%83%E3%82%B0	https://jp.mercari.com/search?keyword=MARY%20QUANT%20%E3%83%87%E3%82%A4%E3%82%B8%E3%83%BC%E6%9F%84%E3%83%AA%E3%83%A5%E3%83%83%E3%82%AF	https://jp.mercari.com/search?keyword=%E3%83%9E%E3%83%AA%E3%83%BC%E3%82%AF%E3%83%AF%E3%83%B3%E3%83%88%20%E3%83%87%E3%82%A4%E3%82%B8%E3%83%BC%E6%9F%84%E3%83%AA%E3%83%A5%E3%83%83%E3%82%AF	バッグ・小物	レディース寄り	MARY QUANT	マリークワント	バッグ	デイジー柄リュック／トート／ポーチ	通年	通年	2〜6週間	ナイロン高需要	ナイロン	標準サイズは相場確認	標準	1000〜3000	1000	3000	4500〜10000	4500	10000	約3050〜6000	1050	8000	210	450	ネコポス/ゆうパケット	低	A	70	75	65	60	普通	60	中	低	0	高	-35	50	28	見送り	要検証	ナイロン高需要 / 付属品あり/型崩れ少ない	ブランド/状態次第	通年需要	ベタつき / 角破れ / 内側劣化 / ショルダー欠品	ベタつき / 内側劣化 / 穴/破れ / 欠品	経年劣化 / 送料高 / 相場確認必須	マリークワント バッグ リュック トート	3	正面 / 背面 / 角4カ所 / 内側 / ブランドタグ/ロゴ / ショルダー/付属品	条件が合えばリサーチ	条件一致時のみ仕入れ候補。	ブランド / 服種類 / 仕入れ値 / サイズ / 素材タグ写真 / ブランドタグ写真 / 全体写真 / 状態 / メルカリ売切相場 / 角スレ写真 / 内側写真 / 付属品	内側ベタつき / 粉吹き / 合皮剥がれ / 強い臭い / ファスナー不良 / ショルダー欠品※2WAY/斜め掛け前提品	高単価ブランドで補修・清掃後も粗利が十分ある場合のみ再検討	角スレ、内側ベタつき、臭い、ファスナー不良、ショルダー/付属品欠品はありますか？	マリークワント バッグ	MARY QUANT デイジー柄リュック	マリークワント デイジー柄リュック	正面 / 背面 / 底角4カ所 / 持ち手 / 内側 / ロゴ / 金具 / ファスナー / 付属品	原則見送り
v4	RULE_0020	BRD_0020	CAT_001	TRUE	SCORE_V1	https://jp.mercari.com/search?keyword=%E3%83%AC%E3%82%B9%E3%83%9D%E3%83%BC%E3%83%88%E3%82%B5%E3%83%83%E3%82%AF%20%E3%83%90%E3%83%83%E3%82%B0	https://jp.mercari.com/search?keyword=LeSportsac%20%E3%82%B3%E3%83%A9%E3%83%9C%E6%9F%84	https://jp.mercari.com/search?keyword=%E3%83%AC%E3%82%B9%E3%83%9D%E3%83%BC%E3%83%88%E3%82%B5%E3%83%83%E3%82%AF%20%E3%82%B3%E3%83%A9%E3%83%9C%E6%9F%84	バッグ・小物	ユニセックス	LeSportsac	レスポートサック	バッグ	コラボ柄／ディズニー／限定柄	通年	通年	2〜6週間	特になし	特になし	標準サイズは相場確認	標準	1000〜3000	1000	3000	4000〜10000	4000	10000	約2600〜6000	600	8000	210	450	ネコポス/ゆうパケット	低	A	70	75	50	60	普通	60	中	低	0	高	-35	50	27	見送り	要検証	付属品あり/型崩れ少ない	コラボ/別注	通年需要	ベタつき / 角破れ / 内側劣化 / ショルダー欠品	ベタつき / 内側劣化 / 穴/破れ / 欠品	経年劣化 / 汚れリスク / 送料高 / 相場確認必須	レスポートサック バッグ	3	正面 / 背面 / 角4カ所 / 内側 / ブランドタグ/ロゴ / ショルダー/付属品	条件が合えばリサーチ	条件一致時のみ仕入れ候補。	ブランド / 服種類 / 仕入れ値 / サイズ / 素材タグ写真 / ブランドタグ写真 / 全体写真 / 状態 / メルカリ売切相場 / 角スレ写真 / 内側写真 / 付属品	内側ベタつき / 粉吹き / 合皮剥がれ / 強い臭い / ファスナー不良 / ショルダー欠品※2WAY/斜め掛け前提品	高単価ブランドで補修・清掃後も粗利が十分ある場合のみ再検討	角スレ、内側ベタつき、臭い、ファスナー不良、ショルダー/付属品欠品はありますか？	レスポートサック バッグ	LeSportsac コラボ柄	レスポートサック コラボ柄	正面 / 背面 / 底角4カ所 / 持ち手 / 内側 / ロゴ / 金具 / ファスナー / 付属品	原則見送り
v4	RULE_0021	BRD_0021	CAT_001	TRUE	SCORE_V1	https://jp.mercari.com/search?keyword=%E3%83%95%E3%82%A7%E3%82%A4%E3%83%A9%E3%83%BC%20%E3%83%90%E3%83%83%E3%82%B0	https://jp.mercari.com/search?keyword=FEILER%20%E3%83%8F%E3%83%B3%E3%82%AB%E3%83%81	https://jp.mercari.com/search?keyword=%E3%83%95%E3%82%A7%E3%82%A4%E3%83%A9%E3%83%BC%20%E3%83%8F%E3%83%B3%E3%82%AB%E3%83%81%20%E6%96%B0%E5%93%81%E3%82%BF%E3%82%B0%E4%BB%98%E3%81%8D	バッグ・小物	ユニセックス	FEILER	フェイラー	バッグ	ハンカチ／ポーチ／バッグ	通年	通年	2〜6週間	特になし	特になし	標準サイズは相場確認	標準	500〜3000	500	3000	2500〜12000	2500	12000	約1750〜7800	-750	10300	210	450	ネコポス/ゆうパケット	低	A	70	75	50	60	普通	60	中	低	0	高	-35	50	27	見送り	要検証	付属品あり/型崩れ少ない	新品タグ付き	通年需要	ベタつき / 角破れ / 内側劣化 / ショルダー欠品	ベタつき / 内側劣化 / 穴/破れ / 欠品	経年劣化 / 送料高 / 相場確認必須	フェイラー バッグ	3	正面 / 背面 / 角4カ所 / 内側 / ブランドタグ/ロゴ / ショルダー/付属品	条件が合えばリサーチ	条件一致時のみ仕入れ候補。	ブランド / 服種類 / 仕入れ値 / サイズ / 素材タグ写真 / ブランドタグ写真 / 全体写真 / 状態 / メルカリ売切相場 / 角スレ写真 / 内側写真 / 付属品	内側ベタつき / 粉吹き / 合皮剥がれ / 強い臭い / ファスナー不良 / ショルダー欠品※2WAY/斜め掛け前提品	高単価ブランドで補修・清掃後も粗利が十分ある場合のみ再検討	角スレ、内側ベタつき、臭い、ファスナー不良、ショルダー/付属品欠品はありますか？	フェイラー バッグ	FEILER ハンカチ	フェイラー ハンカチ 新品タグ付き	正面 / 背面 / 底角4カ所 / 持ち手 / 内側 / ロゴ / 金具 / ファスナー / 付属品	原則見送り
v4	RULE_0022	BRD_0022	CAT_001	TRUE	SCORE_V1	https://jp.mercari.com/search?keyword=%E3%83%96%E3%83%AC%E3%83%87%E3%82%A3%20%E3%83%90%E3%83%83%E3%82%B0	https://jp.mercari.com/search?keyword=Brady%20%E3%82%B7%E3%83%A7%E3%83%AB%E3%83%80%E3%83%BC%E3%83%90%E3%83%83%E3%82%B0	https://jp.mercari.com/search?keyword=%E3%83%96%E3%83%AC%E3%83%87%E3%82%A3%20%E3%82%B7%E3%83%A7%E3%83%AB%E3%83%80%E3%83%BC%E3%83%90%E3%83%83%E3%82%B0	バッグ・小物	ユニセックス	Brady	ブレディ	バッグ	ショルダーバッグ／AVON／ARIEL TROUT	通年	通年	2〜6週間	レザー/本革	本革/レザー	標準サイズは相場確認	標準	5000〜12000	5000	12000	15000〜30000	15000	30000	約8500〜15000	1500	22000	210	450	ネコポス/ゆうパケット	低	A	70	75	80	60	普通	60	高	低	0	高	-35	50	37	見送り	要検証	レザー/本革 / 付属品あり/型崩れ少ない	ブランド/状態次第	通年需要	ベタつき / 角破れ / 内側劣化 / ショルダー欠品	ベタつき / 内側劣化 / 穴/破れ / 欠品	経年劣化 / 汚れリスク / 送料高 / 相場確認必須	ブレディ バッグ	3	正面 / 背面 / 角4カ所 / 内側 / ブランドタグ/ロゴ / ショルダー/付属品	条件が合えばリサーチ	条件一致時のみ仕入れ候補。	ブランド / 服種類 / 仕入れ値 / サイズ / 素材タグ写真 / ブランドタグ写真 / 全体写真 / 状態 / メルカリ売切相場 / 角スレ写真 / 内側写真 / 付属品	内側ベタつき / 粉吹き / 合皮剥がれ / 強い臭い / ファスナー不良 / ショルダー欠品※2WAY/斜め掛け前提品	高単価ブランドで補修・清掃後も粗利が十分ある場合のみ再検討	角スレ、内側ベタつき、臭い、ファスナー不良、ショルダー/付属品欠品はありますか？	ブレディ バッグ	Brady ショルダーバッグ	ブレディ ショルダーバッグ	正面 / 背面 / 底角4カ所 / 持ち手 / 内側 / ロゴ / 金具 / ファスナー / 付属品	原則見送り
v4	RULE_0023	BRD_0023	CAT_001	TRUE	SCORE_V1	https://jp.mercari.com/search?keyword=%E3%82%A4%E3%83%AB%E3%83%93%E3%82%BE%E3%83%B3%E3%83%86%20%E3%83%90%E3%83%83%E3%82%B0	https://jp.mercari.com/search?keyword=Il%20Bisonte%20%E3%82%B7%E3%83%A7%E3%83%AB%E3%83%80%E3%83%BC	https://jp.mercari.com/search?keyword=%E3%82%A4%E3%83%AB%E3%83%93%E3%82%BE%E3%83%B3%E3%83%86%20%E3%82%B7%E3%83%A7%E3%83%AB%E3%83%80%E3%83%BC	バッグ・小物	ユニセックス	Il Bisonte	イルビゾンテ	バッグ	ショルダー／財布／レザーバッグ	通年	通年	2〜6週間	レザー/本革	本革/レザー	標準サイズは相場確認	標準	3000〜8000	3000	8000	9000〜22000	9000	22000	約5100〜11800	100	16800	210	450	ネコポス/ゆうパケット	低	A	70	75	80	60	普通	60	高	低	0	高	-35	50	37	見送り	要検証	レザー/本革 / 付属品あり/型崩れ少ない	ブランド/状態次第	通年需要	ベタつき / 角破れ / 内側劣化 / ショルダー欠品	ベタつき / 内側劣化 / 穴/破れ / 欠品	経年劣化 / 送料高 / 相場確認必須	イルビゾンテ バッグ	3	正面 / 背面 / 角4カ所 / 内側 / ブランドタグ/ロゴ / ショルダー/付属品	条件が合えばリサーチ	条件一致時のみ仕入れ候補。	ブランド / 服種類 / 仕入れ値 / サイズ / 素材タグ写真 / ブランドタグ写真 / 全体写真 / 状態 / メルカリ売切相場 / 角スレ写真 / 内側写真 / 付属品	内側ベタつき / 粉吹き / 合皮剥がれ / 強い臭い / ファスナー不良 / ショルダー欠品※2WAY/斜め掛け前提品	高単価ブランドで補修・清掃後も粗利が十分ある場合のみ再検討	角スレ、内側ベタつき、臭い、ファスナー不良、ショルダー/付属品欠品はありますか？	イルビゾンテ バッグ	Il Bisonte ショルダー	イルビゾンテ ショルダー	正面 / 背面 / 底角4カ所 / 持ち手 / 内側 / ロゴ / 金具 / ファスナー / 付属品	原則見送り
v4	RULE_0024	BRD_0024	CAT_001	TRUE	SCORE_V1	https://jp.mercari.com/search?keyword=%E3%82%B0%E3%83%AC%E3%82%B4%E3%83%AA%E3%83%BC%20%E3%83%90%E3%83%83%E3%82%B0	https://jp.mercari.com/search?keyword=Gregory%20%E6%97%A7%E3%82%BF%E3%82%B0	https://jp.mercari.com/search?keyword=%E3%82%B0%E3%83%AC%E3%82%B4%E3%83%AA%E3%83%BC%20%E6%97%A7%E3%82%BF%E3%82%B0	バッグ・小物	ユニセックス	Gregory	グレゴリー	バッグ	旧タグ／青タグ／デイパック	通年	通年	2〜6週間	特になし	特になし	標準サイズは相場確認	標準	3000〜8000	3000	8000	10000〜25000	10000	25000	約6000〜14500	1000	19500	210	450	ネコポス/ゆうパケット	低	A	70	75	50	60	普通	60	高	低	0	高	-35	50	34	見送り	要検証	付属品あり/型崩れ少ない	ブランド/状態次第	通年需要	ベタつき / 角破れ / 内側劣化 / ショルダー欠品	ベタつき / 内側劣化 / 穴/破れ / 欠品	経年劣化 / 送料高 / 相場確認必須	グレゴリー バッグ	3	正面 / 背面 / 角4カ所 / 内側 / ブランドタグ/ロゴ / ショルダー/付属品	条件が合えばリサーチ	条件一致時のみ仕入れ候補。	ブランド / 服種類 / 仕入れ値 / サイズ / 素材タグ写真 / ブランドタグ写真 / 全体写真 / 状態 / メルカリ売切相場 / 角スレ写真 / 内側写真 / 付属品	内側ベタつき / 粉吹き / 合皮剥がれ / 強い臭い / ファスナー不良 / ショルダー欠品※2WAY/斜め掛け前提品	高単価ブランドで補修・清掃後も粗利が十分ある場合のみ再検討	角スレ、内側ベタつき、臭い、ファスナー不良、ショルダー/付属品欠品はありますか？	グレゴリー バッグ	Gregory 旧タグ	グレゴリー 旧タグ	正面 / 背面 / 底角4カ所 / 持ち手 / 内側 / ロゴ / 金具 / ファスナー / 付属品	原則見送り
v4	RULE_0025	BRD_0025	CAT_001	TRUE	SCORE_V1	https://jp.mercari.com/search?keyword=%E3%83%88%E3%82%A5%E3%83%9F%20%E3%83%90%E3%83%83%E3%82%B0	https://jp.mercari.com/search?keyword=TUMI%20%E3%83%93%E3%82%B8%E3%83%8D%E3%82%B9%E3%83%90%E3%83%83%E3%82%B0	https://jp.mercari.com/search?keyword=%E3%83%88%E3%82%A5%E3%83%9F%20%E3%83%93%E3%82%B8%E3%83%8D%E3%82%B9%E3%83%90%E3%83%83%E3%82%B0	バッグ・小物	ユニセックス	TUMI	トゥミ	バッグ	ビジネスバッグ／リュック／Alpha系	通年	通年	2〜6週間	特になし	特になし	標準サイズは相場確認	標準	4000〜10000	4000	10000	12000〜30000	12000	30000	約6800〜17000	800	23000	210	450	ネコポス/ゆうパケット	低	A	70	75	50	60	普通	60	高	低	0	高	-35	50	34	見送り	要検証	付属品あり/型崩れ少ない	ブランド/状態次第	通年需要	ベタつき / 角破れ / 内側劣化 / ショルダー欠品	ベタつき / 内側劣化 / 穴/破れ / 欠品	経年劣化 / 送料高 / 相場確認必須	トゥミ バッグ リュック	3	正面 / 背面 / 角4カ所 / 内側 / ブランドタグ/ロゴ / ショルダー/付属品	条件が合えばリサーチ	条件一致時のみ仕入れ候補。	ブランド / 服種類 / 仕入れ値 / サイズ / 素材タグ写真 / ブランドタグ写真 / 全体写真 / 状態 / メルカリ売切相場 / 角スレ写真 / 内側写真 / 付属品	内側ベタつき / 粉吹き / 合皮剥がれ / 強い臭い / ファスナー不良 / ショルダー欠品※2WAY/斜め掛け前提品	高単価ブランドで補修・清掃後も粗利が十分ある場合のみ再検討	角スレ、内側ベタつき、臭い、ファスナー不良、ショルダー/付属品欠品はありますか？	トゥミ バッグ	TUMI ビジネスバッグ	トゥミ ビジネスバッグ	正面 / 背面 / 底角4カ所 / 持ち手 / 内側 / ロゴ / 金具 / ファスナー / 付属品	原則見送り
v4	RULE_0026	BRD_0026	CAT_001	TRUE	SCORE_V1	https://jp.mercari.com/search?keyword=%E3%83%9E%E3%83%B3%E3%83%8F%E3%83%83%E3%82%BF%E3%83%B3%E3%83%9D%E3%83%BC%E3%83%86%E3%83%BC%E3%82%B8%20%E3%83%90%E3%83%83%E3%82%B0	https://jp.mercari.com/search?keyword=Manhattan%20Portage%20%E9%99%90%E5%AE%9A%E6%9F%84	https://jp.mercari.com/search?keyword=%E3%83%9E%E3%83%B3%E3%83%8F%E3%83%83%E3%82%BF%E3%83%B3%E3%83%9D%E3%83%BC%E3%83%86%E3%83%BC%E3%82%B8%20%E9%99%90%E5%AE%9A%E6%9F%84	バッグ・小物	ユニセックス	Manhattan Portage	マンハッタンポーテージ	バッグ	限定柄／コラボ／リュック	通年	通年	3〜10週間	特になし	特になし	標準サイズは相場確認	標準	1000〜3000	1000	3000	4000〜9000	4000	9000	約2600〜5100	600	7100	210	450	ネコポス/ゆうパケット	低	B	55	75	50	60	遅め	60	低〜中	低	0	高	-35	35	22	見送り	要検証	付属品あり/型崩れ少ない	コラボ/別注	通年需要	ベタつき / 角破れ / 内側劣化 / ショルダー欠品	ベタつき / 内側劣化 / 穴/破れ / 欠品	経年劣化 / 送料高 / 相場確認必須	マンハッタンポーテージ バッグ リュック	5	正面 / 背面 / 角4カ所 / 内側 / ブランドタグ/ロゴ / ショルダー/付属品	安値のみ確認	安仕入れ・美品・相場あり限定。 回転遅めのため価格設定を保守的に。	ブランド / 服種類 / 仕入れ値 / サイズ / 素材タグ写真 / ブランドタグ写真 / 全体写真 / 状態 / メルカリ売切相場 / 角スレ写真 / 内側写真 / 付属品	内側ベタつき / 粉吹き / 合皮剥がれ / 強い臭い / ファスナー不良 / ショルダー欠品※2WAY/斜め掛け前提品	高単価ブランドで補修・清掃後も粗利が十分ある場合のみ再検討	角スレ、内側ベタつき、臭い、ファスナー不良、ショルダー/付属品欠品はありますか？	マンハッタンポーテージ バッグ	Manhattan Portage 限定柄	マンハッタンポーテージ 限定柄	正面 / 背面 / 底角4カ所 / 持ち手 / 内側 / ロゴ / 金具 / ファスナー / 付属品	原則見送り
v4	RULE_0027	BRD_0027	CAT_001	TRUE	SCORE_V1	https://jp.mercari.com/search?keyword=%E3%82%A2%E3%83%8B%E3%82%A8%E3%82%B9%E3%83%99%E3%83%BC%20%E3%83%90%E3%83%83%E3%82%B0	https://jp.mercari.com/search?keyword=agnes%20b.%20%E3%83%AD%E3%82%B4%E3%83%8A%E3%82%A4%E3%83%AD%E3%83%B3%E3%83%90%E3%83%83%E3%82%B0	https://jp.mercari.com/search?keyword=%E3%82%A2%E3%83%8B%E3%82%A8%E3%82%B9%E3%83%99%E3%83%BC%20%E3%83%AD%E3%82%B4%E3%83%8A%E3%82%A4%E3%83%AD%E3%83%B3%E3%83%90%E3%83%83%E3%82%B0	バッグ・小物	ユニセックス	agnes b.	アニエスベー	バッグ	ロゴナイロンバッグ／2WAY／リュック	通年	通年	2〜6週間	ナイロン高需要	ナイロン	標準サイズは相場確認	標準	2000〜4000	2000	4000	7000〜12000	7000	12000	約4300〜6800	2300	8800	210	450	ネコポス/ゆうパケット	低	A	70	75	65	60	普通	60	中	低	0	高	-35	50	28	見送り	要検証	ナイロン高需要 / 付属品あり/型崩れ少ない	ブランド/状態次第	通年需要	ベタつき / 角破れ / 内側劣化 / ショルダー欠品	ベタつき / 内側劣化 / 穴/破れ / 欠品	経年劣化 / 汚れリスク / 送料高 / 相場確認必須	アニエスベー バッグ リュック	3	正面 / 背面 / 角4カ所 / 内側 / ブランドタグ/ロゴ / ショルダー/付属品	条件が合えばリサーチ	条件一致時のみ仕入れ候補。	ブランド / 服種類 / 仕入れ値 / サイズ / 素材タグ写真 / ブランドタグ写真 / 全体写真 / 状態 / メルカリ売切相場 / 角スレ写真 / 内側写真 / 付属品	内側ベタつき / 粉吹き / 合皮剥がれ / 強い臭い / ファスナー不良 / ショルダー欠品※2WAY/斜め掛け前提品	高単価ブランドで補修・清掃後も粗利が十分ある場合のみ再検討	角スレ、内側ベタつき、臭い、ファスナー不良、ショルダー/付属品欠品はありますか？	アニエスベー バッグ	agnes b. ロゴナイロンバッグ	アニエスベー ロゴナイロンバッグ	正面 / 背面 / 底角4カ所 / 持ち手 / 内側 / ロゴ / 金具 / ファスナー / 付属品	原則見送り
v4	RULE_0028	BRD_0028	CAT_001	TRUE	SCORE_V1	https://jp.mercari.com/search?keyword=%E3%82%B5%E3%83%9E%E3%83%B3%E3%82%B5%E3%82%BF%E3%83%90%E3%82%B5%20%E3%83%90%E3%83%83%E3%82%B0	https://jp.mercari.com/search?keyword=Samantha%20Thavasa%20%E9%99%90%E5%AE%9A%E3%82%B3%E3%83%A9%E3%83%9C	https://jp.mercari.com/search?keyword=%E3%82%B5%E3%83%9E%E3%83%B3%E3%82%B5%E3%82%BF%E3%83%90%E3%82%B5%20%E9%99%90%E5%AE%9A%E3%82%B3%E3%83%A9%E3%83%9C%20%E3%83%AC%E3%83%BC%E3%82%B9%20%E5%88%BA%E7%B9%8D	バッグ・小物	レディース寄り	Samantha Thavasa	サマンサタバサ	バッグ	限定コラボ／ディズニー／ビジューバッグ	通年	通年	3〜10週間	刺繍/レース/ビジュー	レース / 刺繍	標準サイズは相場確認	標準	1000〜3500	1000	3500	5000〜12000	5000	12000	約3500〜7300	1000	9800	210	450	ネコポス/ゆうパケット	低	B	55	75	80	60	遅め	60	低〜中	低	0	高	-35	35	24	見送り	要検証	刺繍/レース/ビジュー / 付属品あり/型崩れ少ない	コラボ/別注 / デザイン強め	通年需要	ベタつき / 角破れ / 内側劣化 / ショルダー欠品	ベタつき / 内側劣化 / 穴/破れ / 欠品	経年劣化 / 送料高 / 相場確認必須	サマンサタバサ レース 刺繍 バッグ	5	正面 / 背面 / 角4カ所 / 内側 / ブランドタグ/ロゴ / ショルダー/付属品	安値のみ確認	安仕入れ・美品・相場あり限定。 回転遅めのため価格設定を保守的に。	ブランド / 服種類 / 仕入れ値 / サイズ / 素材タグ写真 / ブランドタグ写真 / 全体写真 / 状態 / メルカリ売切相場 / 角スレ写真 / 内側写真 / 付属品	内側ベタつき / 粉吹き / 合皮剥がれ / 強い臭い / ファスナー不良 / ショルダー欠品※2WAY/斜め掛け前提品	高単価ブランドで補修・清掃後も粗利が十分ある場合のみ再検討	角スレ、内側ベタつき、臭い、ファスナー不良、ショルダー/付属品欠品はありますか？	サマンサタバサ バッグ	Samantha Thavasa 限定コラボ	サマンサタバサ 限定コラボ レース 刺繍	正面 / 背面 / 底角4カ所 / 持ち手 / 内側 / ロゴ / 金具 / ファスナー / 付属品	原則見送り
v4	RULE_0029	BRD_0029	CAT_002	TRUE	SCORE_V1	https://jp.mercari.com/search?keyword=%E3%83%95%E3%82%A9%E3%82%AF%E3%82%B7%E3%83%BC%20%E3%83%AF%E3%83%B3%E3%83%94%E3%83%BC%E3%82%B9	https://jp.mercari.com/search?keyword=FOXEY%20%E3%83%AF%E3%83%B3%E3%83%94%E3%83%BC%E3%82%B9	https://jp.mercari.com/search?keyword=%E3%83%95%E3%82%A9%E3%82%AF%E3%82%B7%E3%83%BC%20%E3%83%AF%E3%83%B3%E3%83%94%E3%83%BC%E3%82%B9%EF%BC%8F%E3%82%B9%E3%82%AB%E3%83%BC%E3%83%88%EF%BC%8F%E3%82%AB%E3%83%BC%E3%83%87%E3%82%A3%E3%82%AC%E3%83%B3	レディース服	レディース	FOXEY	フォクシー	ワンピース	ワンピース／スカート／カーディガン	秋冬	9〜12月	1〜3週間	特になし	特になし	38/40は需要あり	標準	3000〜8000	3000	8000	9000〜25000	9000	25000	約5100〜14500	100	19500	230	750	ゆうパケットポスト〜宅急便コンパクト	中	S	85	75	50	75	早い	80	高	中	-20	中〜高	-10	75	50	慎重	高	38/40は需要あり	ブランド/状態次第	相場次第	脇汗 / 黄ばみ / 目立つシミ / 強い香水臭 / 経年劣化	シミ / 脇汗 / 黄ばみ / 内側劣化	真贋注意 / 経年劣化 / 汚れリスク	フォクシー ワンピース スカート カーディガン	3	正面 / 背面 / ブランドタグ / 素材タグ / サイズタグ / 実寸が分かる写真 / ダメージ箇所	見つけたら即リサーチ	優先確認。利益が出れば仕入れ候補。	ブランド / 服種類 / 仕入れ値 / サイズ / 素材タグ写真 / ブランドタグ写真 / 全体写真 / 状態 / メルカリ売切相場 / 真贋確認情報	脇汗 / 黄ばみ / 目立つシミ / 虫食い / 穴/破れ / ファスナー不良 / 強い臭い / 真贋不明 / 内タグ/シリアル/品質タグ欠損	ヴィンテージ/希少ブランドで状態込み相場が確認できる場合のみ / 鑑定済み・正規タグ確認・購入元信頼性ありの場合のみ	脇汗、黄ばみ、シミ、虫食い、穴、毛玉、素材タグ、サイズ表記は確認しましたか？	フォクシー ワンピース	FOXEY ワンピース	フォクシー ワンピース／スカート／カーディガン	正面 / 背面 / 首元 / 袖口 / 裾 / 毛玉箇所 / 素材タグ / ブランドタグ	条件が揃う場合のみ。迷ったら見送り
v4	RULE_0030	BRD_0030	CAT_002	TRUE	SCORE_V1	https://jp.mercari.com/search?keyword=%E3%83%88%E3%83%83%E3%82%AB%20%E3%83%AF%E3%83%B3%E3%83%94%E3%83%BC%E3%82%B9	https://jp.mercari.com/search?keyword=TOCCA%20%E5%88%BA%E7%B9%8D%E3%83%AF%E3%83%B3%E3%83%94%E3%83%BC%E3%82%B9	https://jp.mercari.com/search?keyword=%E3%83%88%E3%83%83%E3%82%AB%20%E5%88%BA%E7%B9%8D%E3%83%AF%E3%83%B3%E3%83%94%E3%83%BC%E3%82%B9%20%E3%82%A6%E3%83%BC%E3%83%AB%20%E3%83%AC%E3%83%BC%E3%82%B9	レディース服	レディース	TOCCA	トッカ	ワンピース	刺繍ワンピース／花柄ワンピース	春夏寄り	9〜12月	1〜3週間	ウール / 刺繍/レース/ビジュー	ウール / レース / 刺繍	ブランド内人気サイズ確認	標準	2500〜7000	2500	7000	8000〜20000	8000	20000	約4700〜11000	200	15500	230	750	ゆうパケットポスト〜宅急便コンパクト	中	S	85	75	80	60	早い	80	高	中	-20	中〜高	-10	75	51	慎重	高	ウール / 刺繍/レース/ビジュー / デザイン性	デザイン強め	秋冬需要	脇汗 / 黄ばみ / 目立つシミ / 強い香水臭 / 経年劣化	シミ / 脇汗 / 黄ばみ / 内側劣化 / 毛玉/毛羽立ち	真贋注意 / 経年劣化 / 汚れリスク	トッカ ワンピース レース 刺繍	3	正面 / 背面 / ブランドタグ / 素材タグ / サイズタグ / 実寸が分かる写真 / ダメージ箇所	見つけたら即リサーチ	優先確認。利益が出れば仕入れ候補。	ブランド / 服種類 / 仕入れ値 / サイズ / 素材タグ写真 / ブランドタグ写真 / 全体写真 / 状態 / メルカリ売切相場 / 真贋確認情報	脇汗 / 黄ばみ / 目立つシミ / 虫食い / 穴/破れ / ファスナー不良 / 強い臭い / 真贋不明 / 内タグ/シリアル/品質タグ欠損	ヴィンテージ/希少ブランドで状態込み相場が確認できる場合のみ / 鑑定済み・正規タグ確認・購入元信頼性ありの場合のみ	脇汗、黄ばみ、シミ、虫食い、穴、毛玉、素材タグ、サイズ表記は確認しましたか？	トッカ ワンピース	TOCCA 刺繍ワンピース	トッカ 刺繍ワンピース ウール レース	正面 / 背面 / ブランドタグ / 素材タグ / サイズタグ / 脇 / 襟 / 袖口 / 裾 / ダメージ箇所	条件が揃う場合のみ。迷ったら見送り
v4	RULE_0031	BRD_0031	CAT_002	TRUE	SCORE_V1	https://jp.mercari.com/search?keyword=%E3%82%A8%E3%83%A0%E3%82%BA%E3%82%B0%E3%83%AC%E3%82%A4%E3%82%B7%E3%83%BC%20%E3%83%AF%E3%83%B3%E3%83%94%E3%83%BC%E3%82%B9	https://jp.mercari.com/search?keyword=M%27S%20GRACY%20%E3%83%AF%E3%83%B3%E3%83%94%E3%83%BC%E3%82%B9	https://jp.mercari.com/search?keyword=%E3%82%A8%E3%83%A0%E3%82%BA%E3%82%B0%E3%83%AC%E3%82%A4%E3%82%B7%E3%83%BC%20%E3%83%AF%E3%83%B3%E3%83%94%E3%83%BC%E3%82%B9%EF%BC%8F%E3%82%B9%E3%82%AB%E3%83%BC%E3%83%88%EF%BC%8F%E3%83%AA%E3%83%9C%E3%83%B3%E3%83%BB%E8%8A%B1%E6%9F%84	レディース服	レディース	M'S GRACY	エムズグレイシー	ワンピース	ワンピース／スカート／リボン・花柄	春夏寄り	3〜8月	1〜3週間	特になし	特になし	38/40は需要あり	標準	2000〜6000	2000	6000	7000〜18000	7000	18000	約4300〜10200	300	14200	230	750	ゆうパケットポスト〜宅急便コンパクト	中	S	85	75	50	75	早い	80	高	低	0	中	-20	75	60	条件付き買い	高	38/40は需要あり / デザイン性	デザイン強め	相場次第	脇汗 / 黄ばみ / 目立つシミ / 強い香水臭	シミ / 脇汗 / 黄ばみ	汚れリスク	エムズグレイシー ワンピース スカート	3	正面 / 背面 / ブランドタグ / 素材タグ / サイズタグ / 実寸が分かる写真 / ダメージ箇所	見つけたら即リサーチ	優先確認。利益が出れば仕入れ候補。	ブランド / 服種類 / 仕入れ値 / サイズ / 素材タグ写真 / ブランドタグ写真 / 全体写真 / 状態 / メルカリ売切相場	脇汗 / 黄ばみ / 目立つシミ / 虫食い / 穴/破れ / ファスナー不良 / 強い臭い	ヴィンテージ/希少ブランドで状態込み相場が確認できる場合のみ	脇汗、黄ばみ、シミ、虫食い、穴、毛玉、素材タグ、サイズ表記は確認しましたか？	エムズグレイシー ワンピース	M'S GRACY ワンピース	エムズグレイシー ワンピース／スカート／リボン・花柄	正面 / 背面 / ブランドタグ / 素材タグ / サイズタグ / 脇 / 襟 / 袖口 / 裾 / ダメージ箇所	利益3000円以上または低仕入れなら購入候補
v4	RULE_0032	BRD_0032	CAT_002	TRUE	SCORE_V1	https://jp.mercari.com/search?keyword=%E3%82%B0%E3%83%AC%E3%83%BC%E3%82%B9%E3%82%B3%E3%83%B3%E3%83%81%E3%83%8D%E3%83%B3%E3%82%BF%E3%83%AB%20%E3%83%AF%E3%83%B3%E3%83%94%E3%83%BC%E3%82%B9	https://jp.mercari.com/search?keyword=GRACE%20CONTINENTAL%20%E5%88%BA%E7%B9%8D%E3%83%AF%E3%83%B3%E3%83%94%E3%83%BC%E3%82%B9	https://jp.mercari.com/search?keyword=%E3%82%B0%E3%83%AC%E3%83%BC%E3%82%B9%E3%82%B3%E3%83%B3%E3%83%81%E3%83%8D%E3%83%B3%E3%82%BF%E3%83%AB%20%E5%88%BA%E7%B9%8D%E3%83%AF%E3%83%B3%E3%83%94%E3%83%BC%E3%82%B9%20%E3%83%AC%E3%83%BC%E3%82%B9%20%E5%88%BA%E7%B9%8D	レディース服	レディース	GRACE CONTINENTAL	グレースコンチネンタル	ワンピース	刺繍ワンピース／ドレス／Diagram	春夏寄り	2〜4月 / 9〜11月	1〜3週間	刺繍/レース/ビジュー	レース / 刺繍	標準サイズは相場確認	標準	2000〜6000	2000	6000	7000〜18000	7000	18000	約4300〜10200	300	14200	230	750	ゆうパケットポスト〜宅急便コンパクト	中	S	85	75	80	60	早い	80	高	低	0	中〜高	-10	60	70	条件付き買い	要検証	刺繍/レース/ビジュー / 式典・結婚式需要 / デザイン性	オケージョン / デザイン強め	相場次第	脇汗 / 黄ばみ / 目立つシミ / 強い香水臭 / 経年劣化	シミ / 脇汗 / 黄ばみ / 内側劣化	経年劣化 / 汚れリスク / 相場確認必須	グレースコンチネンタル ワンピース レース 刺繍 ドレス	3	正面 / 背面 / ブランドタグ / 素材タグ / サイズタグ / 実寸が分かる写真 / ダメージ箇所	見つけたら即リサーチ	優先確認。利益が出れば仕入れ候補。	ブランド / 服種類 / 仕入れ値 / サイズ / 素材タグ写真 / ブランドタグ写真 / 全体写真 / 状態 / メルカリ売切相場	脇汗 / 黄ばみ / 目立つシミ / 虫食い / 穴/破れ / ファスナー不良 / 強い臭い	ヴィンテージ/希少ブランドで状態込み相場が確認できる場合のみ	レースほつれ、ビジュー欠け、脇汗、裏地汚れ、ファスナー不良はありますか？	グレースコンチネンタル ワンピース	GRACE CONTINENTAL 刺繍ワンピース	グレースコンチネンタル 刺繍ワンピース レース 刺繍	正面 / 背面 / ブランドタグ / 素材タグ / サイズタグ / 脇 / 襟 / 袖口 / 裾 / ダメージ箇所	利益3000円以上または低仕入れなら購入候補
v4	RULE_0033	BRD_0033	CAT_002	TRUE	SCORE_V1	https://jp.mercari.com/search?keyword=%E3%83%80%E3%82%A4%E3%82%A2%E3%82%B0%E3%83%A9%E3%83%A0%20%E3%83%AF%E3%83%B3%E3%83%94%E3%83%BC%E3%82%B9	https://jp.mercari.com/search?keyword=Diagram%20%E3%83%AF%E3%83%B3%E3%83%94%E3%83%BC%E3%82%B9	https://jp.mercari.com/search?keyword=%E3%83%80%E3%82%A4%E3%82%A2%E3%82%B0%E3%83%A9%E3%83%A0%20%E3%83%AF%E3%83%B3%E3%83%94%E3%83%BC%E3%82%B9%20%E3%83%AC%E3%83%BC%E3%82%B9%20%E5%88%BA%E7%B9%8D	レディース服	レディース	Diagram	ダイアグラム	ワンピース	ワンピース／ドレス／刺繍アイテム	春夏寄り	2〜4月 / 9〜11月	1〜3週間	刺繍/レース/ビジュー	レース / 刺繍	標準サイズは相場確認	標準	2000〜6000	2000	6000	7000〜18000	7000	18000	約4300〜10200	300	14200	230	750	ゆうパケットポスト〜宅急便コンパクト	中	S	85	75	80	60	早い	80	高	低	0	中〜高	-10	60	70	条件付き買い	要検証	刺繍/レース/ビジュー / 式典・結婚式需要 / デザイン性	オケージョン / デザイン強め	相場次第	脇汗 / 黄ばみ / 目立つシミ / 強い香水臭 / 経年劣化	シミ / 脇汗 / 黄ばみ / 内側劣化	経年劣化 / 汚れリスク / 相場確認必須	ダイアグラム ワンピース レース 刺繍 ドレス	3	正面 / 背面 / ブランドタグ / 素材タグ / サイズタグ / 実寸が分かる写真 / ダメージ箇所	見つけたら即リサーチ	優先確認。利益が出れば仕入れ候補。	ブランド / 服種類 / 仕入れ値 / サイズ / 素材タグ写真 / ブランドタグ写真 / 全体写真 / 状態 / メルカリ売切相場	脇汗 / 黄ばみ / 目立つシミ / 虫食い / 穴/破れ / ファスナー不良 / 強い臭い	ヴィンテージ/希少ブランドで状態込み相場が確認できる場合のみ	レースほつれ、ビジュー欠け、脇汗、裏地汚れ、ファスナー不良はありますか？	ダイアグラム ワンピース	Diagram ワンピース	ダイアグラム ワンピース レース 刺繍	正面 / 背面 / ブランドタグ / 素材タグ / サイズタグ / 脇 / 襟 / 袖口 / 裾 / ダメージ箇所	利益3000円以上または低仕入れなら購入候補
v4	RULE_0034	BRD_0034	CAT_002	TRUE	SCORE_V1	https://jp.mercari.com/search?keyword=%E3%82%B9%E3%83%8A%E3%82%A4%E3%83%87%E3%83%AB%20%E3%83%AF%E3%83%B3%E3%83%94%E3%83%BC%E3%82%B9	https://jp.mercari.com/search?keyword=SNIDEL%20%E6%96%B0%E5%93%81%E3%82%BF%E3%82%B0%E4%BB%98%E3%81%8D%E3%83%AF%E3%83%B3%E3%83%94%E3%83%BC%E3%82%B9	https://jp.mercari.com/search?keyword=%E3%82%B9%E3%83%8A%E3%82%A4%E3%83%87%E3%83%AB%20%E6%96%B0%E5%93%81%E3%82%BF%E3%82%B0%E4%BB%98%E3%81%8D%E3%83%AF%E3%83%B3%E3%83%94%E3%83%BC%E3%82%B9%20%E6%96%B0%E5%93%81%E3%82%BF%E3%82%B0%E4%BB%98%E3%81%8D	レディース服	レディース	SNIDEL	スナイデル	ワンピース	新品タグ付きワンピース／人気品番	春夏寄り	3〜8月	1〜3週間	特になし	特になし	標準サイズは相場確認	標準	2000〜5000	2000	5000	7000〜16000	7000	16000	約4300〜9400	1300	12400	230	750	ゆうパケットポスト〜宅急便コンパクト	中	S	85	75	50	60	早い	80	高	低	0	中	-20	60	56	慎重	要検証	新品タグ付き / 近年/品番判明	新品タグ付き / 人気品番/近年モデル	相場次第	脇汗 / 黄ばみ / 目立つシミ / 強い香水臭	シミ / 脇汗 / 黄ばみ	汚れリスク / 相場確認必須	スナイデル ワンピース 新品タグ付き	3	正面 / 背面 / ブランドタグ / 素材タグ / サイズタグ / 実寸が分かる写真 / ダメージ箇所	見つけたら即リサーチ	優先確認。利益が出れば仕入れ候補。	ブランド / 服種類 / 仕入れ値 / サイズ / 素材タグ写真 / ブランドタグ写真 / 全体写真 / 状態 / メルカリ売切相場	脇汗 / 黄ばみ / 目立つシミ / 虫食い / 穴/破れ / ファスナー不良 / 強い臭い	ヴィンテージ/希少ブランドで状態込み相場が確認できる場合のみ	脇汗、黄ばみ、シミ、虫食い、穴、毛玉、素材タグ、サイズ表記は確認しましたか？	スナイデル ワンピース	SNIDEL 新品タグ付きワンピース	スナイデル 新品タグ付きワンピース 新品タグ付き	正面 / 背面 / ブランドタグ / 素材タグ / サイズタグ / 脇 / 襟 / 袖口 / 裾 / ダメージ箇所	条件が揃う場合のみ。迷ったら見送り
v4	RULE_0035	BRD_0035	CAT_002	TRUE	SCORE_V1	https://jp.mercari.com/search?keyword=%E3%83%95%E3%83%AC%E3%82%A4%E3%82%A2%E3%82%A4%E3%83%87%E3%82%A3%E3%83%BC%20%E3%83%AF%E3%83%B3%E3%83%94%E3%83%BC%E3%82%B9	https://jp.mercari.com/search?keyword=FRAY%20I.D%20%E3%83%AF%E3%83%B3%E3%83%94%E3%83%BC%E3%82%B9	https://jp.mercari.com/search?keyword=%E3%83%95%E3%83%AC%E3%82%A4%E3%82%A2%E3%82%A4%E3%83%87%E3%82%A3%E3%83%BC%20%E3%83%AF%E3%83%B3%E3%83%94%E3%83%BC%E3%82%B9%EF%BC%8F%E3%82%BB%E3%83%83%E3%83%88%E3%82%A2%E3%83%83%E3%83%97%EF%BC%8F%E3%83%89%E3%83%AC%E3%82%B9	レディース服	レディース	FRAY I.D	フレイアイディー	ワンピース	ワンピース／セットアップ／ドレス	通年	2〜4月 / 9〜11月	2〜6週間	特になし	特になし	標準サイズは相場確認	標準	2000〜5000	2000	5000	7000〜15000	7000	15000	約4300〜8500	1300	11500	230	750	ゆうパケットポスト〜宅急便コンパクト	中	A	70	75	50	60	普通	60	中	低	0	中	-20	50	42	慎重	要検証	式典・結婚式需要	人気品番/近年モデル / オケージョン	相場次第	脇汗 / 黄ばみ / 目立つシミ / 強い香水臭	シミ / 脇汗 / 黄ばみ	汚れリスク / 相場確認必須	フレイアイディー ワンピース ドレス	3	正面 / 背面 / ブランドタグ / 素材タグ / サイズタグ / 実寸が分かる写真 / ダメージ箇所	条件が合えばリサーチ	条件一致時のみ仕入れ候補。	ブランド / 服種類 / 仕入れ値 / サイズ / 素材タグ写真 / ブランドタグ写真 / 全体写真 / 状態 / メルカリ売切相場	脇汗 / テカリ強い / 股スレ / 裾破れ / 上下サイズ違い	新品タグ付き・大きいサイズ・低単価なら慎重に再確認	脇汗、襟汚れ、袖口汚れ、パンツ股スレ、上下サイズ一致は確認しましたか？	フレイアイディー ワンピース	FRAY I.D ワンピース	フレイアイディー ワンピース／セットアップ／ドレス	上下全体 / ブランドタグ / 素材タグ / 脇 / 襟 / 袖口 / パンツ股 / 裾 / サイズ表記	条件が揃う場合のみ。迷ったら見送り
v4	RULE_0036	BRD_0036	CAT_002	TRUE	SCORE_V1	https://jp.mercari.com/search?keyword=%E3%82%BB%E3%83%AB%E3%83%95%E3%82%A9%E3%83%BC%E3%83%89%20%E3%83%AF%E3%83%B3%E3%83%94%E3%83%BC%E3%82%B9	https://jp.mercari.com/search?keyword=CELFORD%20%E3%83%AF%E3%83%B3%E3%83%94%E3%83%BC%E3%82%B9	https://jp.mercari.com/search?keyword=%E3%82%BB%E3%83%AB%E3%83%95%E3%82%A9%E3%83%BC%E3%83%89%20%E3%83%AF%E3%83%B3%E3%83%94%E3%83%BC%E3%82%B9%EF%BC%8F%E3%83%96%E3%83%A9%E3%82%A6%E3%82%B9%EF%BC%8F%E3%83%95%E3%82%A9%E3%83%BC%E3%83%9E%E3%83%AB%E7%B3%BB	レディース服	レディース	CELFORD	セルフォード	ワンピース	ワンピース／ブラウス／フォーマル系	通年	2〜4月 / 9〜11月	1〜3週間	特になし	特になし	標準サイズは相場確認	標準	2500〜6000	2500	6000	8000〜18000	8000	18000	約4700〜10200	1200	13700	230	750	ゆうパケットポスト〜宅急便コンパクト	中	S	85	75	50	60	早い	80	高	低	0	中	-20	60	56	慎重	要検証	式典・結婚式需要	人気品番/近年モデル / オケージョン	相場次第	脇汗 / 黄ばみ / 目立つシミ / 強い香水臭	シミ / 脇汗 / 黄ばみ	汚れリスク / 相場確認必須	セルフォード ワンピース ブラウス フォーマル	3	正面 / 背面 / ブランドタグ / 素材タグ / サイズタグ / 実寸が分かる写真 / ダメージ箇所	見つけたら即リサーチ	優先確認。利益が出れば仕入れ候補。	ブランド / 服種類 / 仕入れ値 / サイズ / 素材タグ写真 / ブランドタグ写真 / 全体写真 / 状態 / メルカリ売切相場	脇汗 / 黄ばみ / 目立つシミ / 虫食い / 穴/破れ / ファスナー不良 / 強い臭い	ヴィンテージ/希少ブランドで状態込み相場が確認できる場合のみ	レースほつれ、ビジュー欠け、脇汗、裏地汚れ、ファスナー不良はありますか？	セルフォード ワンピース	CELFORD ワンピース	セルフォード ワンピース／ブラウス／フォーマル系	正面 / 背面 / ブランドタグ / 素材タグ / サイズタグ / 脇 / 襟 / 袖口 / 裾 / ダメージ箇所	条件が揃う場合のみ。迷ったら見送り
v4	RULE_0037	BRD_0037	CAT_002	TRUE	SCORE_V1	https://jp.mercari.com/search?keyword=%E3%83%AA%E3%83%AA%E3%83%BC%E3%83%96%E3%83%A9%E3%82%A6%E3%83%B3%20%E3%83%AF%E3%83%B3%E3%83%94%E3%83%BC%E3%82%B9	https://jp.mercari.com/search?keyword=LILY%20BROWN%20%E3%83%AF%E3%83%B3%E3%83%94%E3%83%BC%E3%82%B9	https://jp.mercari.com/search?keyword=%E3%83%AA%E3%83%AA%E3%83%BC%E3%83%96%E3%83%A9%E3%82%A6%E3%83%B3%20%E3%83%AF%E3%83%B3%E3%83%94%E3%83%BC%E3%82%B9%20%E6%96%B0%E5%93%81%E3%82%BF%E3%82%B0%E4%BB%98%E3%81%8D	レディース服	レディース	LILY BROWN	リリーブラウン	ワンピース	ワンピース／MARY QUANTコラボ	春夏寄り	3〜8月	2〜6週間	特になし	特になし	標準サイズは相場確認	標準	1000〜4000	1000	4000	5000〜13000	5000	13000	約3500〜7700	500	10700	230	750	ゆうパケットポスト〜宅急便コンパクト	中	A	70	75	50	60	普通	60	中	低	0	中	-20	50	42	慎重	要検証	美品・相場あり・利益あり	新品タグ付き / 人気品番/近年モデル / コラボ/別注	相場次第	脇汗 / 黄ばみ / 目立つシミ / 強い香水臭	シミ / 脇汗 / 黄ばみ	汚れリスク / 相場確認必須	リリーブラウン ワンピース	3	正面 / 背面 / ブランドタグ / 素材タグ / サイズタグ / 実寸が分かる写真 / ダメージ箇所	条件が合えばリサーチ	条件一致時のみ仕入れ候補。	ブランド / 服種類 / 仕入れ値 / サイズ / 素材タグ写真 / ブランドタグ写真 / 全体写真 / 状態 / メルカリ売切相場	脇汗 / 黄ばみ / 目立つシミ / 虫食い / 穴/破れ / ファスナー不良 / 強い臭い	ヴィンテージ/希少ブランドで状態込み相場が確認できる場合のみ	脇汗、黄ばみ、シミ、虫食い、穴、毛玉、素材タグ、サイズ表記は確認しましたか？	リリーブラウン ワンピース	LILY BROWN ワンピース	リリーブラウン ワンピース 新品タグ付き	正面 / 背面 / ブランドタグ / 素材タグ / サイズタグ / 脇 / 襟 / 袖口 / 裾 / ダメージ箇所	条件が揃う場合のみ。迷ったら見送り
v4	RULE_0038	BRD_0038	CAT_002	TRUE	SCORE_V1	https://jp.mercari.com/search?keyword=%E3%83%9F%E3%83%A9%E3%82%AA%E3%83%BC%E3%82%A6%E3%82%A7%E3%83%B3%20%E3%83%AF%E3%83%B3%E3%83%94%E3%83%BC%E3%82%B9	https://jp.mercari.com/search?keyword=Mila%20Owen%20%E3%82%BB%E3%83%83%E3%83%88%E3%82%A2%E3%83%83%E3%83%97	https://jp.mercari.com/search?keyword=%E3%83%9F%E3%83%A9%E3%82%AA%E3%83%BC%E3%82%A6%E3%82%A7%E3%83%B3%20%E3%82%BB%E3%83%83%E3%83%88%E3%82%A2%E3%83%83%E3%83%97%20%E3%83%AA%E3%83%8D%E3%83%B3	レディース服	レディース	Mila Owen	ミラオーウェン	ワンピース	セットアップ／ワンピース／リネン系	春夏	3〜8月	3〜10週間	リネン/麻	リネン	標準サイズは相場確認	標準	1000〜3000	1000	3000	4000〜9000	4000	9000	約2600〜5100	600	7100	230	750	ゆうパケットポスト〜宅急便コンパクト	中	B	55	75	80	60	遅め	60	低〜中	低	0	中	-20	35	40	慎重	要検証	リネン/麻 / 春夏需要	ブランド/状態次第	春夏需要 / ナチュラル系	脇汗 / 黄ばみ / 目立つシミ / 強い香水臭	シミ / 脇汗 / 黄ばみ	汚れリスク / 相場確認必須	ミラオーウェン ワンピース リネン	5	正面 / 背面 / ブランドタグ / 素材タグ / サイズタグ / 実寸が分かる写真 / ダメージ箇所	安値のみ確認	安仕入れ・美品・相場あり限定。 回転遅めのため価格設定を保守的に。	ブランド / 服種類 / 仕入れ値 / サイズ / 素材タグ写真 / ブランドタグ写真 / 全体写真 / 状態 / メルカリ売切相場	脇汗 / テカリ強い / 股スレ / 裾破れ / 上下サイズ違い	新品タグ付き・大きいサイズ・低単価なら慎重に再確認	脇汗、襟汚れ、袖口汚れ、パンツ股スレ、上下サイズ一致は確認しましたか？	ミラオーウェン ワンピース	Mila Owen セットアップ	ミラオーウェン セットアップ リネン	上下全体 / ブランドタグ / 素材タグ / 脇 / 襟 / 袖口 / パンツ股 / 裾 / サイズ表記	条件が揃う場合のみ。迷ったら見送り
v4	RULE_0039	BRD_0039	CAT_002	TRUE	SCORE_V1	https://jp.mercari.com/search?keyword=%E3%82%A2%E3%83%97%E3%83%AF%E3%82%A4%E3%82%B6%E3%83%BC%E3%83%AA%E3%83%83%E3%82%B7%E3%82%A7%20%E3%83%AF%E3%83%B3%E3%83%94%E3%83%BC%E3%82%B9	https://jp.mercari.com/search?keyword=Apuweiser-riche%20%E3%83%AF%E3%83%B3%E3%83%94%E3%83%BC%E3%82%B9	https://jp.mercari.com/search?keyword=%E3%82%A2%E3%83%97%E3%83%AF%E3%82%A4%E3%82%B6%E3%83%BC%E3%83%AA%E3%83%83%E3%82%B7%E3%82%A7%20%E3%83%AF%E3%83%B3%E3%83%94%E3%83%BC%E3%82%B9%20%E6%96%B0%E5%93%81%E3%82%BF%E3%82%B0%E4%BB%98%E3%81%8D	レディース服	レディース	Apuweiser-riche	アプワイザーリッシェ	ワンピース	ワンピース／ニット／スカート	秋冬	9〜12月	2〜6週間	特になし	特になし	標準サイズは相場確認	標準	1000〜3500	1000	3500	5000〜12000	5000	12000	約3500〜7300	1000	9800	230	750	ゆうパケットポスト〜宅急便コンパクト	中	A	70	75	50	60	普通	60	中	低	0	中〜高	-10	50	52	慎重	要検証	美品・相場あり・利益あり	新品タグ付き	秋冬需要	脇汗 / 黄ばみ / 目立つシミ / 強い香水臭 / 経年劣化	シミ / 脇汗 / 黄ばみ / 内側劣化	経年劣化 / 汚れリスク / 相場確認必須	アプワイザーリッシェ ワンピース スカート ニット	3	正面 / 背面 / ブランドタグ / 素材タグ / サイズタグ / 実寸が分かる写真 / ダメージ箇所	条件が合えばリサーチ	条件一致時のみ仕入れ候補。	ブランド / 服種類 / 仕入れ値 / サイズ / 素材タグ写真 / ブランドタグ写真 / 全体写真 / 状態 / メルカリ売切相場	脇汗 / 黄ばみ / 目立つシミ / 虫食い / 穴/破れ / ファスナー不良 / 強い臭い	ヴィンテージ/希少ブランドで状態込み相場が確認できる場合のみ	脇汗、黄ばみ、シミ、虫食い、穴、毛玉、素材タグ、サイズ表記は確認しましたか？	アプワイザーリッシェ ワンピース	Apuweiser-riche ワンピース	アプワイザーリッシェ ワンピース 新品タグ付き	正面 / 背面 / ブランドタグ / 素材タグ / サイズタグ / 脇 / 襟 / 袖口 / 裾 / ダメージ箇所	条件が揃う場合のみ。迷ったら見送り
v4	RULE_0040	BRD_0040	CAT_002	TRUE	SCORE_V1	https://jp.mercari.com/search?keyword=%E3%82%B8%E3%83%A3%E3%82%B9%E3%82%B0%E3%83%AA%E3%83%83%E3%83%86%E3%82%A3%E3%83%BC%20%E3%83%AF%E3%83%B3%E3%83%94%E3%83%BC%E3%82%B9	https://jp.mercari.com/search?keyword=JUSGLITTY%20%E3%83%AF%E3%83%B3%E3%83%94%E3%83%BC%E3%82%B9	https://jp.mercari.com/search?keyword=%E3%82%B8%E3%83%A3%E3%82%B9%E3%82%B0%E3%83%AA%E3%83%83%E3%83%86%E3%82%A3%E3%83%BC%20%E3%83%AF%E3%83%B3%E3%83%94%E3%83%BC%E3%82%B9%EF%BC%8F%E3%82%B9%E3%82%AB%E3%83%BC%E3%83%88%EF%BC%8F%E3%82%B3%E3%83%BC%E3%83%88	レディース服	レディース	JUSGLITTY	ジャスグリッティー	ワンピース	ワンピース／スカート／コート	秋冬	9〜12月	2〜8週間	特になし	特になし	標準サイズは相場確認	標準	1000〜3500	1000	3500	5000〜12000	5000	12000	約3500〜7300	1000	9800	750	1200	宅急便60〜100	高	A	70	75	50	60	普通	60	中	低	0	中	-20	50	42	慎重	要検証	美品・相場あり・利益あり	ブランド/状態次第	秋冬需要 / 大人きれいめ	脇汗 / 黄ばみ / 目立つシミ / 強い香水臭	シミ / 脇汗 / 黄ばみ	汚れリスク / 送料高 / 相場確認必須	ジャスグリッティー ワンピース スカート コート	3	正面 / 背面 / ブランドタグ / 素材タグ / サイズタグ / 実寸が分かる写真 / ダメージ箇所	条件が合えばリサーチ	条件一致時のみ仕入れ候補。	ブランド / 服種類 / 仕入れ値 / サイズ / 素材タグ写真 / ブランドタグ写真 / 全体写真 / 状態 / メルカリ売切相場	脇汗 / 黄ばみ / 目立つシミ / 虫食い / 穴/破れ / ファスナー不良 / 強い臭い	ヴィンテージ/希少ブランドで状態込み相場が確認できる場合のみ	脇汗、黄ばみ、シミ、虫食い、穴、毛玉、素材タグ、サイズ表記は確認しましたか？	ジャスグリッティー ワンピース	JUSGLITTY ワンピース	ジャスグリッティー ワンピース／スカート／コート	正面 / 背面 / ブランドタグ / 素材タグ / サイズタグ / 脇 / 襟 / 袖口 / 裾 / ダメージ箇所	条件が揃う場合のみ。迷ったら見送り
v4	RULE_0041	BRD_0041	CAT_002	TRUE	SCORE_V1	https://jp.mercari.com/search?keyword=%E3%83%AA%E3%83%A9%E3%83%B3%E3%83%89%E3%83%81%E3%83%A5%E3%83%BC%E3%83%AB%20%E3%83%AF%E3%83%B3%E3%83%94%E3%83%BC%E3%82%B9	https://jp.mercari.com/search?keyword=Rirandture%20%E3%83%AF%E3%83%B3%E3%83%94%E3%83%BC%E3%82%B9	https://jp.mercari.com/search?keyword=%E3%83%AA%E3%83%A9%E3%83%B3%E3%83%89%E3%83%81%E3%83%A5%E3%83%BC%E3%83%AB%20%E3%83%AF%E3%83%B3%E3%83%94%E3%83%BC%E3%82%B9%20%E6%96%B0%E5%93%81%E3%82%BF%E3%82%B0%E4%BB%98%E3%81%8D	レディース服	レディース	Rirandture	リランドチュール	ワンピース	ワンピース／セットアップ	通年	通年	2〜6週間	特になし	特になし	標準サイズは相場確認	標準	1000〜3500	1000	3500	5000〜11000	5000	11000	約3500〜6400	1000	8900	230	750	ゆうパケットポスト〜宅急便コンパクト	中	A	70	75	50	60	普通	60	中	低	0	中	-20	50	42	慎重	要検証	美品・相場あり・利益あり	新品タグ付き / デザイン強め	相場次第	脇汗 / 黄ばみ / 目立つシミ / 強い香水臭	シミ / 脇汗 / 黄ばみ	汚れリスク / 相場確認必須	リランドチュール ワンピース	3	正面 / 背面 / ブランドタグ / 素材タグ / サイズタグ / 実寸が分かる写真 / ダメージ箇所	条件が合えばリサーチ	条件一致時のみ仕入れ候補。	ブランド / 服種類 / 仕入れ値 / サイズ / 素材タグ写真 / ブランドタグ写真 / 全体写真 / 状態 / メルカリ売切相場	脇汗 / テカリ強い / 股スレ / 裾破れ / 上下サイズ違い	新品タグ付き・大きいサイズ・低単価なら慎重に再確認	脇汗、襟汚れ、袖口汚れ、パンツ股スレ、上下サイズ一致は確認しましたか？	リランドチュール ワンピース	Rirandture ワンピース	リランドチュール ワンピース 新品タグ付き	上下全体 / ブランドタグ / 素材タグ / 脇 / 襟 / 袖口 / パンツ股 / 裾 / サイズ表記	条件が揃う場合のみ。迷ったら見送り
v4	RULE_0042	BRD_0042	CAT_002	TRUE	SCORE_V1	https://jp.mercari.com/search?keyword=%E3%83%9E%E3%82%A4%E3%82%B9%E3%83%88%E3%83%A9%E3%83%BC%E3%83%80%20%E3%83%AF%E3%83%B3%E3%83%94%E3%83%BC%E3%82%B9	https://jp.mercari.com/search?keyword=Mystrada%20%E3%83%AF%E3%83%B3%E3%83%94%E3%83%BC%E3%82%B9	https://jp.mercari.com/search?keyword=%E3%83%9E%E3%82%A4%E3%82%B9%E3%83%88%E3%83%A9%E3%83%BC%E3%83%80%20%E3%83%AF%E3%83%B3%E3%83%94%E3%83%BC%E3%82%B9%EF%BC%8F%E3%83%8B%E3%83%83%E3%83%88%EF%BC%8F%E3%82%B9%E3%82%AB%E3%83%BC%E3%83%88	レディース服	レディース	Mystrada	マイストラーダ	ワンピース	ワンピース／ニット／スカート	秋冬	9〜12月	2〜6週間	特になし	特になし	標準サイズは相場確認	標準	1000〜3500	1000	3500	5000〜12000	5000	12000	約3500〜7300	1000	9800	230	750	ゆうパケットポスト〜宅急便コンパクト	中	A	70	75	50	60	普通	60	中	低	0	中〜高	-10	50	52	慎重	要検証	美品・相場あり・利益あり	人気品番/近年モデル	秋冬需要 / 大人きれいめ	脇汗 / 黄ばみ / 目立つシミ / 強い香水臭 / 経年劣化	シミ / 脇汗 / 黄ばみ / 内側劣化	経年劣化 / 汚れリスク / 相場確認必須	マイストラーダ ワンピース スカート ニット	3	正面 / 背面 / ブランドタグ / 素材タグ / サイズタグ / 実寸が分かる写真 / ダメージ箇所	条件が合えばリサーチ	条件一致時のみ仕入れ候補。	ブランド / 服種類 / 仕入れ値 / サイズ / 素材タグ写真 / ブランドタグ写真 / 全体写真 / 状態 / メルカリ売切相場	脇汗 / 黄ばみ / 目立つシミ / 虫食い / 穴/破れ / ファスナー不良 / 強い臭い	ヴィンテージ/希少ブランドで状態込み相場が確認できる場合のみ	脇汗、黄ばみ、シミ、虫食い、穴、毛玉、素材タグ、サイズ表記は確認しましたか？	マイストラーダ ワンピース	Mystrada ワンピース	マイストラーダ ワンピース／ニット／スカート	正面 / 背面 / ブランドタグ / 素材タグ / サイズタグ / 脇 / 襟 / 袖口 / 裾 / ダメージ箇所	条件が揃う場合のみ。迷ったら見送り
v4	RULE_0043	BRD_0043	CAT_002	TRUE	SCORE_V1	https://jp.mercari.com/search?keyword=%E3%82%B8%E3%83%AB%E3%82%B9%E3%83%81%E3%83%A5%E3%82%A2%E3%83%BC%E3%83%88%20%E3%83%AF%E3%83%B3%E3%83%94%E3%83%BC%E3%82%B9	https://jp.mercari.com/search?keyword=JILL%20STUART%20%E3%83%AF%E3%83%B3%E3%83%94%E3%83%BC%E3%82%B9	https://jp.mercari.com/search?keyword=%E3%82%B8%E3%83%AB%E3%82%B9%E3%83%81%E3%83%A5%E3%82%A2%E3%83%BC%E3%83%88%20%E3%83%AF%E3%83%B3%E3%83%94%E3%83%BC%E3%82%B9%20%E3%83%AC%E3%83%BC%E3%82%B9%20%E5%88%BA%E7%B9%8D	レディース服	レディース	JILL STUART	ジルスチュアート	ワンピース	ワンピース／ドレス／花柄	春夏寄り	2〜4月 / 9〜11月	2〜6週間	刺繍/レース/ビジュー	レース / 刺繍	標準サイズは相場確認	標準	1000〜4000	1000	4000	5000〜13000	5000	13000	約3500〜7700	500	10700	230	750	ゆうパケットポスト〜宅急便コンパクト	中	A	70	75	80	60	普通	60	中	低	0	中〜高	-10	50	55	慎重	要検証	刺繍/レース/ビジュー / 式典・結婚式需要 / デザイン性	オケージョン / デザイン強め	相場次第	脇汗 / 黄ばみ / 目立つシミ / 強い香水臭 / 経年劣化	シミ / 脇汗 / 黄ばみ / 内側劣化	経年劣化 / 汚れリスク / 相場確認必須	ジルスチュアート ワンピース レース 刺繍 ドレス	3	正面 / 背面 / ブランドタグ / 素材タグ / サイズタグ / 実寸が分かる写真 / ダメージ箇所	条件が合えばリサーチ	条件一致時のみ仕入れ候補。	ブランド / 服種類 / 仕入れ値 / サイズ / 素材タグ写真 / ブランドタグ写真 / 全体写真 / 状態 / メルカリ売切相場	脇汗 / 黄ばみ / 目立つシミ / 虫食い / 穴/破れ / ファスナー不良 / 強い臭い	ヴィンテージ/希少ブランドで状態込み相場が確認できる場合のみ	レースほつれ、ビジュー欠け、脇汗、裏地汚れ、ファスナー不良はありますか？	ジルスチュアート ワンピース	JILL STUART ワンピース	ジルスチュアート ワンピース レース 刺繍	正面 / 背面 / ブランドタグ / 素材タグ / サイズタグ / 脇 / 襟 / 袖口 / 裾 / ダメージ箇所	条件が揃う場合のみ。迷ったら見送り
v4	RULE_0044	BRD_0044	CAT_002	TRUE	SCORE_V1	https://jp.mercari.com/search?keyword=%E3%82%B8%E3%83%AB%E3%83%90%E3%82%A4%E3%82%B8%E3%83%AB%E3%82%B9%E3%83%81%E3%83%A5%E3%82%A2%E3%83%BC%E3%83%88%20%E3%83%90%E3%83%83%E3%82%B0	https://jp.mercari.com/search?keyword=JILL%20by%20JILLSTUART%20%E3%83%90%E3%83%83%E3%82%B0	https://jp.mercari.com/search?keyword=%E3%82%B8%E3%83%AB%E3%83%90%E3%82%A4%E3%82%B8%E3%83%AB%E3%82%B9%E3%83%81%E3%83%A5%E3%82%A2%E3%83%BC%E3%83%88%20%E3%83%90%E3%83%83%E3%82%B0%EF%BC%8F%E3%83%AF%E3%83%B3%E3%83%94%E3%83%BC%E3%82%B9%EF%BC%8F%E3%83%AA%E3%83%9C%E3%83%B3%E7%B3%BB	レディース服	レディース	JILL by JILLSTUART	ジルバイジルスチュアート	バッグ	バッグ／ワンピース／リボン系	通年	通年	3〜10週間	特になし	特になし	標準サイズは相場確認	標準	1000〜3000	1000	3000	4000〜9000	4000	9000	約2600〜5100	600	7100	750	1050	宅急便60〜80	高	B	55	75	50	60	遅め	60	低〜中	低	0	高	-35	35	22	見送り	要検証	美品・相場あり・利益あり	ブランド/状態次第	通年需要	ベタつき / 角破れ / 内側劣化 / ショルダー欠品	ベタつき / 内側劣化 / 穴/破れ / 欠品	経年劣化 / 送料高 / 相場確認必須	ジルバイジルスチュアート ワンピース バッグ	5	正面 / 背面 / 角4カ所 / 内側 / ブランドタグ/ロゴ / ショルダー/付属品	安値のみ確認	安仕入れ・美品・相場あり限定。 回転遅めのため価格設定を保守的に。	ブランド / 服種類 / 仕入れ値 / サイズ / 素材タグ写真 / ブランドタグ写真 / 全体写真 / 状態 / メルカリ売切相場	内側ベタつき / 粉吹き / 合皮剥がれ / 強い臭い / ファスナー不良 / ショルダー欠品※2WAY/斜め掛け前提品	高単価ブランドで補修・清掃後も粗利が十分ある場合のみ再検討	角スレ、内側ベタつき、臭い、ファスナー不良、ショルダー/付属品欠品はありますか？	ジルバイジルスチュアート バッグ	JILL by JILLSTUART バッグ	ジルバイジルスチュアート バッグ／ワンピース／リボン系	正面 / 背面 / 底角4カ所 / 持ち手 / 内側 / ロゴ / 金具 / ファスナー / 付属品	原則見送り
v4	RULE_0045	BRD_0045	CAT_002	TRUE	SCORE_V1	https://jp.mercari.com/search?keyword=%E3%83%94%E3%83%B3%E3%82%AF%E3%83%8F%E3%82%A6%E3%82%B9%20%E3%83%AF%E3%83%B3%E3%83%94%E3%83%BC%E3%82%B9	https://jp.mercari.com/search?keyword=PINK%20HOUSE%20%E3%83%96%E3%83%A9%E3%82%A6%E3%82%B9	https://jp.mercari.com/search?keyword=%E3%83%94%E3%83%B3%E3%82%AF%E3%83%8F%E3%82%A6%E3%82%B9%20%E3%83%96%E3%83%A9%E3%82%A6%E3%82%B9%20%E3%83%AC%E3%83%BC%E3%82%B9%20%E5%88%BA%E7%B9%8D	レディース服	レディース	PINK HOUSE	ピンクハウス	ワンピース	ブラウス／ワンピース／ピコフリル	春夏寄り	3〜8月	1〜3週間	刺繍/レース/ビジュー	レース / 刺繍	標準サイズは相場確認	標準	1000〜5000	1000	5000	7000〜25000	7000	25000	約5300〜17500	1300	21500	230	750	ゆうパケットポスト〜宅急便コンパクト	中	S	85	75	80	60	早い	80	高	中	-20	中〜高	-10	60	50	慎重	要検証	刺繍/レース/ビジュー	デザイン強め	相場次第	脇汗 / 黄ばみ / 目立つシミ / 強い香水臭 / 経年劣化	シミ / 脇汗 / 黄ばみ / 内側劣化	真贋注意 / 経年劣化 / 汚れリスク / 相場確認必須	ピンクハウス ワンピース ブラウス レース 刺繍	3	正面 / 背面 / ブランドタグ / 素材タグ / サイズタグ / 実寸が分かる写真 / ダメージ箇所	見つけたら即リサーチ	優先確認。利益が出れば仕入れ候補。	ブランド / 服種類 / 仕入れ値 / サイズ / 素材タグ写真 / ブランドタグ写真 / 全体写真 / 状態 / メルカリ売切相場 / 真贋確認情報	脇汗 / 黄ばみ / 目立つシミ / 虫食い / 穴/破れ / ファスナー不良 / 強い臭い / 真贋不明 / 内タグ/シリアル/品質タグ欠損	ヴィンテージ/希少ブランドで状態込み相場が確認できる場合のみ / 鑑定済み・正規タグ確認・購入元信頼性ありの場合のみ	脇汗、黄ばみ、シミ、虫食い、穴、毛玉、素材タグ、サイズ表記は確認しましたか？	ピンクハウス ワンピース	PINK HOUSE ブラウス	ピンクハウス ブラウス レース 刺繍	正面 / 背面 / ブランドタグ / 素材タグ / サイズタグ / 脇 / 襟 / 袖口 / 裾 / ダメージ箇所	条件が揃う場合のみ。迷ったら見送り
v4	RULE_0046	BRD_0046	CAT_002	TRUE	SCORE_V1	https://jp.mercari.com/search?keyword=%E3%82%AB%E3%83%8D%E3%82%B3%E3%82%A4%E3%82%B5%E3%82%AA%20%E3%83%AF%E3%83%B3%E3%83%94%E3%83%BC%E3%82%B9	https://jp.mercari.com/search?keyword=KANEKO%20ISAO%20%E3%83%AF%E3%83%B3%E3%83%94%E3%83%BC%E3%82%B9	https://jp.mercari.com/search?keyword=%E3%82%AB%E3%83%8D%E3%82%B3%E3%82%A4%E3%82%B5%E3%82%AA%20%E3%83%AF%E3%83%B3%E3%83%94%E3%83%BC%E3%82%B9%EF%BC%8F%E3%83%96%E3%83%A9%E3%82%A6%E3%82%B9%EF%BC%8F%E3%82%B9%E3%82%AB%E3%83%BC%E3%83%88	レディース服	レディース	KANEKO ISAO	カネコイサオ	ワンピース	ワンピース／ブラウス／スカート	春夏寄り	3〜8月	1〜3週間	特になし	特になし	標準サイズは相場確認	標準	1000〜5000	1000	5000	8000〜30000	8000	30000	約6200〜22000	2200	26000	230	750	ゆうパケットポスト〜宅急便コンパクト	中	S	85	75	50	60	早い	80	高	低	0	中	-20	60	56	慎重	要検証	美品・相場あり・利益あり	ブランド/状態次第	固定ファン需要	脇汗 / 黄ばみ / 目立つシミ / 強い香水臭	シミ / 脇汗 / 黄ばみ	汚れリスク / 相場確認必須	カネコイサオ ワンピース ブラウス スカート	3	正面 / 背面 / ブランドタグ / 素材タグ / サイズタグ / 実寸が分かる写真 / ダメージ箇所	見つけたら即リサーチ	優先確認。利益が出れば仕入れ候補。	ブランド / 服種類 / 仕入れ値 / サイズ / 素材タグ写真 / ブランドタグ写真 / 全体写真 / 状態 / メルカリ売切相場	脇汗 / 黄ばみ / 目立つシミ / 虫食い / 穴/破れ / ファスナー不良 / 強い臭い	ヴィンテージ/希少ブランドで状態込み相場が確認できる場合のみ	脇汗、黄ばみ、シミ、虫食い、穴、毛玉、素材タグ、サイズ表記は確認しましたか？	カネコイサオ ワンピース	KANEKO ISAO ワンピース	カネコイサオ ワンピース／ブラウス／スカート	正面 / 背面 / ブランドタグ / 素材タグ / サイズタグ / 脇 / 襟 / 袖口 / 裾 / ダメージ箇所	条件が揃う場合のみ。迷ったら見送り
v4	RULE_0047	BRD_0047	CAT_002	TRUE	SCORE_V1	https://jp.mercari.com/search?keyword=%E3%83%AF%E3%83%B3%E3%83%80%E3%83%95%E3%83%AB%E3%83%AF%E3%83%BC%E3%83%AB%E3%83%89%20%E3%83%AF%E3%83%B3%E3%83%94%E3%83%BC%E3%82%B9	https://jp.mercari.com/search?keyword=WONDERFUL%20WORLD%20%E3%83%AF%E3%83%B3%E3%83%94%E3%83%BC%E3%82%B9	https://jp.mercari.com/search?keyword=%E3%83%AF%E3%83%B3%E3%83%80%E3%83%95%E3%83%AB%E3%83%AF%E3%83%BC%E3%83%AB%E3%83%89%20%E3%83%AF%E3%83%B3%E3%83%94%E3%83%BC%E3%82%B9%EF%BC%8F%E3%83%96%E3%83%A9%E3%82%A6%E3%82%B9	レディース服	レディース	WONDERFUL WORLD	ワンダフルワールド	ワンピース	ワンピース／ブラウス	春夏寄り	3〜8月	1〜3週間	特になし	特になし	標準サイズは相場確認	標準	1000〜5000	1000	5000	8000〜30000	8000	30000	約6200〜22000	2200	26000	230	750	ゆうパケットポスト〜宅急便コンパクト	中	S	85	75	50	60	早い	80	高	低	0	中〜高	-10	60	66	条件付き買い	要検証	美品・相場あり・利益あり	ブランド/状態次第	相場次第	脇汗 / 黄ばみ / 目立つシミ / 強い香水臭 / 経年劣化	シミ / 脇汗 / 黄ばみ / 内側劣化	経年劣化 / 汚れリスク / 相場確認必須	ワンダフルワールド ワンピース ブラウス	3	正面 / 背面 / ブランドタグ / 素材タグ / サイズタグ / 実寸が分かる写真 / ダメージ箇所	見つけたら即リサーチ	優先確認。利益が出れば仕入れ候補。	ブランド / 服種類 / 仕入れ値 / サイズ / 素材タグ写真 / ブランドタグ写真 / 全体写真 / 状態 / メルカリ売切相場	脇汗 / 黄ばみ / 目立つシミ / 虫食い / 穴/破れ / ファスナー不良 / 強い臭い	ヴィンテージ/希少ブランドで状態込み相場が確認できる場合のみ	脇汗、黄ばみ、シミ、虫食い、穴、毛玉、素材タグ、サイズ表記は確認しましたか？	ワンダフルワールド ワンピース	WONDERFUL WORLD ワンピース	ワンダフルワールド ワンピース／ブラウス	正面 / 背面 / ブランドタグ / 素材タグ / サイズタグ / 脇 / 襟 / 袖口 / 裾 / ダメージ箇所	利益3000円以上または低仕入れなら購入候補
v4	RULE_0048	BRD_0048	CAT_002	TRUE	SCORE_V1	https://jp.mercari.com/search?keyword=%E3%83%AD%E3%82%A4%E3%82%B9%E3%82%AF%E3%83%AC%E3%83%A8%E3%83%B3%20%E3%83%AF%E3%83%B3%E3%83%94%E3%83%BC%E3%82%B9	https://jp.mercari.com/search?keyword=Lois%20CRAYON%20%E3%83%AF%E3%83%B3%E3%83%94%E3%83%BC%E3%82%B9	https://jp.mercari.com/search?keyword=%E3%83%AD%E3%82%A4%E3%82%B9%E3%82%AF%E3%83%AC%E3%83%A8%E3%83%B3%20%E3%83%AF%E3%83%B3%E3%83%94%E3%83%BC%E3%82%B9%20%E3%83%AC%E3%83%BC%E3%82%B9%20%E5%88%BA%E7%B9%8D	レディース服	レディース	Lois CRAYON	ロイスクレヨン	ワンピース	ワンピース／刺繍／総柄	春夏寄り	3〜8月	2〜6週間	刺繍/レース/ビジュー	レース / 刺繍	標準サイズは相場確認	標準	1000〜4000	1000	4000	5000〜15000	5000	15000	約3500〜9500	500	12500	230	750	ゆうパケットポスト〜宅急便コンパクト	中	A	70	75	80	60	普通	60	中	低	0	中〜高	-10	50	55	慎重	要検証	刺繍/レース/ビジュー / デザイン性	デザイン強め	相場次第	脇汗 / 黄ばみ / 目立つシミ / 強い香水臭 / 経年劣化	シミ / 脇汗 / 黄ばみ / 内側劣化	経年劣化 / 汚れリスク / 相場確認必須	ロイスクレヨン ワンピース レース 刺繍	3	正面 / 背面 / ブランドタグ / 素材タグ / サイズタグ / 実寸が分かる写真 / ダメージ箇所	条件が合えばリサーチ	条件一致時のみ仕入れ候補。	ブランド / 服種類 / 仕入れ値 / サイズ / 素材タグ写真 / ブランドタグ写真 / 全体写真 / 状態 / メルカリ売切相場	脇汗 / 黄ばみ / 目立つシミ / 虫食い / 穴/破れ / ファスナー不良 / 強い臭い	ヴィンテージ/希少ブランドで状態込み相場が確認できる場合のみ	脇汗、黄ばみ、シミ、虫食い、穴、毛玉、素材タグ、サイズ表記は確認しましたか？	ロイスクレヨン ワンピース	Lois CRAYON ワンピース	ロイスクレヨン ワンピース レース 刺繍	正面 / 背面 / ブランドタグ / 素材タグ / サイズタグ / 脇 / 襟 / 袖口 / 裾 / ダメージ箇所	条件が揃う場合のみ。迷ったら見送り
v4	RULE_0049	BRD_0049	CAT_002	TRUE	SCORE_V1	https://jp.mercari.com/search?keyword=%E3%82%B8%E3%82%A7%E3%83%BC%E3%83%B3%E3%83%9E%E3%83%BC%E3%83%97%E3%83%AB%20%E3%83%AF%E3%83%B3%E3%83%94%E3%83%BC%E3%82%B9	https://jp.mercari.com/search?keyword=Jane%20Marple%20%E3%83%AF%E3%83%B3%E3%83%94%E3%83%BC%E3%82%B9	https://jp.mercari.com/search?keyword=%E3%82%B8%E3%82%A7%E3%83%BC%E3%83%B3%E3%83%9E%E3%83%BC%E3%83%97%E3%83%AB%20%E3%83%AF%E3%83%B3%E3%83%94%E3%83%BC%E3%82%B9%EF%BC%8F%E3%82%B9%E3%82%AB%E3%83%BC%E3%83%88%EF%BC%8F%E3%83%AD%E3%83%AA%E3%83%BC%E3%82%BF%E5%AF%84%E3%82%8A	レディース服	レディース	Jane Marple	ジェーンマープル	ワンピース	ワンピース／スカート／ロリータ寄り	春夏寄り	3〜8月	2〜6週間	特になし	特になし	標準サイズは相場確認	標準	2000〜6000	2000	6000	8000〜25000	8000	25000	約5200〜16500	1200	20500	230	750	ゆうパケットポスト〜宅急便コンパクト	中	A	70	75	50	60	普通	60	高	低	0	中〜高	-10	50	59	慎重	要検証	美品・相場あり・利益あり	ブランド/状態次第	固定ファン需要	脇汗 / 黄ばみ / 目立つシミ / 強い香水臭 / 経年劣化	シミ / 脇汗 / 黄ばみ / 内側劣化	経年劣化 / 汚れリスク / 相場確認必須	ジェーンマープル ワンピース スカート	3	正面 / 背面 / ブランドタグ / 素材タグ / サイズタグ / 実寸が分かる写真 / ダメージ箇所	条件が合えばリサーチ	条件一致時のみ仕入れ候補。	ブランド / 服種類 / 仕入れ値 / サイズ / 素材タグ写真 / ブランドタグ写真 / 全体写真 / 状態 / メルカリ売切相場	脇汗 / 黄ばみ / 目立つシミ / 虫食い / 穴/破れ / ファスナー不良 / 強い臭い	ヴィンテージ/希少ブランドで状態込み相場が確認できる場合のみ	脇汗、黄ばみ、シミ、虫食い、穴、毛玉、素材タグ、サイズ表記は確認しましたか？	ジェーンマープル ワンピース	Jane Marple ワンピース	ジェーンマープル ワンピース／スカート／ロリータ寄り	正面 / 背面 / ブランドタグ / 素材タグ / サイズタグ / 脇 / 襟 / 袖口 / 裾 / ダメージ箇所	条件が揃う場合のみ。迷ったら見送り
v4	RULE_0050	BRD_0050	CAT_002	TRUE	SCORE_V1	https://jp.mercari.com/search?keyword=%E3%82%A4%E3%83%8E%E3%82%BB%E3%83%B3%E3%83%88%E3%83%AF%E3%83%BC%E3%83%AB%E3%83%89%20%E3%83%AF%E3%83%B3%E3%83%94%E3%83%BC%E3%82%B9	https://jp.mercari.com/search?keyword=Innocent%20World%20%E3%83%AD%E3%83%AA%E3%83%BC%E3%82%BF%E3%83%AF%E3%83%B3%E3%83%94%E3%83%BC%E3%82%B9	https://jp.mercari.com/search?keyword=%E3%82%A4%E3%83%8E%E3%82%BB%E3%83%B3%E3%83%88%E3%83%AF%E3%83%BC%E3%83%AB%E3%83%89%20%E3%83%AD%E3%83%AA%E3%83%BC%E3%82%BF%E3%83%AF%E3%83%B3%E3%83%94%E3%83%BC%E3%82%B9	レディース服	レディース	Innocent World	イノセントワールド	ワンピース	ロリータワンピース／JSK	春夏寄り	3〜8月	2〜6週間	特になし	特になし	標準サイズは相場確認	標準	3000〜10000	3000	10000	12000〜40000	12000	40000	約7800〜26000	800	33000	230	750	ゆうパケットポスト〜宅急便コンパクト	中	A	70	75	50	60	普通	60	高	低	0	中	-20	50	49	慎重	要検証	美品・相場あり・利益あり	ブランド/状態次第	固定ファン需要	脇汗 / 黄ばみ / 目立つシミ / 強い香水臭	シミ / 脇汗 / 黄ばみ / 欠品	汚れリスク / 相場確認必須	イノセントワールド ワンピース	3	正面 / 背面 / ブランドタグ / 素材タグ / サイズタグ / 実寸が分かる写真 / ダメージ箇所	条件が合えばリサーチ	条件一致時のみ仕入れ候補。	ブランド / 服種類 / 仕入れ値 / サイズ / 素材タグ写真 / ブランドタグ写真 / 全体写真 / 状態 / メルカリ売切相場	脇汗 / 黄ばみ / 目立つシミ / 虫食い / 穴/破れ / ファスナー不良 / 強い臭い	ヴィンテージ/希少ブランドで状態込み相場が確認できる場合のみ	脇汗、黄ばみ、シミ、虫食い、穴、毛玉、素材タグ、サイズ表記は確認しましたか？	イノセントワールド ワンピース	Innocent World ロリータワンピース	イノセントワールド ロリータワンピース	正面 / 背面 / ブランドタグ / 素材タグ / サイズタグ / 脇 / 襟 / 袖口 / 裾 / ダメージ箇所	条件が揃う場合のみ。迷ったら見送り
v4	RULE_0051	BRD_0051	CAT_002	TRUE	SCORE_V1	https://jp.mercari.com/search?keyword=%E3%83%99%E3%82%A4%E3%83%93%E3%83%BC%E3%82%B6%E3%82%B9%E3%82%BF%E3%83%BC%E3%82%BA%E3%82%B7%E3%83%A3%E3%82%A4%E3%83%B3%E3%83%96%E3%83%A9%E3%82%A4%E3%83%88%20%E3%83%AF%E3%83%B3%E3%83%94%E3%83%BC%E3%82%B9	https://jp.mercari.com/search?keyword=BABY%20THE%20STARS%20SHINE%20BRIGHT%20%E3%83%AD%E3%83%AA%E3%83%BC%E3%82%BF%E3%83%AF%E3%83%B3%E3%83%94%E3%83%BC%E3%82%B9	https://jp.mercari.com/search?keyword=%E3%83%99%E3%82%A4%E3%83%93%E3%83%BC%E3%82%B6%E3%82%B9%E3%82%BF%E3%83%BC%E3%82%BA%E3%82%B7%E3%83%A3%E3%82%A4%E3%83%B3%E3%83%96%E3%83%A9%E3%82%A4%E3%83%88%20%E3%83%AD%E3%83%AA%E3%83%BC%E3%82%BF%E3%83%AF%E3%83%B3%E3%83%94%E3%83%BC%E3%82%B9	レディース服	レディース	BABY THE STARS SHINE BRIGHT	ベイビーザスターズシャインブライト	ワンピース	ロリータワンピース／JSK	春夏寄り	3〜8月	2〜6週間	特になし	特になし	標準サイズは相場確認	標準	5000〜15000	5000	15000	18000〜60000	18000	60000	約11200〜39000	1200	49000	230	750	ゆうパケットポスト〜宅急便コンパクト	中	A	70	75	50	60	普通	60	高	低	0	中	-20	50	49	慎重	要検証	美品・相場あり・利益あり	ブランド/状態次第	固定ファン需要	脇汗 / 黄ばみ / 目立つシミ / 強い香水臭	シミ / 脇汗 / 黄ばみ / 欠品	汚れリスク / 相場確認必須	ベイビーザスターズシャインブライト ワンピース	3	正面 / 背面 / ブランドタグ / 素材タグ / サイズタグ / 実寸が分かる写真 / ダメージ箇所	条件が合えばリサーチ	条件一致時のみ仕入れ候補。	ブランド / 服種類 / 仕入れ値 / サイズ / 素材タグ写真 / ブランドタグ写真 / 全体写真 / 状態 / メルカリ売切相場	脇汗 / 黄ばみ / 目立つシミ / 虫食い / 穴/破れ / ファスナー不良 / 強い臭い	ヴィンテージ/希少ブランドで状態込み相場が確認できる場合のみ	脇汗、黄ばみ、シミ、虫食い、穴、毛玉、素材タグ、サイズ表記は確認しましたか？	ベイビーザスターズシャインブライト ワンピース	BABY THE STARS SHINE BRIGHT ロリータワンピース	ベイビーザスターズシャインブライト ロリータワンピース	正面 / 背面 / ブランドタグ / 素材タグ / サイズタグ / 脇 / 襟 / 袖口 / 裾 / ダメージ箇所	条件が揃う場合のみ。迷ったら見送り
v4	RULE_0052	BRD_0052	CAT_002	TRUE	SCORE_V1	https://jp.mercari.com/search?keyword=%E3%82%B3%E3%83%A0%E3%83%87%E3%82%AE%E3%83%A3%E3%83%AB%E3%82%BD%E3%83%B3%20%E3%83%96%E3%83%A9%E3%82%A6%E3%82%B9%E3%83%BB%E3%82%B7%E3%83%A3%E3%83%84	https://jp.mercari.com/search?keyword=COMME%20des%20GARCONS%20%E5%A4%89%E5%BD%A2%E6%9C%8D	https://jp.mercari.com/search?keyword=%E3%82%B3%E3%83%A0%E3%83%87%E3%82%AE%E3%83%A3%E3%83%AB%E3%82%BD%E3%83%B3%20%E5%A4%89%E5%BD%A2%E6%9C%8D	レディース服	レディース	COMME des GARCONS	コムデギャルソン	ブラウス・シャツ	変形服／シャツ／スカート	春夏寄り	3〜8月	2〜6週間	特になし	特になし	標準サイズは相場確認	標準	3000〜12000	3000	12000	10000〜50000	10000	50000	約6000〜33000	-3000	42000	210	450	ネコポス/ゆうパケットポスト	低〜中	A	70	75	50	60	普通	60	高	低	0	中	-20	50	49	慎重	要検証	デザイン性	デザイン強め	相場次第	脇汗 / 黄ばみ / 目立つシミ / 強い香水臭	シミ / 脇汗 / 黄ばみ	汚れリスク / 相場確認必須	コムデギャルソン ブラウス シャツ スカート	3	正面 / 背面 / ブランドタグ / 素材タグ / サイズタグ / 実寸が分かる写真 / ダメージ箇所	条件が合えばリサーチ	条件一致時のみ仕入れ候補。	ブランド / 服種類 / 仕入れ値 / サイズ / 素材タグ写真 / ブランドタグ写真 / 全体写真 / 状態 / メルカリ売切相場	脇汗 / 黄ばみ / 目立つシミ / 虫食い / 穴/破れ / ファスナー不良 / 強い臭い	ヴィンテージ/希少ブランドで状態込み相場が確認できる場合のみ	脇汗、黄ばみ、シミ、虫食い、穴、毛玉、素材タグ、サイズ表記は確認しましたか？	コムデギャルソン ブラウス・シャツ	COMME des GARCONS 変形服	コムデギャルソン 変形服	正面 / 背面 / ブランドタグ / 素材タグ / サイズタグ / 脇 / 襟 / 袖口 / 裾 / ダメージ箇所	条件が揃う場合のみ。迷ったら見送り
v4	RULE_0053	BRD_0053	CAT_002	TRUE	SCORE_V1	https://jp.mercari.com/search?keyword=%E3%83%88%E3%83%AA%E3%82%B3%20%E3%82%B3%E3%83%A0%E3%83%87%E3%82%AE%E3%83%A3%E3%83%AB%E3%82%BD%E3%83%B3%20%E3%83%96%E3%83%A9%E3%82%A6%E3%82%B9%E3%83%BB%E3%82%B7%E3%83%A3%E3%83%84	https://jp.mercari.com/search?keyword=tricot%20COMME%20des%20GARCONS%20%E3%82%B9%E3%82%AB%E3%83%BC%E3%83%88	https://jp.mercari.com/search?keyword=%E3%83%88%E3%83%AA%E3%82%B3%20%E3%82%B3%E3%83%A0%E3%83%87%E3%82%AE%E3%83%A3%E3%83%AB%E3%82%BD%E3%83%B3%20%E3%82%B9%E3%82%AB%E3%83%BC%E3%83%88	レディース服	レディース	tricot COMME des GARCONS	トリコ コムデギャルソン	ブラウス・シャツ	スカート／ブラウス／カーディガン	秋冬	9〜12月	2〜6週間	特になし	特になし	標準サイズは相場確認	標準	3000〜10000	3000	10000	10000〜35000	10000	35000	約6000〜21500	-1000	28500	230	750	ゆうパケットポスト〜宅急便コンパクト	中	A	70	75	50	60	普通	60	高	低	0	中〜高	-10	50	59	慎重	要検証	美品・相場あり・利益あり	ブランド/状態次第	相場次第	脇汗 / 黄ばみ / 目立つシミ / 強い香水臭 / 経年劣化	シミ / 脇汗 / 黄ばみ / 内側劣化	経年劣化 / 汚れリスク / 相場確認必須	トリコ コムデギャルソン ブラウス シャツ スカート カーディガン	3	正面 / 背面 / ブランドタグ / 素材タグ / サイズタグ / 実寸が分かる写真 / ダメージ箇所	条件が合えばリサーチ	条件一致時のみ仕入れ候補。	ブランド / 服種類 / 仕入れ値 / サイズ / 素材タグ写真 / ブランドタグ写真 / 全体写真 / 状態 / メルカリ売切相場	脇汗 / 黄ばみ / 目立つシミ / 虫食い / 穴/破れ / ファスナー不良 / 強い臭い	ヴィンテージ/希少ブランドで状態込み相場が確認できる場合のみ	脇汗、黄ばみ、シミ、虫食い、穴、毛玉、素材タグ、サイズ表記は確認しましたか？	トリコ コムデギャルソン ブラウス・シャツ	tricot COMME des GARCONS スカート	トリコ コムデギャルソン スカート	正面 / 背面 / 首元 / 袖口 / 裾 / 毛玉箇所 / 素材タグ / ブランドタグ	条件が揃う場合のみ。迷ったら見送り
v4	RULE_0054	BRD_0054	CAT_002	TRUE	SCORE_V1	https://jp.mercari.com/search?keyword=%E3%83%AF%E3%82%A4%E3%82%BA%20%E3%83%AF%E3%83%B3%E3%83%94%E3%83%BC%E3%82%B9	https://jp.mercari.com/search?keyword=Y%27s%20%E3%83%AF%E3%83%B3%E3%83%94%E3%83%BC%E3%82%B9	https://jp.mercari.com/search?keyword=%E3%83%AF%E3%82%A4%E3%82%BA%20%E3%83%AF%E3%83%B3%E3%83%94%E3%83%BC%E3%82%B9%20%E3%82%A6%E3%83%BC%E3%83%AB	レディース服	レディース	Y's	ワイズ	ワンピース	ワンピース／ジャケット／変形服	秋冬	9〜12月	2〜6週間	ウール	ウール	標準サイズは相場確認	標準	3000〜10000	3000	10000	10000〜35000	10000	35000	約6000〜21500	-1000	28500	750	1200	宅急便60〜100	高	A	70	75	80	60	普通	60	高	低	0	中〜高	-10	50	62	条件付き買い	要検証	ウール / デザイン性	デザイン強め	秋冬需要	脇汗 / 黄ばみ / 目立つシミ / 強い香水臭 / 経年劣化	シミ / 脇汗 / 黄ばみ / 内側劣化 / 毛玉/毛羽立ち	経年劣化 / 汚れリスク / 相場確認必須	ワイズ ワンピース ジャケット	3	正面 / 背面 / ブランドタグ / 素材タグ / サイズタグ / 実寸が分かる写真 / ダメージ箇所	条件が合えばリサーチ	条件一致時のみ仕入れ候補。	ブランド / 服種類 / 仕入れ値 / サイズ / 素材タグ写真 / ブランドタグ写真 / 全体写真 / 状態 / メルカリ売切相場	脇汗 / テカリ強い / 股スレ / 裾破れ / 上下サイズ違い	新品タグ付き・大きいサイズ・低単価なら慎重に再確認	脇汗、襟汚れ、袖口汚れ、パンツ股スレ、上下サイズ一致は確認しましたか？	ワイズ ワンピース	Y's ワンピース	ワイズ ワンピース ウール	上下全体 / ブランドタグ / 素材タグ / 脇 / 襟 / 袖口 / パンツ股 / 裾 / サイズ表記	利益3000円以上または低仕入れなら購入候補
v4	RULE_0055	BRD_0055	CAT_002	TRUE	SCORE_V1	https://jp.mercari.com/search?keyword=%E3%83%A8%E3%82%A6%E3%82%B8%E3%83%A4%E3%83%9E%E3%83%A2%E3%83%88%20%E8%A6%81%E7%A2%BA%E8%AA%8D	https://jp.mercari.com/search?keyword=Yohji%20Yamamoto%20%E9%BB%92%E7%B3%BB%E3%82%A2%E3%82%A4%E3%83%86%E3%83%A0	https://jp.mercari.com/search?keyword=%E3%83%A8%E3%82%A6%E3%82%B8%E3%83%A4%E3%83%9E%E3%83%A2%E3%83%88%20%E9%BB%92%E7%B3%BB%E3%82%A2%E3%82%A4%E3%83%86%E3%83%A0	レディース服	レディース	Yohji Yamamoto	ヨウジヤマモト	要確認	黒系アイテム／変形服	通年	通年	2〜6週間	特になし	特になし	標準サイズは相場確認	標準	5000〜15000	5000	15000	15000〜60000	15000	60000	約8500〜39000	-1500	49000	230	750	ゆうパケットポスト〜宅急便コンパクト	中	A	70	60	50	60	普通	60	高	低	0	中〜高	-10	50	56	慎重	要検証	デザイン性	デザイン強め	相場次第	経年劣化	内側劣化	経年劣化 / 相場確認必須	ヨウジヤマモト	3	正面 / 背面 / タグ / 素材タグ / 状態	条件が合えばリサーチ	条件一致時のみ仕入れ候補。	ブランド / 服種類 / 仕入れ値 / サイズ / 素材タグ写真 / ブランドタグ写真 / 全体写真 / 状態 / メルカリ売切相場	脇汗 / 黄ばみ / 目立つシミ / 虫食い / 穴/破れ / ファスナー不良 / 強い臭い	ヴィンテージ/希少ブランドで状態込み相場が確認できる場合のみ	脇汗、黄ばみ、シミ、虫食い、穴、毛玉、素材タグ、サイズ表記は確認しましたか？	ヨウジヤマモト 要確認	Yohji Yamamoto 黒系アイテム	ヨウジヤマモト 黒系アイテム	正面 / 背面 / ブランドタグ / 素材タグ / サイズタグ / 脇 / 襟 / 袖口 / 裾 / ダメージ箇所	条件が揃う場合のみ。迷ったら見送り
v4	RULE_0056	BRD_0056	CAT_002	TRUE	SCORE_V1	https://jp.mercari.com/search?keyword=%E3%82%A4%E3%83%83%E3%82%BB%E3%82%A4%E3%83%9F%E3%83%A4%E3%82%B1%20%E8%A6%81%E7%A2%BA%E8%AA%8D	https://jp.mercari.com/search?keyword=ISSEY%20MIYAKE%20PLEATS	https://jp.mercari.com/search?keyword=%E3%82%A4%E3%83%83%E3%82%BB%E3%82%A4%E3%83%9F%E3%83%A4%E3%82%B1%20PLEATS	レディース服	レディース	ISSEY MIYAKE	イッセイミヤケ	要確認	PLEATS PLEASE／プリーツ服	通年	通年	1〜4週間	プリーツ/特殊加工	プリーツ	標準サイズは相場確認	標準	8000〜20000	8000	20000	25000〜80000	25000	80000	約14500〜52000	2500	64000	230	750	ゆうパケットポスト〜宅急便コンパクト	中	S	85	85	65	60	普通〜早い	60	高	高	-40	高	-35	60	2	見送り	要検証	プリーツ/特殊加工	ブランド/状態次第	固定ファン需要	真贋不明 / 経年劣化	内側劣化 / 穴/破れ / 真贋不明	真贋注意 / 経年劣化 / 相場確認必須	イッセイミヤケ	5	正面 / 背面 / タグ / 素材タグ / 状態 / 真贋判断用タグ/刻印	見つけたら即リサーチ	優先確認。利益が出れば仕入れ候補。 真贋・タグ確認を必須にする。	ブランド / 服種類 / 仕入れ値 / サイズ / 素材タグ写真 / ブランドタグ写真 / 全体写真 / 状態 / メルカリ売切相場 / 真贋確認情報	脇汗 / 黄ばみ / 目立つシミ / 虫食い / 穴/破れ / ファスナー不良 / 強い臭い / 真贋不明 / 内タグ/シリアル/品質タグ欠損	ヴィンテージ/希少ブランドで状態込み相場が確認できる場合のみ / 鑑定済み・正規タグ確認・購入元信頼性ありの場合のみ	脇汗、黄ばみ、シミ、虫食い、穴、毛玉、素材タグ、サイズ表記は確認しましたか？	イッセイミヤケ 要確認	ISSEY MIYAKE PLEATS	イッセイミヤケ PLEATS	正面 / 背面 / ブランドタグ / 素材タグ / サイズタグ / 脇 / 襟 / 袖口 / 裾 / ダメージ箇所	真贋確認できるまで購入不可
v4	RULE_0057	BRD_0057	CAT_002	TRUE	SCORE_V1	https://jp.mercari.com/search?keyword=%E3%83%97%E3%83%AA%E3%83%BC%E3%83%84%E3%83%97%E3%83%AA%E3%83%BC%E3%82%BA%20%E3%83%96%E3%83%A9%E3%82%A6%E3%82%B9%E3%83%BB%E3%82%B7%E3%83%A3%E3%83%84	https://jp.mercari.com/search?keyword=PLEATS%20PLEASE%20%E3%83%88%E3%83%83%E3%83%97%E3%82%B9	https://jp.mercari.com/search?keyword=%E3%83%97%E3%83%AA%E3%83%BC%E3%83%84%E3%83%97%E3%83%AA%E3%83%BC%E3%82%BA%20%E3%83%88%E3%83%83%E3%83%97%E3%82%B9	レディース服	レディース	PLEATS PLEASE	プリーツプリーズ	ブラウス・シャツ	トップス／パンツ／スカート	春夏寄り	3〜8月	1〜3週間	特になし	特になし	ブランド内人気サイズ確認	標準	8000〜25000	8000	25000	25000〜90000	25000	90000	約14500〜56000	-2500	73000	210	450	ネコポス/ゆうパケットポスト	低〜中	S	85	75	50	75	早い	80	高	高	-40	中	-20	75	20	見送り	高	美品・相場あり・利益あり	ブランド/状態次第	固定ファン需要	脇汗 / 黄ばみ / 目立つシミ / 強い香水臭 / 真贋不明	シミ / 脇汗 / 黄ばみ / 真贋不明	真贋注意 / 汚れリスク	プリーツプリーズ ブラウス シャツ スカート パンツ	5	正面 / 背面 / ブランドタグ / 素材タグ / サイズタグ / 実寸が分かる写真 / ダメージ箇所 / 真贋判断用タグ/刻印	見つけたら即リサーチ	優先確認。利益が出れば仕入れ候補。 真贋・タグ確認を必須にする。	ブランド / 服種類 / 仕入れ値 / サイズ / 素材タグ写真 / ブランドタグ写真 / 全体写真 / 状態 / メルカリ売切相場 / 真贋確認情報	脇汗 / 黄ばみ / 目立つシミ / 虫食い / 穴/破れ / ファスナー不良 / 強い臭い / 真贋不明 / 内タグ/シリアル/品質タグ欠損	ヴィンテージ/希少ブランドで状態込み相場が確認できる場合のみ / 鑑定済み・正規タグ確認・購入元信頼性ありの場合のみ	脇汗、黄ばみ、シミ、虫食い、穴、毛玉、素材タグ、サイズ表記は確認しましたか？	プリーツプリーズ ブラウス・シャツ	PLEATS PLEASE トップス	プリーツプリーズ トップス	正面 / 背面 / ブランドタグ / 素材タグ / サイズタグ / 脇 / 襟 / 袖口 / 裾 / ダメージ箇所	真贋確認できるまで購入不可
v4	RULE_0058	BRD_0058	CAT_002	TRUE	SCORE_V1	https://jp.mercari.com/search?keyword=%E3%83%9F%E3%83%BC%20%E3%82%A4%E3%83%83%E3%82%BB%E3%82%A4%E3%83%9F%E3%83%A4%E3%82%B1%20%E3%83%96%E3%83%A9%E3%82%A6%E3%82%B9%E3%83%BB%E3%82%B7%E3%83%A3%E3%83%84	https://jp.mercari.com/search?keyword=me%20ISSEY%20MIYAKE%20%E3%83%97%E3%83%AA%E3%83%BC%E3%83%84%E3%83%88%E3%83%83%E3%83%97%E3%82%B9	https://jp.mercari.com/search?keyword=%E3%83%9F%E3%83%BC%20%E3%82%A4%E3%83%83%E3%82%BB%E3%82%A4%E3%83%9F%E3%83%A4%E3%82%B1%20%E3%83%97%E3%83%AA%E3%83%BC%E3%83%84%E3%83%88%E3%83%83%E3%83%97%E3%82%B9%20%E3%82%A6%E3%83%BC%E3%83%AB	レディース服	レディース	me ISSEY MIYAKE	ミー イッセイミヤケ	ブラウス・シャツ	プリーツトップス／カットソー	春夏寄り	9〜12月	2〜6週間	ウール / プリーツ/特殊加工	ウール / プリーツ	標準サイズは相場確認	標準	3000〜10000	3000	10000	10000〜30000	10000	30000	約6000〜17000	-1000	24000	210	450	ネコポス/ゆうパケットポスト	低〜中	A	70	75	80	60	普通	60	高	高	-40	高	-35	50	0	見送り	要検証	ウール / プリーツ/特殊加工	ブランド/状態次第	秋冬需要 / 固定ファン需要	脇汗 / 黄ばみ / 目立つシミ / 強い香水臭 / 真贋不明	シミ / 脇汗 / 黄ばみ / 毛玉/毛羽立ち / 真贋不明	真贋注意 / 汚れリスク / 相場確認必須	ミー イッセイミヤケ ブラウス シャツ	3	正面 / 背面 / ブランドタグ / 素材タグ / サイズタグ / 実寸が分かる写真 / ダメージ箇所 / 真贋判断用タグ/刻印	条件が合えばリサーチ	条件一致時のみ仕入れ候補。 真贋・タグ確認を必須にする。	ブランド / 服種類 / 仕入れ値 / サイズ / 素材タグ写真 / ブランドタグ写真 / 全体写真 / 状態 / メルカリ売切相場 / 真贋確認情報	脇汗 / 黄ばみ / 目立つシミ / 虫食い / 穴/破れ / ファスナー不良 / 強い臭い / 真贋不明 / 内タグ/シリアル/品質タグ欠損	ヴィンテージ/希少ブランドで状態込み相場が確認できる場合のみ / 鑑定済み・正規タグ確認・購入元信頼性ありの場合のみ	脇汗、黄ばみ、シミ、虫食い、穴、毛玉、素材タグ、サイズ表記は確認しましたか？	ミー イッセイミヤケ ブラウス・シャツ	me ISSEY MIYAKE プリーツトップス	ミー イッセイミヤケ プリーツトップス ウール	正面 / 背面 / ブランドタグ / 素材タグ / サイズタグ / 脇 / 襟 / 袖口 / 裾 / ダメージ箇所	真贋確認できるまで購入不可
v4	RULE_0059	BRD_0059	CAT_002	TRUE	SCORE_V1	https://jp.mercari.com/search?keyword=%E3%83%95%E3%82%A9%E3%83%BC%E3%83%86%E3%82%A3%E3%83%95%E3%82%A1%E3%82%A4%E3%83%96%E3%82%A2%E3%83%BC%E3%83%AB%20%E3%83%AF%E3%83%B3%E3%83%94%E3%83%BC%E3%82%B9	https://jp.mercari.com/search?keyword=45R%20%E3%82%B7%E3%83%A3%E3%83%84	https://jp.mercari.com/search?keyword=%E3%83%95%E3%82%A9%E3%83%BC%E3%83%86%E3%82%A3%E3%83%95%E3%82%A1%E3%82%A4%E3%83%96%E3%82%A2%E3%83%BC%E3%83%AB%20%E3%82%B7%E3%83%A3%E3%83%84	レディース服	レディース	45R	フォーティファイブアール	ワンピース	シャツ／ワンピース／デニム	春夏寄り	3〜8月	2〜6週間	インディゴ/藍染	デニム / インディゴ	標準サイズは相場確認	標準	3000〜10000	3000	10000	10000〜30000	10000	30000	約6000〜17000	-1000	24000	230	750	ゆうパケットポスト〜宅急便コンパクト	中	A	70	75	65	60	普通	60	高	低	0	中	-20	50	50	慎重	要検証	インディゴ/藍染	ブランド/状態次第	相場次第	脇汗 / 黄ばみ / 目立つシミ / 強い香水臭	シミ / 脇汗 / 黄ばみ	汚れリスク / 相場確認必須	フォーティファイブアール ワンピース シャツ	3	正面 / 背面 / ブランドタグ / 素材タグ / サイズタグ / 実寸が分かる写真 / ダメージ箇所	条件が合えばリサーチ	条件一致時のみ仕入れ候補。	ブランド / 服種類 / 仕入れ値 / サイズ / 素材タグ写真 / ブランドタグ写真 / 全体写真 / 状態 / メルカリ売切相場	脇汗 / 黄ばみ / 目立つシミ / 虫食い / 穴/破れ / ファスナー不良 / 強い臭い	ヴィンテージ/希少ブランドで状態込み相場が確認できる場合のみ	脇汗、黄ばみ、シミ、虫食い、穴、毛玉、素材タグ、サイズ表記は確認しましたか？	フォーティファイブアール ワンピース	45R シャツ	フォーティファイブアール シャツ	正面 / 背面 / ブランドタグ / 素材タグ / サイズタグ / 脇 / 襟 / 袖口 / 裾 / ダメージ箇所	条件が揃う場合のみ。迷ったら見送り
v4	RULE_0060	BRD_0060	CAT_002	TRUE	SCORE_V1	https://jp.mercari.com/search?keyword=%E3%82%A8%E3%83%B4%E3%82%A1%E3%83%A0%E3%82%A8%E3%83%B4%E3%82%A1%20%E3%83%AF%E3%83%B3%E3%83%94%E3%83%BC%E3%82%B9	https://jp.mercari.com/search?keyword=evam%20eva%20%E3%83%AA%E3%83%8D%E3%83%B3	https://jp.mercari.com/search?keyword=%E3%82%A8%E3%83%B4%E3%82%A1%E3%83%A0%E3%82%A8%E3%83%B4%E3%82%A1%20%E3%83%AA%E3%83%8D%E3%83%B3%20%E3%83%AA%E3%83%8D%E3%83%B3%20%E3%82%A6%E3%83%BC%E3%83%AB	レディース服	レディース	evam eva	エヴァムエヴァ	ワンピース	リネン／ニット／ワンピース	春夏	3〜8月	2〜6週間	リネン/麻 / ウール	リネン / ウール	標準サイズは相場確認	標準	1000〜4000	1000	4000	5000〜14000	5000	14000	約3500〜8600	500	11600	230	750	ゆうパケットポスト〜宅急便コンパクト	中	A	70	75	80	60	普通	60	中	低	0	中〜高	-10	50	55	慎重	要検証	リネン/麻 / ウール / 春夏需要	ブランド/状態次第	春夏需要 / 秋冬需要 / ナチュラル系	脇汗 / 黄ばみ / 目立つシミ / 強い香水臭 / 経年劣化	シミ / 脇汗 / 黄ばみ / 内側劣化 / 毛玉/毛羽立ち	経年劣化 / 汚れリスク / 相場確認必須	エヴァムエヴァ ワンピース リネン ニット	3	正面 / 背面 / ブランドタグ / 素材タグ / サイズタグ / 実寸が分かる写真 / ダメージ箇所	条件が合えばリサーチ	条件一致時のみ仕入れ候補。	ブランド / 服種類 / 仕入れ値 / サイズ / 素材タグ写真 / ブランドタグ写真 / 全体写真 / 状態 / メルカリ売切相場	脇汗 / 黄ばみ / 目立つシミ / 虫食い / 穴/破れ / ファスナー不良 / 強い臭い	ヴィンテージ/希少ブランドで状態込み相場が確認できる場合のみ	脇汗、黄ばみ、シミ、虫食い、穴、毛玉、素材タグ、サイズ表記は確認しましたか？	エヴァムエヴァ ワンピース	evam eva リネン	エヴァムエヴァ リネン リネン ウール	正面 / 背面 / ブランドタグ / 素材タグ / サイズタグ / 脇 / 襟 / 袖口 / 裾 / ダメージ箇所	条件が揃う場合のみ。迷ったら見送り
v4	RULE_0061	BRD_0061	CAT_002	TRUE	SCORE_V1	https://jp.mercari.com/search?keyword=%E3%83%8D%E3%82%B9%E3%83%88%E3%83%AD%E3%83%BC%E3%83%96%20%E3%83%AF%E3%83%B3%E3%83%94%E3%83%BC%E3%82%B9	https://jp.mercari.com/search?keyword=nest%20Robe%20%E3%83%AA%E3%83%8D%E3%83%B3%E3%83%AF%E3%83%B3%E3%83%94%E3%83%BC%E3%82%B9	https://jp.mercari.com/search?keyword=%E3%83%8D%E3%82%B9%E3%83%88%E3%83%AD%E3%83%BC%E3%83%96%20%E3%83%AA%E3%83%8D%E3%83%B3%E3%83%AF%E3%83%B3%E3%83%94%E3%83%BC%E3%82%B9%20%E3%83%AA%E3%83%8D%E3%83%B3	レディース服	レディース	nest Robe	ネストローブ	ワンピース	リネンワンピース／ブラウス	春夏	3〜8月	2〜6週間	リネン/麻	リネン	標準サイズは相場確認	標準	2000〜6000	2000	6000	7000〜18000	7000	18000	約4300〜10200	300	14200	230	750	ゆうパケットポスト〜宅急便コンパクト	中	A	70	85	80	60	普通	60	中	低	0	中	-20	50	46	慎重	要検証	リネン/麻 / 春夏需要	ブランド/状態次第	春夏需要 / ナチュラル系	脇汗 / 黄ばみ / 目立つシミ / 強い香水臭	シミ / 脇汗 / 黄ばみ	汚れリスク / 相場確認必須	ネストローブ ワンピース ブラウス リネン	3	正面 / 背面 / ブランドタグ / 素材タグ / サイズタグ / 実寸が分かる写真 / ダメージ箇所	条件が合えばリサーチ	条件一致時のみ仕入れ候補。	ブランド / 服種類 / 仕入れ値 / サイズ / 素材タグ写真 / ブランドタグ写真 / 全体写真 / 状態 / メルカリ売切相場	脇汗 / 黄ばみ / 目立つシミ / 虫食い / 穴/破れ / ファスナー不良 / 強い臭い	ヴィンテージ/希少ブランドで状態込み相場が確認できる場合のみ	脇汗、黄ばみ、シミ、虫食い、穴、毛玉、素材タグ、サイズ表記は確認しましたか？	ネストローブ ワンピース	nest Robe リネンワンピース	ネストローブ リネンワンピース リネン	正面 / 背面 / ブランドタグ / 素材タグ / サイズタグ / 脇 / 襟 / 袖口 / 裾 / ダメージ箇所	条件が揃う場合のみ。迷ったら見送り
v4	RULE_0062	BRD_0062	CAT_002	TRUE	SCORE_V1	https://jp.mercari.com/search?keyword=%E3%83%B4%E3%82%A7%E3%83%AA%E3%83%86%E3%82%AF%E3%83%BC%E3%83%AB%20%E3%83%AF%E3%83%B3%E3%83%94%E3%83%BC%E3%82%B9	https://jp.mercari.com/search?keyword=Veritecoeur%20%E3%83%AA%E3%83%8D%E3%83%B3%E3%83%AF%E3%83%B3%E3%83%94%E3%83%BC%E3%82%B9	https://jp.mercari.com/search?keyword=%E3%83%B4%E3%82%A7%E3%83%AA%E3%83%86%E3%82%AF%E3%83%BC%E3%83%AB%20%E3%83%AA%E3%83%8D%E3%83%B3%E3%83%AF%E3%83%B3%E3%83%94%E3%83%BC%E3%82%B9%20%E3%83%AA%E3%83%8D%E3%83%B3	レディース服	レディース	Veritecoeur	ヴェリテクール	ワンピース	リネンワンピース／シャツ	春夏	3〜8月	2〜6週間	リネン/麻	リネン	標準サイズは相場確認	標準	2000〜6000	2000	6000	7000〜18000	7000	18000	約4300〜10200	300	14200	230	750	ゆうパケットポスト〜宅急便コンパクト	中	A	70	85	80	60	普通	60	中	低	0	中	-20	50	46	慎重	要検証	リネン/麻 / 春夏需要	ブランド/状態次第	春夏需要 / ナチュラル系	脇汗 / 黄ばみ / 目立つシミ / 強い香水臭	シミ / 脇汗 / 黄ばみ	汚れリスク / 相場確認必須	ヴェリテクール ワンピース シャツ リネン	3	正面 / 背面 / ブランドタグ / 素材タグ / サイズタグ / 実寸が分かる写真 / ダメージ箇所	条件が合えばリサーチ	条件一致時のみ仕入れ候補。	ブランド / 服種類 / 仕入れ値 / サイズ / 素材タグ写真 / ブランドタグ写真 / 全体写真 / 状態 / メルカリ売切相場	脇汗 / 黄ばみ / 目立つシミ / 虫食い / 穴/破れ / ファスナー不良 / 強い臭い	ヴィンテージ/希少ブランドで状態込み相場が確認できる場合のみ	脇汗、黄ばみ、シミ、虫食い、穴、毛玉、素材タグ、サイズ表記は確認しましたか？	ヴェリテクール ワンピース	Veritecoeur リネンワンピース	ヴェリテクール リネンワンピース リネン	正面 / 背面 / ブランドタグ / 素材タグ / サイズタグ / 脇 / 襟 / 袖口 / 裾 / ダメージ箇所	条件が揃う場合のみ。迷ったら見送り
v4	RULE_0063	BRD_0063	CAT_002	TRUE	SCORE_V1	https://jp.mercari.com/search?keyword=%E3%83%97%E3%83%A9%E3%83%B3%E3%83%86%E3%83%BC%E3%82%B7%E3%83%A7%E3%83%B3%20%E3%83%AF%E3%83%B3%E3%83%94%E3%83%BC%E3%82%B9	https://jp.mercari.com/search?keyword=Plantation%20%E3%83%AF%E3%83%B3%E3%83%94%E3%83%BC%E3%82%B9	https://jp.mercari.com/search?keyword=%E3%83%97%E3%83%A9%E3%83%B3%E3%83%86%E3%83%BC%E3%82%B7%E3%83%A7%E3%83%B3%20%E3%83%AF%E3%83%B3%E3%83%94%E3%83%BC%E3%82%B9%EF%BC%8F%E3%83%81%E3%83%A5%E3%83%8B%E3%83%83%E3%82%AF%EF%BC%8F%E3%83%97%E3%83%AA%E3%83%BC%E3%83%84%E7%B3%BB	レディース服	レディース	Plantation	プランテーション	ワンピース	ワンピース／チュニック／プリーツ系	春夏寄り	3〜8月	2〜6週間	プリーツ/特殊加工	プリーツ	標準サイズは相場確認	標準	1000〜4000	1000	4000	5000〜15000	5000	15000	約3500〜9500	500	12500	230	750	ゆうパケットポスト〜宅急便コンパクト	中	A	70	75	65	60	普通	60	中	低	0	高	-35	50	28	見送り	要検証	プリーツ/特殊加工	ブランド/状態次第	相場次第	脇汗 / 黄ばみ / 目立つシミ / 強い香水臭 / 経年劣化	シミ / 脇汗 / 黄ばみ / 内側劣化	経年劣化 / 汚れリスク / 相場確認必須	プランテーション ワンピース	3	正面 / 背面 / ブランドタグ / 素材タグ / サイズタグ / 実寸が分かる写真 / ダメージ箇所	条件が合えばリサーチ	条件一致時のみ仕入れ候補。	ブランド / 服種類 / 仕入れ値 / サイズ / 素材タグ写真 / ブランドタグ写真 / 全体写真 / 状態 / メルカリ売切相場	脇汗 / 黄ばみ / 目立つシミ / 虫食い / 穴/破れ / ファスナー不良 / 強い臭い	ヴィンテージ/希少ブランドで状態込み相場が確認できる場合のみ	脇汗、黄ばみ、シミ、虫食い、穴、毛玉、素材タグ、サイズ表記は確認しましたか？	プランテーション ワンピース	Plantation ワンピース	プランテーション ワンピース／チュニック／プリーツ系	正面 / 背面 / ブランドタグ / 素材タグ / サイズタグ / 脇 / 襟 / 袖口 / 裾 / ダメージ箇所	原則見送り
v4	RULE_0064	BRD_0064	CAT_002	TRUE	SCORE_V1	https://jp.mercari.com/search?keyword=%E6%85%88%E9%9B%A8%20%E3%83%AF%E3%83%B3%E3%83%94%E3%83%BC%E3%82%B9	https://jp.mercari.com/search?keyword=%E6%85%88%E9%9B%A8%20%E5%A4%89%E5%BD%A2%E3%83%81%E3%83%A5%E3%83%8B%E3%83%83%E3%82%AF	https://jp.mercari.com/search?keyword=%E6%85%88%E9%9B%A8%20%E5%A4%89%E5%BD%A2%E3%83%81%E3%83%A5%E3%83%8B%E3%83%83%E3%82%AF	レディース服	レディース	慈雨	慈雨	ワンピース	変形チュニック／ワンピース	春夏寄り	3〜8月	2〜6週間	特になし	特になし	標準サイズは相場確認	標準	1000〜4000	1000	4000	5000〜15000	5000	15000	約3500〜9500	500	12500	230	750	ゆうパケットポスト〜宅急便コンパクト	中	A	70	75	50	60	普通	60	中	低	0	中	-20	50	42	慎重	要検証	デザイン性	デザイン強め	相場次第	脇汗 / 黄ばみ / 目立つシミ / 強い香水臭	シミ / 脇汗 / 黄ばみ	汚れリスク / 相場確認必須	慈雨 ワンピース	3	正面 / 背面 / ブランドタグ / 素材タグ / サイズタグ / 実寸が分かる写真 / ダメージ箇所	条件が合えばリサーチ	条件一致時のみ仕入れ候補。	ブランド / 服種類 / 仕入れ値 / サイズ / 素材タグ写真 / ブランドタグ写真 / 全体写真 / 状態 / メルカリ売切相場	脇汗 / 黄ばみ / 目立つシミ / 虫食い / 穴/破れ / ファスナー不良 / 強い臭い	ヴィンテージ/希少ブランドで状態込み相場が確認できる場合のみ	脇汗、黄ばみ、シミ、虫食い、穴、毛玉、素材タグ、サイズ表記は確認しましたか？	慈雨 ワンピース	慈雨 変形チュニック	慈雨 変形チュニック	正面 / 背面 / ブランドタグ / 素材タグ / サイズタグ / 脇 / 襟 / 袖口 / 裾 / ダメージ箇所	条件が揃う場合のみ。迷ったら見送り
v4	RULE_0065	BRD_0065	CAT_002	TRUE	SCORE_V1	https://jp.mercari.com/search?keyword=%E8%8A%BD%E9%A2%A8%20%E8%A6%81%E7%A2%BA%E8%AA%8D	https://jp.mercari.com/search?keyword=%E8%8A%BD%E9%A2%A8%20%E5%A4%89%E5%BD%A2%E6%9C%8D	https://jp.mercari.com/search?keyword=%E8%8A%BD%E9%A2%A8%20%E5%A4%89%E5%BD%A2%E6%9C%8D	レディース服	レディース	芽風	芽風	要確認	変形服／チュニック	通年	通年	2〜6週間	特になし	特になし	標準サイズは相場確認	標準	1000〜4000	1000	4000	5000〜15000	5000	15000	約3500〜9500	500	12500	230	750	ゆうパケットポスト〜宅急便コンパクト	中	A	70	60	50	60	普通	60	中	低	0	低〜中	0	50	60	条件付き買い	要検証	デザイン性	デザイン強め	相場次第	状態難・相場なし・利益不足	特になし	相場確認必須	芽風	3	正面 / 背面 / タグ / 素材タグ / 状態	条件が合えばリサーチ	条件一致時のみ仕入れ候補。	ブランド / 服種類 / 仕入れ値 / サイズ / 素材タグ写真 / ブランドタグ写真 / 全体写真 / 状態 / メルカリ売切相場	脇汗 / 黄ばみ / 目立つシミ / 虫食い / 穴/破れ / ファスナー不良 / 強い臭い	ヴィンテージ/希少ブランドで状態込み相場が確認できる場合のみ	脇汗、黄ばみ、シミ、虫食い、穴、毛玉、素材タグ、サイズ表記は確認しましたか？	芽風 要確認	芽風 変形服	芽風 変形服	正面 / 背面 / ブランドタグ / 素材タグ / サイズタグ / 脇 / 襟 / 袖口 / 裾 / ダメージ箇所	利益3000円以上または低仕入れなら購入候補
v4	RULE_0066	BRD_0066	CAT_002	TRUE	SCORE_V1	https://jp.mercari.com/search?keyword=%E3%82%BB%E3%83%B3%E3%82%BD%E3%83%A6%E3%83%8B%E3%82%B3%20%E3%82%B9%E3%83%BC%E3%83%84%E3%83%BB%E3%82%BB%E3%83%83%E3%83%88%E3%82%A2%E3%83%83%E3%83%97	https://jp.mercari.com/search?keyword=Sensounico%20%E3%83%81%E3%83%A5%E3%83%8B%E3%83%83%E3%82%AF	https://jp.mercari.com/search?keyword=%E3%82%BB%E3%83%B3%E3%82%BD%E3%83%A6%E3%83%8B%E3%82%B3%20%E3%83%81%E3%83%A5%E3%83%8B%E3%83%83%E3%82%AF	レディース服	レディース	Sensounico	センソユニコ	スーツ・セットアップ	チュニック／ジャケット／変形服	通年	2〜4月 / 9〜11月	2〜6週間	特になし	特になし	標準サイズは相場確認	標準	1000〜4000	1000	4000	5000〜15000	5000	15000	約3500〜9500	500	12500	750	1200	宅急便60〜100	高	A	70	75	50	60	普通	60	中	低	0	中	-20	50	42	慎重	要検証	デザイン性	デザイン強め	相場次第	脇汗 / 黄ばみ / 目立つシミ / 強い香水臭	シミ / 脇汗 / 黄ばみ	汚れリスク / 相場確認必須	センソユニコ スーツ ジャケット	3	正面 / 背面 / ブランドタグ / 素材タグ / サイズタグ / 実寸が分かる写真 / ダメージ箇所	条件が合えばリサーチ	条件一致時のみ仕入れ候補。	ブランド / 服種類 / 仕入れ値 / サイズ / 素材タグ写真 / ブランドタグ写真 / 全体写真 / 状態 / メルカリ売切相場	脇汗 / テカリ強い / 股スレ / 裾破れ / 上下サイズ違い	新品タグ付き・大きいサイズ・低単価なら慎重に再確認	脇汗、襟汚れ、袖口汚れ、パンツ股スレ、上下サイズ一致は確認しましたか？	センソユニコ スーツ・セットアップ	Sensounico チュニック	センソユニコ チュニック	上下全体 / ブランドタグ / 素材タグ / 脇 / 襟 / 袖口 / パンツ股 / 裾 / サイズ表記	条件が揃う場合のみ。迷ったら見送り
v4	RULE_0067	BRD_0067	CAT_002	TRUE	SCORE_V1	https://jp.mercari.com/search?keyword=%E3%83%AC%E3%83%AA%E3%82%A2%E3%83%B3%20%E3%83%AF%E3%83%B3%E3%83%94%E3%83%BC%E3%82%B9	https://jp.mercari.com/search?keyword=Leilian%20%E3%82%B7%E3%83%AB%E3%82%AF%E3%83%96%E3%83%A9%E3%82%A6%E3%82%B9	https://jp.mercari.com/search?keyword=%E3%83%AC%E3%83%AA%E3%82%A2%E3%83%B3%20%E3%82%B7%E3%83%AB%E3%82%AF%E3%83%96%E3%83%A9%E3%82%A6%E3%82%B9%20%E3%82%B7%E3%83%AB%E3%82%AF%20%E5%A4%A7%E3%81%8D%E3%81%84%E3%82%B5%E3%82%A4%E3%82%BA	レディース服	レディース	Leilian	レリアン	ワンピース	シルクブラウス／ワンピース／羽織	春夏寄り	3〜8月	2〜6週間	シルク	シルク	大きいサイズ加点	大きいサイズ加点	500〜3000	500	3000	4000〜12000	4000	12000	約3100〜7800	600	10300	230	750	ゆうパケットポスト〜宅急便コンパクト	中	A	70	85	80	75	普通	60	中	低	0	高	-35	65	34	見送り	中〜高	シルク / 大きいサイズ加点	大きいサイズ	相場次第	脇汗 / 黄ばみ / 目立つシミ / 強い香水臭 / 経年劣化	シミ / 脇汗 / 黄ばみ / 内側劣化	経年劣化 / 汚れリスク	レリアン ワンピース ブラウス シルク 大きいサイズ	3	正面 / 背面 / ブランドタグ / 素材タグ / サイズタグ / 実寸が分かる写真 / ダメージ箇所	条件が合えばリサーチ	条件一致時のみ仕入れ候補。	ブランド / 服種類 / 仕入れ値 / サイズ / 素材タグ写真 / ブランドタグ写真 / 全体写真 / 状態 / メルカリ売切相場	脇汗 / 黄ばみ / 目立つシミ / 虫食い / 穴/破れ / ファスナー不良 / 強い臭い	ヴィンテージ/希少ブランドで状態込み相場が確認できる場合のみ	脇汗、黄ばみ、シミ、虫食い、穴、毛玉、素材タグ、サイズ表記は確認しましたか？	レリアン ワンピース	Leilian シルクブラウス	レリアン シルクブラウス シルク 大きいサイズ	正面 / 背面 / ブランドタグ / 素材タグ / サイズタグ / 脇 / 襟 / 袖口 / 裾 / ダメージ箇所	原則見送り
v4	RULE_0068	BRD_0068	CAT_002	TRUE	SCORE_V1	https://jp.mercari.com/search?keyword=%E8%87%AA%E7%94%B1%E5%8C%BA%20%E3%83%AF%E3%83%B3%E3%83%94%E3%83%BC%E3%82%B9	https://jp.mercari.com/search?keyword=%E8%87%AA%E7%94%B1%E5%8C%BA%20%E5%A4%A7%E3%81%8D%E3%81%84%E3%82%B5%E3%82%A4%E3%82%BA	https://jp.mercari.com/search?keyword=%E8%87%AA%E7%94%B1%E5%8C%BA%20%E5%A4%A7%E3%81%8D%E3%81%84%E3%82%B5%E3%82%A4%E3%82%BA%20%E5%A4%A7%E3%81%8D%E3%81%84%E3%82%B5%E3%82%A4%E3%82%BA	レディース服	レディース	自由区	自由区	ワンピース	大きいサイズ／ワンピース／ブラウス	春夏寄り	3〜8月	3〜10週間	特になし	特になし	大きいサイズ加点	大きいサイズ加点	500〜2500	500	2500	3500〜9000	3500	9000	約2650〜5600	650	7600	230	750	ゆうパケットポスト〜宅急便コンパクト	中	B	55	75	50	75	遅め	60	低〜中	低	0	中	-20	50	40	慎重	中	大きいサイズ加点	大きいサイズ	相場次第	脇汗 / 黄ばみ / 目立つシミ / 強い香水臭	シミ / 脇汗 / 黄ばみ	汚れリスク	自由区 ワンピース ブラウス 大きいサイズ	5	正面 / 背面 / ブランドタグ / 素材タグ / サイズタグ / 実寸が分かる写真 / ダメージ箇所	安値のみ確認	安仕入れ・美品・相場あり限定。 回転遅めのため価格設定を保守的に。	ブランド / 服種類 / 仕入れ値 / サイズ / 素材タグ写真 / ブランドタグ写真 / 全体写真 / 状態 / メルカリ売切相場	脇汗 / 黄ばみ / 目立つシミ / 虫食い / 穴/破れ / ファスナー不良 / 強い臭い	ヴィンテージ/希少ブランドで状態込み相場が確認できる場合のみ	脇汗、黄ばみ、シミ、虫食い、穴、毛玉、素材タグ、サイズ表記は確認しましたか？	自由区 ワンピース	自由区 大きいサイズ	自由区 大きいサイズ 大きいサイズ	正面 / 背面 / ブランドタグ / 素材タグ / サイズタグ / 脇 / 襟 / 袖口 / 裾 / ダメージ箇所	条件が揃う場合のみ。迷ったら見送り
v4	RULE_0069	BRD_0069	CAT_002	TRUE	SCORE_V1	https://jp.mercari.com/search?keyword=23%E5%8C%BA%20%E3%83%AF%E3%83%B3%E3%83%94%E3%83%BC%E3%82%B9	https://jp.mercari.com/search?keyword=23%E5%8C%BA%20%E5%A4%A7%E3%81%8D%E3%81%84%E3%82%B5%E3%82%A4%E3%82%BA	https://jp.mercari.com/search?keyword=23%E5%8C%BA%20%E5%A4%A7%E3%81%8D%E3%81%84%E3%82%B5%E3%82%A4%E3%82%BA%20%E5%A4%A7%E3%81%8D%E3%81%84%E3%82%B5%E3%82%A4%E3%82%BA	レディース服	レディース	23区	23区	ワンピース	大きいサイズ／ワンピース／スーツ	通年	2〜4月 / 9〜11月	2〜6週間	特になし	特になし	大きいサイズ加点	大きいサイズ加点	1000〜3500	1000	3500	5000〜12000	5000	12000	約3500〜7300	1000	9800	750	1200	宅急便60〜100	高	A	70	75	50	75	普通	60	中	低	0	中	-20	65	45	慎重	中〜高	大きいサイズ加点	大きいサイズ	相場次第	脇汗 / 黄ばみ / 目立つシミ / 強い香水臭	シミ / 脇汗 / 黄ばみ	汚れリスク	23区 ワンピース スーツ 大きいサイズ	3	正面 / 背面 / ブランドタグ / 素材タグ / サイズタグ / 実寸が分かる写真 / ダメージ箇所	条件が合えばリサーチ	条件一致時のみ仕入れ候補。	ブランド / 服種類 / 仕入れ値 / サイズ / 素材タグ写真 / ブランドタグ写真 / 全体写真 / 状態 / メルカリ売切相場	脇汗 / テカリ強い / 股スレ / 裾破れ / 上下サイズ違い	新品タグ付き・大きいサイズ・低単価なら慎重に再確認	脇汗、襟汚れ、袖口汚れ、パンツ股スレ、上下サイズ一致は確認しましたか？	23区 ワンピース	23区 大きいサイズ	23区 大きいサイズ 大きいサイズ	上下全体 / ブランドタグ / 素材タグ / 脇 / 襟 / 袖口 / パンツ股 / 裾 / サイズ表記	条件が揃う場合のみ。迷ったら見送り
v4	RULE_0070	BRD_0070	CAT_002	TRUE	SCORE_V1	https://jp.mercari.com/search?keyword=%E3%82%A2%E3%82%A4%E3%82%B7%E3%83%BC%E3%83%93%E3%83%BC%20%E3%83%AF%E3%83%B3%E3%83%94%E3%83%BC%E3%82%B9	https://jp.mercari.com/search?keyword=ICB%20%E3%82%B8%E3%83%A3%E3%82%B1%E3%83%83%E3%83%88	https://jp.mercari.com/search?keyword=%E3%82%A2%E3%82%A4%E3%82%B7%E3%83%BC%E3%83%93%E3%83%BC%20%E3%82%B8%E3%83%A3%E3%82%B1%E3%83%83%E3%83%88%20%E5%A4%A7%E3%81%8D%E3%81%84%E3%82%B5%E3%82%A4%E3%82%BA	レディース服	レディース	ICB	アイシービー	ワンピース	ジャケット／ワンピース／通勤服	春夏寄り	3〜8月	3〜10週間	特になし	特になし	大きいサイズ加点	大きいサイズ加点	500〜2500	500	2500	3500〜9000	3500	9000	約2650〜5600	650	7600	750	1200	宅急便60〜100	高	B	55	75	50	75	遅め	60	低〜中	低	0	中	-20	50	40	慎重	中	大きいサイズ加点	大きいサイズ	大人きれいめ	脇汗 / 黄ばみ / 目立つシミ / 強い香水臭	シミ / 脇汗 / 黄ばみ	汚れリスク	アイシービー ワンピース ジャケット 大きいサイズ	5	正面 / 背面 / ブランドタグ / 素材タグ / サイズタグ / 実寸が分かる写真 / ダメージ箇所	安値のみ確認	安仕入れ・美品・相場あり限定。 回転遅めのため価格設定を保守的に。	ブランド / 服種類 / 仕入れ値 / サイズ / 素材タグ写真 / ブランドタグ写真 / 全体写真 / 状態 / メルカリ売切相場	脇汗 / テカリ強い / 股スレ / 裾破れ / 上下サイズ違い	新品タグ付き・大きいサイズ・低単価なら慎重に再確認	脇汗、襟汚れ、袖口汚れ、パンツ股スレ、上下サイズ一致は確認しましたか？	アイシービー ワンピース	ICB ジャケット	アイシービー ジャケット 大きいサイズ	上下全体 / ブランドタグ / 素材タグ / 脇 / 襟 / 袖口 / パンツ股 / 裾 / サイズ表記	条件が揃う場合のみ。迷ったら見送り
v4	RULE_0071	BRD_0071	CAT_002	TRUE	SCORE_V1	https://jp.mercari.com/search?keyword=%E3%82%BB%E3%82%AA%E3%83%AA%E3%83%BC%20%E3%83%AF%E3%83%B3%E3%83%94%E3%83%BC%E3%82%B9	https://jp.mercari.com/search?keyword=Theory%20%E3%82%B8%E3%83%A3%E3%82%B1%E3%83%83%E3%83%88	https://jp.mercari.com/search?keyword=%E3%82%BB%E3%82%AA%E3%83%AA%E3%83%BC%20%E3%82%B8%E3%83%A3%E3%82%B1%E3%83%83%E3%83%88%20%E3%82%A6%E3%83%BC%E3%83%AB	レディース服	レディース	Theory	セオリー	ワンピース	ジャケット／パンツ／ワンピース	春夏寄り	9〜12月	2〜6週間	ウール	ウール	標準サイズは相場確認	標準	1000〜4000	1000	4000	5000〜15000	5000	15000	約3500〜9500	500	12500	750	1200	宅急便60〜100	高	A	70	75	80	60	普通	60	中	低	0	中	-20	50	45	慎重	要検証	ウール	ブランド/状態次第	秋冬需要	脇汗 / 黄ばみ / 目立つシミ / 強い香水臭	シミ / 脇汗 / 黄ばみ / 毛玉/毛羽立ち	汚れリスク / 相場確認必須	セオリー ワンピース ジャケット パンツ	3	正面 / 背面 / ブランドタグ / 素材タグ / サイズタグ / 実寸が分かる写真 / ダメージ箇所	条件が合えばリサーチ	条件一致時のみ仕入れ候補。	ブランド / 服種類 / 仕入れ値 / サイズ / 素材タグ写真 / ブランドタグ写真 / 全体写真 / 状態 / メルカリ売切相場	脇汗 / テカリ強い / 股スレ / 裾破れ / 上下サイズ違い	新品タグ付き・大きいサイズ・低単価なら慎重に再確認	脇汗、襟汚れ、袖口汚れ、パンツ股スレ、上下サイズ一致は確認しましたか？	セオリー ワンピース	Theory ジャケット	セオリー ジャケット ウール	上下全体 / ブランドタグ / 素材タグ / 脇 / 襟 / 袖口 / パンツ股 / 裾 / サイズ表記	条件が揃う場合のみ。迷ったら見送り
v4	RULE_0072	BRD_0072	CAT_002	TRUE	SCORE_V1	https://jp.mercari.com/search?keyword=%E3%82%BB%E3%82%AA%E3%83%AA%E3%83%BC%E3%83%AA%E3%83%A5%E3%82%AF%E3%82%B9%20%E3%83%AF%E3%83%B3%E3%83%94%E3%83%BC%E3%82%B9	https://jp.mercari.com/search?keyword=Theory%20luxe%20%E3%83%AF%E3%83%B3%E3%83%94%E3%83%BC%E3%82%B9	https://jp.mercari.com/search?keyword=%E3%82%BB%E3%82%AA%E3%83%AA%E3%83%BC%E3%83%AA%E3%83%A5%E3%82%AF%E3%82%B9%20%E3%83%AF%E3%83%B3%E3%83%94%E3%83%BC%E3%82%B9%EF%BC%8F%E3%82%B9%E3%83%BC%E3%83%84%EF%BC%8F%E3%83%91%E3%83%B3%E3%83%84	レディース服	レディース	Theory luxe	セオリーリュクス	ワンピース	ワンピース／スーツ／パンツ	通年	2〜4月 / 9〜11月	2〜6週間	特になし	特になし	38/40は需要あり	標準	1000〜4000	1000	4000	5000〜15000	5000	15000	約3500〜9500	500	12500	750	1200	宅急便60〜100	高	A	70	75	50	75	普通	60	中	低	0	中	-20	65	45	慎重	中〜高	38/40は需要あり	ブランド/状態次第	相場次第	脇汗 / 黄ばみ / 目立つシミ / 強い香水臭	シミ / 脇汗 / 黄ばみ	汚れリスク	セオリーリュクス ワンピース スーツ パンツ	3	正面 / 背面 / ブランドタグ / 素材タグ / サイズタグ / 実寸が分かる写真 / ダメージ箇所	条件が合えばリサーチ	条件一致時のみ仕入れ候補。	ブランド / 服種類 / 仕入れ値 / サイズ / 素材タグ写真 / ブランドタグ写真 / 全体写真 / 状態 / メルカリ売切相場	脇汗 / テカリ強い / 股スレ / 裾破れ / 上下サイズ違い	新品タグ付き・大きいサイズ・低単価なら慎重に再確認	脇汗、襟汚れ、袖口汚れ、パンツ股スレ、上下サイズ一致は確認しましたか？	セオリーリュクス ワンピース	Theory luxe ワンピース	セオリーリュクス ワンピース／スーツ／パンツ	上下全体 / ブランドタグ / 素材タグ / 脇 / 襟 / 袖口 / パンツ股 / 裾 / サイズ表記	条件が揃う場合のみ。迷ったら見送り
v4	RULE_0073	BRD_0073	CAT_002	TRUE	SCORE_V1	https://jp.mercari.com/search?keyword=%E3%83%89%E3%82%A5%E3%83%BC%E3%82%BA%E3%82%A3%E3%82%A8%E3%83%A0%E3%82%AF%E3%83%A9%E3%82%B9%20%E3%83%96%E3%83%A9%E3%82%A6%E3%82%B9%E3%83%BB%E3%82%B7%E3%83%A3%E3%83%84	https://jp.mercari.com/search?keyword=Deuxieme%20Classe%20%E3%83%8B%E3%83%83%E3%83%88	https://jp.mercari.com/search?keyword=%E3%83%89%E3%82%A5%E3%83%BC%E3%82%BA%E3%82%A3%E3%82%A8%E3%83%A0%E3%82%AF%E3%83%A9%E3%82%B9%20%E3%83%8B%E3%83%83%E3%83%88%20%E3%82%A6%E3%83%BC%E3%83%AB	レディース服	レディース	Deuxieme Classe	ドゥーズィエムクラス	ブラウス・シャツ	ニット／シャツ／パンツ	秋冬	9〜12月	1〜3週間	ウール	ウール	標準サイズは相場確認	標準	2000〜7000	2000	7000	8000〜25000	8000	25000	約5200〜15500	200	20500	230	750	ゆうパケットポスト〜宅急便コンパクト	中	S	85	75	80	60	早い	80	高	低	0	中〜高	-10	60	70	条件付き買い	要検証	ウール	ブランド/状態次第	秋冬需要	脇汗 / 黄ばみ / 目立つシミ / 強い香水臭 / 経年劣化	シミ / 脇汗 / 黄ばみ / 内側劣化 / 毛玉/毛羽立ち	経年劣化 / 汚れリスク / 相場確認必須	ドゥーズィエムクラス ブラウス シャツ パンツ ニット	3	正面 / 背面 / ブランドタグ / 素材タグ / サイズタグ / 実寸が分かる写真 / ダメージ箇所	見つけたら即リサーチ	優先確認。利益が出れば仕入れ候補。	ブランド / 服種類 / 仕入れ値 / サイズ / 素材タグ写真 / ブランドタグ写真 / 全体写真 / 状態 / メルカリ売切相場	脇汗 / 黄ばみ / 目立つシミ / 虫食い / 穴/破れ / ファスナー不良 / 強い臭い	ヴィンテージ/希少ブランドで状態込み相場が確認できる場合のみ	脇汗、黄ばみ、シミ、虫食い、穴、毛玉、素材タグ、サイズ表記は確認しましたか？	ドゥーズィエムクラス ブラウス・シャツ	Deuxieme Classe ニット	ドゥーズィエムクラス ニット ウール	正面 / 背面 / ブランドタグ / 素材タグ / サイズタグ / 脇 / 襟 / 袖口 / 裾 / ダメージ箇所	利益3000円以上または低仕入れなら購入候補
v4	RULE_0074	BRD_0074	CAT_002	TRUE	SCORE_V1	https://jp.mercari.com/search?keyword=%E3%82%A8%E3%83%BC%E3%83%94%E3%83%BC%E3%82%B9%E3%83%88%E3%82%A5%E3%83%87%E3%82%A3%E3%82%AA%20%E3%83%91%E3%83%B3%E3%83%84	https://jp.mercari.com/search?keyword=AP%20STUDIO%20%E3%83%8B%E3%83%83%E3%83%88	https://jp.mercari.com/search?keyword=%E3%82%A8%E3%83%BC%E3%83%94%E3%83%BC%E3%82%B9%E3%83%88%E3%82%A5%E3%83%87%E3%82%A3%E3%82%AA%20%E3%83%8B%E3%83%83%E3%83%88	レディース服	レディース	AP STUDIO	エーピーストゥディオ	パンツ	ニット／パンツ／コート	秋冬	9〜12月	1〜4週間	特になし	特になし	標準サイズは相場確認	標準	2000〜7000	2000	7000	8000〜25000	8000	25000	約5200〜15500	200	20500	750	1200	宅急便60〜100	高	S	85	75	50	60	普通〜早い	60	高	低	0	中〜高	-10	60	64	条件付き買い	要検証	美品・相場あり・利益あり	人気品番/近年モデル	秋冬需要	経年劣化	内側劣化	経年劣化 / 送料高 / 相場確認必須	エーピーストゥディオ パンツ コート ニット	3	正面 / 背面 / ブランドタグ / 素材タグ / サイズタグ / 実寸が分かる写真 / ダメージ箇所	見つけたら即リサーチ	優先確認。利益が出れば仕入れ候補。	ブランド / 服種類 / 仕入れ値 / サイズ / 素材タグ写真 / ブランドタグ写真 / 全体写真 / 状態 / メルカリ売切相場	脇汗 / 黄ばみ / 目立つシミ / 虫食い / 穴/破れ / ファスナー不良 / 強い臭い	ヴィンテージ/希少ブランドで状態込み相場が確認できる場合のみ	脇汗、黄ばみ、シミ、虫食い、穴、毛玉、素材タグ、サイズ表記は確認しましたか？	エーピーストゥディオ パンツ	AP STUDIO ニット	エーピーストゥディオ ニット	正面 / 背面 / ブランドタグ / 素材タグ / サイズタグ / 脇 / 襟 / 袖口 / 裾 / ダメージ箇所	利益3000円以上または低仕入れなら購入候補
v4	RULE_0075	BRD_0075	CAT_002	TRUE	SCORE_V1	https://jp.mercari.com/search?keyword=%E3%82%A2%E3%83%91%E3%83%AB%E3%83%88%E3%83%A2%E3%83%B3%20%E3%83%91%E3%83%B3%E3%83%84	https://jp.mercari.com/search?keyword=L%27Appartement%20%E3%83%8B%E3%83%83%E3%83%88	https://jp.mercari.com/search?keyword=%E3%82%A2%E3%83%91%E3%83%AB%E3%83%88%E3%83%A2%E3%83%B3%20%E3%83%8B%E3%83%83%E3%83%88%20%E3%82%A6%E3%83%BC%E3%83%AB	レディース服	レディース	L'Appartement	アパルトモン	パンツ	ニット／アウター／パンツ	秋冬	9〜12月	1〜4週間	ウール	ウール	標準サイズは相場確認	標準	3000〜10000	3000	10000	10000〜35000	10000	35000	約6000〜21500	-1000	28500	750	1200	宅急便60〜100	高	S	85	60	80	60	普通〜早い	60	高	低	0	中〜高	-10	60	64	条件付き買い	要検証	ウール	人気品番/近年モデル	秋冬需要	経年劣化	内側劣化 / 毛玉/毛羽立ち	経年劣化 / 送料高 / 相場確認必須	アパルトモン パンツ ニット	3	正面 / 背面 / ブランドタグ / 素材タグ / サイズタグ / 実寸が分かる写真 / ダメージ箇所	見つけたら即リサーチ	優先確認。利益が出れば仕入れ候補。	ブランド / 服種類 / 仕入れ値 / サイズ / 素材タグ写真 / ブランドタグ写真 / 全体写真 / 状態 / メルカリ売切相場	脇汗 / 黄ばみ / 目立つシミ / 虫食い / 穴/破れ / ファスナー不良 / 強い臭い	ヴィンテージ/希少ブランドで状態込み相場が確認できる場合のみ	脇汗、黄ばみ、シミ、虫食い、穴、毛玉、素材タグ、サイズ表記は確認しましたか？	アパルトモン パンツ	L'Appartement ニット	アパルトモン ニット ウール	正面 / 背面 / ブランドタグ / 素材タグ / サイズタグ / 脇 / 襟 / 袖口 / 裾 / ダメージ箇所	利益3000円以上または低仕入れなら購入候補
v4	RULE_0076	BRD_0076	CAT_002	TRUE	SCORE_V1	https://jp.mercari.com/search?keyword=%E3%82%A4%E3%82%A8%E3%83%8A%20%E3%83%AF%E3%83%B3%E3%83%94%E3%83%BC%E3%82%B9	https://jp.mercari.com/search?keyword=IENA%20%E3%83%96%E3%83%A9%E3%82%A6%E3%82%B9	https://jp.mercari.com/search?keyword=%E3%82%A4%E3%82%A8%E3%83%8A%20%E3%83%96%E3%83%A9%E3%82%A6%E3%82%B9%20%E3%83%AA%E3%83%8D%E3%83%B3	レディース服	レディース	IENA	イエナ	ワンピース	ブラウス／ワンピース／コート	春夏	3〜8月	2〜8週間	リネン/麻	リネン	標準サイズは相場確認	標準	1000〜4000	1000	4000	5000〜15000	5000	15000	約3500〜9500	500	12500	750	1200	宅急便60〜100	高	A	70	75	80	60	普通	60	中	低	0	中	-20	50	45	慎重	要検証	リネン/麻	人気品番/近年モデル	春夏需要 / 秋冬需要 / ナチュラル系	脇汗 / 黄ばみ / 目立つシミ / 強い香水臭	シミ / 脇汗 / 黄ばみ	汚れリスク / 送料高 / 相場確認必須	イエナ ワンピース ブラウス リネン コート	3	正面 / 背面 / ブランドタグ / 素材タグ / サイズタグ / 実寸が分かる写真 / ダメージ箇所	条件が合えばリサーチ	条件一致時のみ仕入れ候補。	ブランド / 服種類 / 仕入れ値 / サイズ / 素材タグ写真 / ブランドタグ写真 / 全体写真 / 状態 / メルカリ売切相場	脇汗 / 黄ばみ / 目立つシミ / 虫食い / 穴/破れ / ファスナー不良 / 強い臭い	ヴィンテージ/希少ブランドで状態込み相場が確認できる場合のみ	脇汗、黄ばみ、シミ、虫食い、穴、毛玉、素材タグ、サイズ表記は確認しましたか？	イエナ ワンピース	IENA ブラウス	イエナ ブラウス リネン	正面 / 背面 / ブランドタグ / 素材タグ / サイズタグ / 脇 / 襟 / 袖口 / 裾 / ダメージ箇所	条件が揃う場合のみ。迷ったら見送り
v4	RULE_0077	BRD_0077	CAT_002	TRUE	SCORE_V1	https://jp.mercari.com/search?keyword=%E3%82%B9%E3%83%AD%E3%83%BC%E3%83%96%E3%82%A4%E3%82%A8%E3%83%8A%20%E3%83%AF%E3%83%B3%E3%83%94%E3%83%BC%E3%82%B9	https://jp.mercari.com/search?keyword=SLOBE%20IENA%20%E3%83%AF%E3%83%B3%E3%83%94%E3%83%BC%E3%82%B9	https://jp.mercari.com/search?keyword=%E3%82%B9%E3%83%AD%E3%83%BC%E3%83%96%E3%82%A4%E3%82%A8%E3%83%8A%20%E3%83%AF%E3%83%B3%E3%83%94%E3%83%BC%E3%82%B9%EF%BC%8F%E3%83%96%E3%83%A9%E3%82%A6%E3%82%B9	レディース服	レディース	SLOBE IENA	スローブイエナ	ワンピース	ワンピース／ブラウス	春夏寄り	3〜8月	3〜10週間	特になし	特になし	標準サイズは相場確認	標準	1000〜3000	1000	3000	4000〜10000	4000	10000	約2600〜6000	600	8000	230	750	ゆうパケットポスト〜宅急便コンパクト	中	B	55	75	50	60	遅め	60	低〜中	低	0	中	-20	35	36	見送り	要検証	美品・相場あり・利益あり	ブランド/状態次第	相場次第	脇汗 / 黄ばみ / 目立つシミ / 強い香水臭	シミ / 脇汗 / 黄ばみ	汚れリスク / 相場確認必須	スローブイエナ ワンピース ブラウス	5	正面 / 背面 / ブランドタグ / 素材タグ / サイズタグ / 実寸が分かる写真 / ダメージ箇所	安値のみ確認	安仕入れ・美品・相場あり限定。 回転遅めのため価格設定を保守的に。	ブランド / 服種類 / 仕入れ値 / サイズ / 素材タグ写真 / ブランドタグ写真 / 全体写真 / 状態 / メルカリ売切相場	脇汗 / 黄ばみ / 目立つシミ / 虫食い / 穴/破れ / ファスナー不良 / 強い臭い	ヴィンテージ/希少ブランドで状態込み相場が確認できる場合のみ	脇汗、黄ばみ、シミ、虫食い、穴、毛玉、素材タグ、サイズ表記は確認しましたか？	スローブイエナ ワンピース	SLOBE IENA ワンピース	スローブイエナ ワンピース／ブラウス	正面 / 背面 / ブランドタグ / 素材タグ / サイズタグ / 脇 / 襟 / 袖口 / 裾 / ダメージ箇所	原則見送り
v4	RULE_0078	BRD_0078	CAT_002	TRUE	SCORE_V1	https://jp.mercari.com/search?keyword=%E3%82%B9%E3%83%94%E3%83%83%E3%82%AF%E3%82%A2%E3%83%B3%E3%83%89%E3%82%B9%E3%83%91%E3%83%B3%20%E3%83%96%E3%83%A9%E3%82%A6%E3%82%B9%E3%83%BB%E3%82%B7%E3%83%A3%E3%83%84	https://jp.mercari.com/search?keyword=Spick%20%26%20Span%20%E3%82%B7%E3%83%A3%E3%83%84	https://jp.mercari.com/search?keyword=%E3%82%B9%E3%83%94%E3%83%83%E3%82%AF%E3%82%A2%E3%83%B3%E3%83%89%E3%82%B9%E3%83%91%E3%83%B3%20%E3%82%B7%E3%83%A3%E3%83%84%20%E3%83%AA%E3%83%8D%E3%83%B3	レディース服	レディース	Spick & Span	スピックアンドスパン	ブラウス・シャツ	シャツ／ニット／パンツ	春夏	3〜8月	2〜6週間	リネン/麻	リネン / デニム	標準サイズは相場確認	標準	1000〜4000	1000	4000	5000〜13000	5000	13000	約3500〜7700	500	10700	230	750	ゆうパケットポスト〜宅急便コンパクト	中	A	70	75	80	60	普通	60	中	低	0	中〜高	-10	50	55	慎重	要検証	リネン/麻	ブランド/状態次第	春夏需要 / 秋冬需要 / ナチュラル系	脇汗 / 黄ばみ / 目立つシミ / 強い香水臭 / 経年劣化	シミ / 脇汗 / 黄ばみ / 内側劣化	経年劣化 / 汚れリスク / 相場確認必須	スピックアンドスパン ブラウス シャツ リネン パンツ	3	正面 / 背面 / ブランドタグ / 素材タグ / サイズタグ / 実寸が分かる写真 / ダメージ箇所	条件が合えばリサーチ	条件一致時のみ仕入れ候補。	ブランド / 服種類 / 仕入れ値 / サイズ / 素材タグ写真 / ブランドタグ写真 / 全体写真 / 状態 / メルカリ売切相場	脇汗 / 黄ばみ / 目立つシミ / 虫食い / 穴/破れ / ファスナー不良 / 強い臭い	ヴィンテージ/希少ブランドで状態込み相場が確認できる場合のみ	脇汗、黄ばみ、シミ、虫食い、穴、毛玉、素材タグ、サイズ表記は確認しましたか？	スピックアンドスパン ブラウス・シャツ	Spick & Span シャツ	スピックアンドスパン シャツ リネン	正面 / 背面 / ブランドタグ / 素材タグ / サイズタグ / 脇 / 襟 / 袖口 / 裾 / ダメージ箇所	条件が揃う場合のみ。迷ったら見送り
v4	RULE_0079	BRD_0079	CAT_002	TRUE	SCORE_V1	https://jp.mercari.com/search?keyword=%E3%83%95%E3%83%AC%E3%83%BC%E3%83%A0%E3%83%AF%E3%83%BC%E3%82%AF%20%E3%83%96%E3%83%A9%E3%82%A6%E3%82%B9%E3%83%BB%E3%82%B7%E3%83%A3%E3%83%84	https://jp.mercari.com/search?keyword=FRAMeWORK%20%E3%83%8B%E3%83%83%E3%83%88	https://jp.mercari.com/search?keyword=%E3%83%95%E3%83%AC%E3%83%BC%E3%83%A0%E3%83%AF%E3%83%BC%E3%82%AF%20%E3%83%8B%E3%83%83%E3%83%88	レディース服	レディース	FRAMeWORK	フレームワーク	ブラウス・シャツ	ニット／シャツ／パンツ	秋冬	9〜12月	2〜6週間	特になし	特になし	標準サイズは相場確認	標準	1000〜4000	1000	4000	5000〜13000	5000	13000	約3500〜7700	500	10700	230	750	ゆうパケットポスト〜宅急便コンパクト	中	A	70	75	50	60	普通	60	中	低	0	中〜高	-10	50	52	慎重	要検証	美品・相場あり・利益あり	人気品番/近年モデル	秋冬需要	脇汗 / 黄ばみ / 目立つシミ / 強い香水臭 / 経年劣化	シミ / 脇汗 / 黄ばみ / 内側劣化	経年劣化 / 汚れリスク / 相場確認必須	フレームワーク ブラウス シャツ パンツ ニット	3	正面 / 背面 / ブランドタグ / 素材タグ / サイズタグ / 実寸が分かる写真 / ダメージ箇所	条件が合えばリサーチ	条件一致時のみ仕入れ候補。	ブランド / 服種類 / 仕入れ値 / サイズ / 素材タグ写真 / ブランドタグ写真 / 全体写真 / 状態 / メルカリ売切相場	脇汗 / 黄ばみ / 目立つシミ / 虫食い / 穴/破れ / ファスナー不良 / 強い臭い	ヴィンテージ/希少ブランドで状態込み相場が確認できる場合のみ	脇汗、黄ばみ、シミ、虫食い、穴、毛玉、素材タグ、サイズ表記は確認しましたか？	フレームワーク ブラウス・シャツ	FRAMeWORK ニット	フレームワーク ニット	正面 / 背面 / ブランドタグ / 素材タグ / サイズタグ / 脇 / 襟 / 袖口 / 裾 / ダメージ箇所	条件が揃う場合のみ。迷ったら見送り
v4	RULE_0080	BRD_0080	CAT_002	TRUE	SCORE_V1	https://jp.mercari.com/search?keyword=%E3%82%B8%E3%83%A3%E3%83%BC%E3%83%8A%E3%83%AB%E3%82%B9%E3%82%BF%E3%83%B3%E3%83%80%E3%83%BC%E3%83%89%20%E3%83%AF%E3%83%B3%E3%83%94%E3%83%BC%E3%82%B9	https://jp.mercari.com/search?keyword=JOURNAL%20STANDARD%20%E3%83%AF%E3%83%B3%E3%83%94%E3%83%BC%E3%82%B9	https://jp.mercari.com/search?keyword=%E3%82%B8%E3%83%A3%E3%83%BC%E3%83%8A%E3%83%AB%E3%82%B9%E3%82%BF%E3%83%B3%E3%83%80%E3%83%BC%E3%83%89%20%E3%83%AF%E3%83%B3%E3%83%94%E3%83%BC%E3%82%B9%EF%BC%8F%E3%82%A2%E3%82%A6%E3%82%BF%E3%83%BC%EF%BC%8F%E3%82%B3%E3%83%A9%E3%83%9C	レディース服	レディース	JOURNAL STANDARD	ジャーナルスタンダード	ワンピース	ワンピース／アウター／コラボ	春夏寄り	9〜12月	2〜8週間	特になし	特になし	標準サイズは相場確認	標準	1000〜3500	1000	3500	4500〜12000	4500	12000	約3050〜7300	550	9800	750	1200	宅急便60〜100	高	B	55	75	50	60	遅め	60	低〜中	低	0	中	-20	35	36	見送り	要検証	美品・相場あり・利益あり	コラボ/別注	相場次第	脇汗 / 黄ばみ / 目立つシミ / 強い香水臭	シミ / 脇汗 / 黄ばみ	汚れリスク / 送料高 / 相場確認必須	ジャーナルスタンダード ワンピース	5	正面 / 背面 / ブランドタグ / 素材タグ / サイズタグ / 実寸が分かる写真 / ダメージ箇所	安値のみ確認	安仕入れ・美品・相場あり限定。 回転遅めのため価格設定を保守的に。	ブランド / 服種類 / 仕入れ値 / サイズ / 素材タグ写真 / ブランドタグ写真 / 全体写真 / 状態 / メルカリ売切相場	脇汗 / 黄ばみ / 目立つシミ / 虫食い / 穴/破れ / ファスナー不良 / 強い臭い	ヴィンテージ/希少ブランドで状態込み相場が確認できる場合のみ	脇汗、黄ばみ、シミ、虫食い、穴、毛玉、素材タグ、サイズ表記は確認しましたか？	ジャーナルスタンダード ワンピース	JOURNAL STANDARD ワンピース	ジャーナルスタンダード ワンピース／アウター／コラボ	正面 / 背面 / ブランドタグ / 素材タグ / サイズタグ / 脇 / 襟 / 袖口 / 裾 / ダメージ箇所	原則見送り
v4	RULE_0081	BRD_0081	CAT_002	TRUE	SCORE_V1	https://jp.mercari.com/search?keyword=%E3%82%A8%E3%83%B3%E3%83%95%E3%82%A9%E3%83%AB%E3%83%89%20%E3%83%AF%E3%83%B3%E3%83%94%E3%83%BC%E3%82%B9	https://jp.mercari.com/search?keyword=ENFOLD%20%E3%83%AF%E3%83%B3%E3%83%94%E3%83%BC%E3%82%B9	https://jp.mercari.com/search?keyword=%E3%82%A8%E3%83%B3%E3%83%95%E3%82%A9%E3%83%AB%E3%83%89%20%E3%83%AF%E3%83%B3%E3%83%94%E3%83%BC%E3%82%B9%EF%BC%8F%E5%A4%89%E5%BD%A2%E3%83%88%E3%83%83%E3%83%97%E3%82%B9%EF%BC%8F%E3%83%91%E3%83%B3%E3%83%84	レディース服	レディース	ENFOLD	エンフォルド	ワンピース	ワンピース／変形トップス／パンツ	春夏寄り	3〜8月	1〜3週間	特になし	特になし	標準サイズは相場確認	標準	2000〜7000	2000	7000	8000〜25000	8000	25000	約5200〜15500	200	20500	230	750	ゆうパケットポスト〜宅急便コンパクト	中	S	85	75	50	60	早い	80	高	低	0	中	-20	60	56	慎重	要検証	デザイン性	デザイン強め	相場次第	脇汗 / 黄ばみ / 目立つシミ / 強い香水臭	シミ / 脇汗 / 黄ばみ	汚れリスク / 相場確認必須	エンフォルド ワンピース パンツ	3	正面 / 背面 / ブランドタグ / 素材タグ / サイズタグ / 実寸が分かる写真 / ダメージ箇所	見つけたら即リサーチ	優先確認。利益が出れば仕入れ候補。	ブランド / 服種類 / 仕入れ値 / サイズ / 素材タグ写真 / ブランドタグ写真 / 全体写真 / 状態 / メルカリ売切相場	脇汗 / 黄ばみ / 目立つシミ / 虫食い / 穴/破れ / ファスナー不良 / 強い臭い	ヴィンテージ/希少ブランドで状態込み相場が確認できる場合のみ	脇汗、黄ばみ、シミ、虫食い、穴、毛玉、素材タグ、サイズ表記は確認しましたか？	エンフォルド ワンピース	ENFOLD ワンピース	エンフォルド ワンピース／変形トップス／パンツ	正面 / 背面 / ブランドタグ / 素材タグ / サイズタグ / 脇 / 襟 / 袖口 / 裾 / ダメージ箇所	条件が揃う場合のみ。迷ったら見送り
v4	RULE_0082	BRD_0082	CAT_002	TRUE	SCORE_V1	https://jp.mercari.com/search?keyword=%E3%83%8A%E3%82%B4%E3%83%B3%E3%82%B9%E3%82%BF%E3%83%B3%E3%82%B9%20%E3%83%AF%E3%83%B3%E3%83%94%E3%83%BC%E3%82%B9	https://jp.mercari.com/search?keyword=nagonstans%20%E3%83%AF%E3%83%B3%E3%83%94%E3%83%BC%E3%82%B9	https://jp.mercari.com/search?keyword=%E3%83%8A%E3%82%B4%E3%83%B3%E3%82%B9%E3%82%BF%E3%83%B3%E3%82%B9%20%E3%83%AF%E3%83%B3%E3%83%94%E3%83%BC%E3%82%B9%EF%BC%8F%E3%83%91%E3%83%B3%E3%83%84%EF%BC%8F%E3%82%B9%E3%82%A4%E3%83%A0%E7%B3%BB	レディース服	レディース	nagonstans	ナゴンスタンス	ワンピース	ワンピース／パンツ／スイム系	春夏寄り	3〜8月	2〜6週間	特になし	特になし	標準サイズは相場確認	標準	2000〜7000	2000	7000	8000〜25000	8000	25000	約5200〜15500	200	20500	230	750	ゆうパケットポスト〜宅急便コンパクト	中	A	70	75	50	60	普通	60	高	低	0	中	-20	50	49	慎重	要検証	美品・相場あり・利益あり	人気品番/近年モデル	相場次第	脇汗 / 黄ばみ / 目立つシミ / 強い香水臭	シミ / 脇汗 / 黄ばみ	汚れリスク / 相場確認必須	ナゴンスタンス ワンピース パンツ	3	正面 / 背面 / ブランドタグ / 素材タグ / サイズタグ / 実寸が分かる写真 / ダメージ箇所	条件が合えばリサーチ	条件一致時のみ仕入れ候補。	ブランド / 服種類 / 仕入れ値 / サイズ / 素材タグ写真 / ブランドタグ写真 / 全体写真 / 状態 / メルカリ売切相場	脇汗 / 黄ばみ / 目立つシミ / 虫食い / 穴/破れ / ファスナー不良 / 強い臭い	ヴィンテージ/希少ブランドで状態込み相場が確認できる場合のみ	脇汗、黄ばみ、シミ、虫食い、穴、毛玉、素材タグ、サイズ表記は確認しましたか？	ナゴンスタンス ワンピース	nagonstans ワンピース	ナゴンスタンス ワンピース／パンツ／スイム系	正面 / 背面 / ブランドタグ / 素材タグ / サイズタグ / 脇 / 襟 / 袖口 / 裾 / ダメージ箇所	条件が揃う場合のみ。迷ったら見送り
v4	RULE_0083	BRD_0083	CAT_002	TRUE	SCORE_V1	https://jp.mercari.com/search?keyword=%E3%82%AF%E3%83%A9%E3%83%8D%20%E3%83%90%E3%83%83%E3%82%B0	https://jp.mercari.com/search?keyword=CLANE%20%E3%83%AF%E3%83%B3%E3%83%94%E3%83%BC%E3%82%B9	https://jp.mercari.com/search?keyword=%E3%82%AF%E3%83%A9%E3%83%8D%20%E3%83%AF%E3%83%B3%E3%83%94%E3%83%BC%E3%82%B9	レディース服	レディース	CLANE	クラネ	バッグ	ワンピース／アウター／バッグ	通年	9〜12月	2〜8週間	特になし	特になし	標準サイズは相場確認	標準	2000〜7000	2000	7000	8000〜25000	8000	25000	約5200〜15500	200	20500	750	1200	宅急便60〜100	高	A	70	75	50	60	普通	60	高	低	0	高	-35	50	34	見送り	要検証	美品・相場あり・利益あり	人気品番/近年モデル	通年需要	ベタつき / 角破れ / 内側劣化 / ショルダー欠品	ベタつき / 内側劣化 / 穴/破れ / 欠品	経年劣化 / 送料高 / 相場確認必須	クラネ ワンピース バッグ	3	正面 / 背面 / 角4カ所 / 内側 / ブランドタグ/ロゴ / ショルダー/付属品	条件が合えばリサーチ	条件一致時のみ仕入れ候補。	ブランド / 服種類 / 仕入れ値 / サイズ / 素材タグ写真 / ブランドタグ写真 / 全体写真 / 状態 / メルカリ売切相場	内側ベタつき / 粉吹き / 合皮剥がれ / 強い臭い / ファスナー不良 / ショルダー欠品※2WAY/斜め掛け前提品	高単価ブランドで補修・清掃後も粗利が十分ある場合のみ再検討	角スレ、内側ベタつき、臭い、ファスナー不良、ショルダー/付属品欠品はありますか？	クラネ バッグ	CLANE ワンピース	クラネ ワンピース	正面 / 背面 / 底角4カ所 / 持ち手 / 内側 / ロゴ / 金具 / ファスナー / 付属品	原則見送り
v4	RULE_0084	BRD_0084	CAT_002	TRUE	SCORE_V1	https://jp.mercari.com/search?keyword=%E3%82%A2%E3%83%A1%E3%83%AA%E3%83%B4%E3%82%A3%E3%83%B3%E3%83%86%E3%83%BC%E3%82%B8%20%E3%83%AF%E3%83%B3%E3%83%94%E3%83%BC%E3%82%B9	https://jp.mercari.com/search?keyword=Ameri%20VINTAGE%20%E3%83%89%E3%83%AC%E3%82%B9	https://jp.mercari.com/search?keyword=%E3%82%A2%E3%83%A1%E3%83%AA%E3%83%B4%E3%82%A3%E3%83%B3%E3%83%86%E3%83%BC%E3%82%B8%20%E3%83%89%E3%83%AC%E3%82%B9	レディース服	レディース	Ameri VINTAGE	アメリヴィンテージ	ワンピース	ドレス／ワンピース／セットアップ	通年	2〜4月 / 9〜11月	2〜6週間	特になし	特になし	標準サイズは相場確認	標準	2000〜7000	2000	7000	8000〜25000	8000	25000	約5200〜15500	200	20500	230	750	ゆうパケットポスト〜宅急便コンパクト	中	A	70	75	50	60	普通	60	高	低	0	中	-20	50	49	慎重	要検証	式典・結婚式需要	人気品番/近年モデル / オケージョン	相場次第	脇汗 / 黄ばみ / 目立つシミ / 強い香水臭	シミ / 脇汗 / 黄ばみ	汚れリスク / 相場確認必須	アメリヴィンテージ ワンピース ドレス	3	正面 / 背面 / ブランドタグ / 素材タグ / サイズタグ / 実寸が分かる写真 / ダメージ箇所	条件が合えばリサーチ	条件一致時のみ仕入れ候補。	ブランド / 服種類 / 仕入れ値 / サイズ / 素材タグ写真 / ブランドタグ写真 / 全体写真 / 状態 / メルカリ売切相場	脇汗 / テカリ強い / 股スレ / 裾破れ / 上下サイズ違い	新品タグ付き・大きいサイズ・低単価なら慎重に再確認	脇汗、襟汚れ、袖口汚れ、パンツ股スレ、上下サイズ一致は確認しましたか？	アメリヴィンテージ ワンピース	Ameri VINTAGE ドレス	アメリヴィンテージ ドレス	上下全体 / ブランドタグ / 素材タグ / 脇 / 襟 / 袖口 / パンツ股 / 裾 / サイズ表記	条件が揃う場合のみ。迷ったら見送り
v4	RULE_0085	BRD_0085	CAT_002	TRUE	SCORE_V1	https://jp.mercari.com/search?keyword=%E3%82%A2%E3%83%B3%E3%82%B9%E3%83%AA%E3%83%BC%E3%83%89%20%E3%83%AF%E3%83%B3%E3%83%94%E3%83%BC%E3%82%B9	https://jp.mercari.com/search?keyword=UN3D.%20%E5%A4%89%E5%BD%A2%E3%83%AF%E3%83%B3%E3%83%94%E3%83%BC%E3%82%B9	https://jp.mercari.com/search?keyword=%E3%82%A2%E3%83%B3%E3%82%B9%E3%83%AA%E3%83%BC%E3%83%89%20%E5%A4%89%E5%BD%A2%E3%83%AF%E3%83%B3%E3%83%94%E3%83%BC%E3%82%B9	レディース服	レディース	UN3D.	アンスリード	ワンピース	変形ワンピース／トップス	春夏寄り	3〜8月	2〜6週間	特になし	特になし	標準サイズは相場確認	標準	2000〜7000	2000	7000	8000〜25000	8000	25000	約5200〜15500	200	20500	230	750	ゆうパケットポスト〜宅急便コンパクト	中	A	70	75	50	60	普通	60	高	低	0	中	-20	50	49	慎重	要検証	デザイン性	デザイン強め	相場次第	脇汗 / 黄ばみ / 目立つシミ / 強い香水臭	シミ / 脇汗 / 黄ばみ	汚れリスク / 相場確認必須	アンスリード ワンピース	3	正面 / 背面 / ブランドタグ / 素材タグ / サイズタグ / 実寸が分かる写真 / ダメージ箇所	条件が合えばリサーチ	条件一致時のみ仕入れ候補。	ブランド / 服種類 / 仕入れ値 / サイズ / 素材タグ写真 / ブランドタグ写真 / 全体写真 / 状態 / メルカリ売切相場	脇汗 / 黄ばみ / 目立つシミ / 虫食い / 穴/破れ / ファスナー不良 / 強い臭い	ヴィンテージ/希少ブランドで状態込み相場が確認できる場合のみ	脇汗、黄ばみ、シミ、虫食い、穴、毛玉、素材タグ、サイズ表記は確認しましたか？	アンスリード ワンピース	UN3D. 変形ワンピース	アンスリード 変形ワンピース	正面 / 背面 / ブランドタグ / 素材タグ / サイズタグ / 脇 / 襟 / 袖口 / 裾 / ダメージ箇所	条件が揃う場合のみ。迷ったら見送り
v4	RULE_0086	BRD_0086	CAT_002	TRUE	SCORE_V1	https://jp.mercari.com/search?keyword=%E3%82%A2%E3%82%AD%E3%83%A9%E3%83%8A%E3%82%AB%20%E3%83%AF%E3%83%B3%E3%83%94%E3%83%BC%E3%82%B9	https://jp.mercari.com/search?keyword=AKIRANAKA%20%E3%83%96%E3%83%A9%E3%82%A6%E3%82%B9	https://jp.mercari.com/search?keyword=%E3%82%A2%E3%82%AD%E3%83%A9%E3%83%8A%E3%82%AB%20%E3%83%96%E3%83%A9%E3%82%A6%E3%82%B9	レディース服	レディース	AKIRANAKA	アキラナカ	ワンピース	ブラウス／ワンピース／ニット	秋冬	9〜12月	2〜6週間	特になし	特になし	標準サイズは相場確認	標準	3000〜10000	3000	10000	12000〜40000	12000	40000	約7800〜26000	800	33000	230	750	ゆうパケットポスト〜宅急便コンパクト	中	A	70	75	50	60	普通	60	高	低	0	中〜高	-10	50	59	慎重	要検証	美品・相場あり・利益あり	人気品番/近年モデル	秋冬需要	脇汗 / 黄ばみ / 目立つシミ / 強い香水臭 / 経年劣化	シミ / 脇汗 / 黄ばみ / 内側劣化	経年劣化 / 汚れリスク / 相場確認必須	アキラナカ ワンピース ブラウス ニット	3	正面 / 背面 / ブランドタグ / 素材タグ / サイズタグ / 実寸が分かる写真 / ダメージ箇所	条件が合えばリサーチ	条件一致時のみ仕入れ候補。	ブランド / 服種類 / 仕入れ値 / サイズ / 素材タグ写真 / ブランドタグ写真 / 全体写真 / 状態 / メルカリ売切相場	脇汗 / 黄ばみ / 目立つシミ / 虫食い / 穴/破れ / ファスナー不良 / 強い臭い	ヴィンテージ/希少ブランドで状態込み相場が確認できる場合のみ	脇汗、黄ばみ、シミ、虫食い、穴、毛玉、素材タグ、サイズ表記は確認しましたか？	アキラナカ ワンピース	AKIRANAKA ブラウス	アキラナカ ブラウス	正面 / 背面 / ブランドタグ / 素材タグ / サイズタグ / 脇 / 襟 / 袖口 / 裾 / ダメージ箇所	条件が揃う場合のみ。迷ったら見送り
v4	RULE_0087	BRD_0087	CAT_002	TRUE	SCORE_V1	https://jp.mercari.com/search?keyword=%E3%83%AB%E3%82%B7%E3%82%A7%E3%83%AB%E3%83%96%E3%83%AB%E3%83%BC%20%E3%83%AF%E3%83%B3%E3%83%94%E3%83%BC%E3%82%B9	https://jp.mercari.com/search?keyword=LE%20CIEL%20BLEU%20%E3%83%AF%E3%83%B3%E3%83%94%E3%83%BC%E3%82%B9	https://jp.mercari.com/search?keyword=%E3%83%AB%E3%82%B7%E3%82%A7%E3%83%AB%E3%83%96%E3%83%AB%E3%83%BC%20%E3%83%AF%E3%83%B3%E3%83%94%E3%83%BC%E3%82%B9%EF%BC%8F%E3%82%A2%E3%82%A6%E3%82%BF%E3%83%BC%EF%BC%8F%E5%A4%89%E5%BD%A2%E6%9C%8D	レディース服	レディース	LE CIEL BLEU	ルシェルブルー	ワンピース	ワンピース／アウター／変形服	春夏寄り	9〜12月	2〜8週間	特になし	特になし	標準サイズは相場確認	標準	1000〜5000	1000	5000	6000〜18000	6000	18000	約4400〜11200	400	15200	750	1200	宅急便60〜100	高	A	70	75	50	60	普通	60	中	低	0	中	-20	50	42	慎重	要検証	デザイン性	デザイン強め	相場次第	脇汗 / 黄ばみ / 目立つシミ / 強い香水臭	シミ / 脇汗 / 黄ばみ	汚れリスク / 送料高 / 相場確認必須	ルシェルブルー ワンピース	3	正面 / 背面 / ブランドタグ / 素材タグ / サイズタグ / 実寸が分かる写真 / ダメージ箇所	条件が合えばリサーチ	条件一致時のみ仕入れ候補。	ブランド / 服種類 / 仕入れ値 / サイズ / 素材タグ写真 / ブランドタグ写真 / 全体写真 / 状態 / メルカリ売切相場	脇汗 / 黄ばみ / 目立つシミ / 虫食い / 穴/破れ / ファスナー不良 / 強い臭い	ヴィンテージ/希少ブランドで状態込み相場が確認できる場合のみ	脇汗、黄ばみ、シミ、虫食い、穴、毛玉、素材タグ、サイズ表記は確認しましたか？	ルシェルブルー ワンピース	LE CIEL BLEU ワンピース	ルシェルブルー ワンピース／アウター／変形服	正面 / 背面 / ブランドタグ / 素材タグ / サイズタグ / 脇 / 襟 / 袖口 / 裾 / ダメージ箇所	条件が揃う場合のみ。迷ったら見送り
v4	RULE_0088	BRD_0088	CAT_002	TRUE	SCORE_V1	https://jp.mercari.com/search?keyword=%E3%82%A2%E3%82%A4%E3%83%AC%E3%83%8D%20%E3%83%AF%E3%83%B3%E3%83%94%E3%83%BC%E3%82%B9	https://jp.mercari.com/search?keyword=IRENE%20%E3%83%AF%E3%83%B3%E3%83%94%E3%83%BC%E3%82%B9	https://jp.mercari.com/search?keyword=%E3%82%A2%E3%82%A4%E3%83%AC%E3%83%8D%20%E3%83%AF%E3%83%B3%E3%83%94%E3%83%BC%E3%82%B9%EF%BC%8F%E3%83%96%E3%83%A9%E3%82%A6%E3%82%B9%EF%BC%8F%E3%83%91%E3%83%B3%E3%83%84	レディース服	レディース	IRENE	アイレネ	ワンピース	ワンピース／ブラウス／パンツ	春夏寄り	3〜8月	2〜6週間	特になし	特になし	標準サイズは相場確認	標準	3000〜10000	3000	10000	10000〜35000	10000	35000	約6000〜21500	-1000	28500	230	750	ゆうパケットポスト〜宅急便コンパクト	中	A	70	75	50	60	普通	60	高	低	0	中	-20	50	49	慎重	要検証	美品・相場あり・利益あり	ブランド/状態次第	相場次第	脇汗 / 黄ばみ / 目立つシミ / 強い香水臭	シミ / 脇汗 / 黄ばみ	汚れリスク / 相場確認必須	アイレネ ワンピース ブラウス パンツ	3	正面 / 背面 / ブランドタグ / 素材タグ / サイズタグ / 実寸が分かる写真 / ダメージ箇所	条件が合えばリサーチ	条件一致時のみ仕入れ候補。	ブランド / 服種類 / 仕入れ値 / サイズ / 素材タグ写真 / ブランドタグ写真 / 全体写真 / 状態 / メルカリ売切相場	脇汗 / 黄ばみ / 目立つシミ / 虫食い / 穴/破れ / ファスナー不良 / 強い臭い	ヴィンテージ/希少ブランドで状態込み相場が確認できる場合のみ	脇汗、黄ばみ、シミ、虫食い、穴、毛玉、素材タグ、サイズ表記は確認しましたか？	アイレネ ワンピース	IRENE ワンピース	アイレネ ワンピース／ブラウス／パンツ	正面 / 背面 / ブランドタグ / 素材タグ / サイズタグ / 脇 / 襟 / 袖口 / 裾 / ダメージ箇所	条件が揃う場合のみ。迷ったら見送り
v4	RULE_0089	BRD_0089	CAT_002	TRUE	SCORE_V1	https://jp.mercari.com/search?keyword=%E3%82%A2%E3%83%89%E3%83%BC%E3%82%A2%20%E3%83%AF%E3%83%B3%E3%83%94%E3%83%BC%E3%82%B9	https://jp.mercari.com/search?keyword=ADORE%20%E3%83%AF%E3%83%B3%E3%83%94%E3%83%BC%E3%82%B9	https://jp.mercari.com/search?keyword=%E3%82%A2%E3%83%89%E3%83%BC%E3%82%A2%20%E3%83%AF%E3%83%B3%E3%83%94%E3%83%BC%E3%82%B9%EF%BC%8F%E3%83%96%E3%83%A9%E3%82%A6%E3%82%B9%EF%BC%8F%E3%82%B3%E3%83%BC%E3%83%88	レディース服	レディース	ADORE	アドーア	ワンピース	ワンピース／ブラウス／コート	秋冬	9〜12月	1〜3週間	特になし	特になし	38/40は需要あり	標準	2000〜7000	2000	7000	8000〜25000	8000	25000	約5200〜15500	200	20500	750	1200	宅急便60〜100	高	S	85	75	50	75	早い	80	高	低	0	中	-20	75	60	条件付き買い	高	38/40は需要あり	日本製/高級ライン	秋冬需要	脇汗 / 黄ばみ / 目立つシミ / 強い香水臭	シミ / 脇汗 / 黄ばみ	汚れリスク / 送料高	アドーア ワンピース ブラウス コート	3	正面 / 背面 / ブランドタグ / 素材タグ / サイズタグ / 実寸が分かる写真 / ダメージ箇所	見つけたら即リサーチ	優先確認。利益が出れば仕入れ候補。	ブランド / 服種類 / 仕入れ値 / サイズ / 素材タグ写真 / ブランドタグ写真 / 全体写真 / 状態 / メルカリ売切相場	脇汗 / 黄ばみ / 目立つシミ / 虫食い / 穴/破れ / ファスナー不良 / 強い臭い	ヴィンテージ/希少ブランドで状態込み相場が確認できる場合のみ	脇汗、黄ばみ、シミ、虫食い、穴、毛玉、素材タグ、サイズ表記は確認しましたか？	アドーア ワンピース	ADORE ワンピース	アドーア ワンピース／ブラウス／コート	正面 / 背面 / ブランドタグ / 素材タグ / サイズタグ / 脇 / 襟 / 袖口 / 裾 / ダメージ箇所	利益3000円以上または低仕入れなら購入候補
v4	RULE_0090	BRD_0090	CAT_002	TRUE	SCORE_V1	https://jp.mercari.com/search?keyword=%E3%83%AB%20%E3%83%95%E3%82%A3%E3%83%AB%20%E3%83%AF%E3%83%B3%E3%83%94%E3%83%BC%E3%82%B9	https://jp.mercari.com/search?keyword=LE%20PHIL%20%E3%83%AF%E3%83%B3%E3%83%94%E3%83%BC%E3%82%B9	https://jp.mercari.com/search?keyword=%E3%83%AB%20%E3%83%95%E3%82%A3%E3%83%AB%20%E3%83%AF%E3%83%B3%E3%83%94%E3%83%BC%E3%82%B9%EF%BC%8F%E3%83%96%E3%83%A9%E3%82%A6%E3%82%B9%EF%BC%8F%E3%83%91%E3%83%B3%E3%83%84	レディース服	レディース	LE PHIL	ル フィル	ワンピース	ワンピース／ブラウス／パンツ	春夏寄り	3〜8月	2〜6週間	特になし	特になし	標準サイズは相場確認	標準	3000〜10000	3000	10000	10000〜35000	10000	35000	約6000〜21500	-1000	28500	230	750	ゆうパケットポスト〜宅急便コンパクト	中	A	70	75	50	60	普通	60	高	低	0	中	-20	50	49	慎重	要検証	美品・相場あり・利益あり	ブランド/状態次第	相場次第	脇汗 / 黄ばみ / 目立つシミ / 強い香水臭	シミ / 脇汗 / 黄ばみ	汚れリスク / 相場確認必須	ル フィル ワンピース ブラウス パンツ	3	正面 / 背面 / ブランドタグ / 素材タグ / サイズタグ / 実寸が分かる写真 / ダメージ箇所	条件が合えばリサーチ	条件一致時のみ仕入れ候補。	ブランド / 服種類 / 仕入れ値 / サイズ / 素材タグ写真 / ブランドタグ写真 / 全体写真 / 状態 / メルカリ売切相場	脇汗 / 黄ばみ / 目立つシミ / 虫食い / 穴/破れ / ファスナー不良 / 強い臭い	ヴィンテージ/希少ブランドで状態込み相場が確認できる場合のみ	脇汗、黄ばみ、シミ、虫食い、穴、毛玉、素材タグ、サイズ表記は確認しましたか？	ル フィル ワンピース	LE PHIL ワンピース	ル フィル ワンピース／ブラウス／パンツ	正面 / 背面 / ブランドタグ / 素材タグ / サイズタグ / 脇 / 襟 / 袖口 / 裾 / ダメージ箇所	条件が揃う場合のみ。迷ったら見送り
v4	RULE_0091	BRD_0091	CAT_002	TRUE	SCORE_V1	https://jp.mercari.com/search?keyword=%E3%82%A8%E3%83%96%E3%83%BC%E3%83%AB%20%E3%83%AF%E3%83%B3%E3%83%94%E3%83%BC%E3%82%B9	https://jp.mercari.com/search?keyword=ebure%20%E3%83%AF%E3%83%B3%E3%83%94%E3%83%BC%E3%82%B9	https://jp.mercari.com/search?keyword=%E3%82%A8%E3%83%96%E3%83%BC%E3%83%AB%20%E3%83%AF%E3%83%B3%E3%83%94%E3%83%BC%E3%82%B9%EF%BC%8F%E3%82%B3%E3%83%BC%E3%83%88%EF%BC%8F%E3%83%8B%E3%83%83%E3%83%88	レディース服	レディース	ebure	エブール	ワンピース	ワンピース／コート／ニット	秋冬	9〜12月	1〜3週間	特になし	特になし	標準サイズは相場確認	標準	3000〜12000	3000	12000	12000〜50000	12000	50000	約7800〜33000	-1200	42000	750	1200	宅急便60〜100	高	S	85	75	50	60	早い	80	高	低	0	中〜高	-10	60	66	条件付き買い	要検証	美品・相場あり・利益あり	ブランド/状態次第	秋冬需要	脇汗 / 黄ばみ / 目立つシミ / 強い香水臭 / 経年劣化	シミ / 脇汗 / 黄ばみ / 内側劣化	経年劣化 / 汚れリスク / 送料高 / 相場確認必須	エブール ワンピース コート ニット	3	正面 / 背面 / ブランドタグ / 素材タグ / サイズタグ / 実寸が分かる写真 / ダメージ箇所	見つけたら即リサーチ	優先確認。利益が出れば仕入れ候補。	ブランド / 服種類 / 仕入れ値 / サイズ / 素材タグ写真 / ブランドタグ写真 / 全体写真 / 状態 / メルカリ売切相場	脇汗 / 黄ばみ / 目立つシミ / 虫食い / 穴/破れ / ファスナー不良 / 強い臭い	ヴィンテージ/希少ブランドで状態込み相場が確認できる場合のみ	脇汗、黄ばみ、シミ、虫食い、穴、毛玉、素材タグ、サイズ表記は確認しましたか？	エブール ワンピース	ebure ワンピース	エブール ワンピース／コート／ニット	正面 / 背面 / ブランドタグ / 素材タグ / サイズタグ / 脇 / 襟 / 袖口 / 裾 / ダメージ箇所	利益3000円以上または低仕入れなら購入候補
v4	RULE_0092	BRD_0092	CAT_002	TRUE	SCORE_V1	https://jp.mercari.com/search?keyword=%E3%82%AB%E3%82%AA%E3%82%B9%20%E3%83%AF%E3%83%B3%E3%83%94%E3%83%BC%E3%82%B9	https://jp.mercari.com/search?keyword=Chaos%20%E3%83%8B%E3%83%83%E3%83%88	https://jp.mercari.com/search?keyword=%E3%82%AB%E3%82%AA%E3%82%B9%20%E3%83%8B%E3%83%83%E3%83%88%20%E3%82%A6%E3%83%BC%E3%83%AB	レディース服	レディース	Chaos	カオス	ワンピース	ニット／ワンピース／パンツ	秋冬	9〜12月	2〜6週間	ウール	ウール	標準サイズは相場確認	標準	3000〜10000	3000	10000	10000〜35000	10000	35000	約6000〜21500	-1000	28500	230	750	ゆうパケットポスト〜宅急便コンパクト	中	A	70	75	80	60	普通	60	高	低	0	中〜高	-10	50	62	条件付き買い	要検証	ウール	人気品番/近年モデル	秋冬需要	脇汗 / 黄ばみ / 目立つシミ / 強い香水臭 / 経年劣化	シミ / 脇汗 / 黄ばみ / 内側劣化 / 毛玉/毛羽立ち	経年劣化 / 汚れリスク / 相場確認必須	カオス ワンピース パンツ ニット	3	正面 / 背面 / ブランドタグ / 素材タグ / サイズタグ / 実寸が分かる写真 / ダメージ箇所	条件が合えばリサーチ	条件一致時のみ仕入れ候補。	ブランド / 服種類 / 仕入れ値 / サイズ / 素材タグ写真 / ブランドタグ写真 / 全体写真 / 状態 / メルカリ売切相場	脇汗 / 黄ばみ / 目立つシミ / 虫食い / 穴/破れ / ファスナー不良 / 強い臭い	ヴィンテージ/希少ブランドで状態込み相場が確認できる場合のみ	脇汗、黄ばみ、シミ、虫食い、穴、毛玉、素材タグ、サイズ表記は確認しましたか？	カオス ワンピース	Chaos ニット	カオス ニット ウール	正面 / 背面 / ブランドタグ / 素材タグ / サイズタグ / 脇 / 襟 / 袖口 / 裾 / ダメージ箇所	利益3000円以上または低仕入れなら購入候補
v4	RULE_0093	BRD_0093	CAT_002	TRUE	SCORE_V1	https://jp.mercari.com/search?keyword=%E3%82%A6%E3%82%A3%E3%83%A0%E3%82%AC%E3%82%BC%E3%83%83%E3%83%88%20%E3%83%AF%E3%83%B3%E3%83%94%E3%83%BC%E3%82%B9	https://jp.mercari.com/search?keyword=Whim%20Gazette%20%E3%83%96%E3%83%A9%E3%82%A6%E3%82%B9	https://jp.mercari.com/search?keyword=%E3%82%A6%E3%82%A3%E3%83%A0%E3%82%AC%E3%82%BC%E3%83%83%E3%83%88%20%E3%83%96%E3%83%A9%E3%82%A6%E3%82%B9	レディース服	レディース	Whim Gazette	ウィムガゼット	ワンピース	ブラウス／ワンピース／パンツ	春夏寄り	3〜8月	2〜6週間	特になし	特になし	標準サイズは相場確認	標準	1000〜5000	1000	5000	6000〜18000	6000	18000	約4400〜11200	400	15200	230	750	ゆうパケットポスト〜宅急便コンパクト	中	A	70	75	50	60	普通	60	中	低	0	中	-20	50	42	慎重	要検証	美品・相場あり・利益あり	ブランド/状態次第	相場次第	脇汗 / 黄ばみ / 目立つシミ / 強い香水臭	シミ / 脇汗 / 黄ばみ	汚れリスク / 相場確認必須	ウィムガゼット ワンピース ブラウス パンツ	3	正面 / 背面 / ブランドタグ / 素材タグ / サイズタグ / 実寸が分かる写真 / ダメージ箇所	条件が合えばリサーチ	条件一致時のみ仕入れ候補。	ブランド / 服種類 / 仕入れ値 / サイズ / 素材タグ写真 / ブランドタグ写真 / 全体写真 / 状態 / メルカリ売切相場	脇汗 / 黄ばみ / 目立つシミ / 虫食い / 穴/破れ / ファスナー不良 / 強い臭い	ヴィンテージ/希少ブランドで状態込み相場が確認できる場合のみ	脇汗、黄ばみ、シミ、虫食い、穴、毛玉、素材タグ、サイズ表記は確認しましたか？	ウィムガゼット ワンピース	Whim Gazette ブラウス	ウィムガゼット ブラウス	正面 / 背面 / ブランドタグ / 素材タグ / サイズタグ / 脇 / 襟 / 袖口 / 裾 / ダメージ箇所	条件が揃う場合のみ。迷ったら見送り
v4	RULE_0094	BRD_0094	CAT_002	TRUE	SCORE_V1	https://jp.mercari.com/search?keyword=%E3%82%AC%E3%83%AA%E3%83%A3%E3%83%AB%E3%83%80%E3%82%AC%E3%83%A9%E3%83%B3%E3%83%86%20%E3%83%AF%E3%83%B3%E3%83%94%E3%83%BC%E3%82%B9	https://jp.mercari.com/search?keyword=GALLARDAGALANTE%20%E3%83%96%E3%83%A9%E3%82%A6%E3%82%B9	https://jp.mercari.com/search?keyword=%E3%82%AC%E3%83%AA%E3%83%A3%E3%83%AB%E3%83%80%E3%82%AC%E3%83%A9%E3%83%B3%E3%83%86%20%E3%83%96%E3%83%A9%E3%82%A6%E3%82%B9%20%E3%83%AA%E3%83%8D%E3%83%B3	レディース服	レディース	GALLARDAGALANTE	ガリャルダガランテ	ワンピース	ブラウス／ワンピース／パンツ	春夏	3〜8月	2〜6週間	リネン/麻	リネン	標準サイズは相場確認	標準	1000〜4000	1000	4000	5000〜15000	5000	15000	約3500〜9500	500	12500	230	750	ゆうパケットポスト〜宅急便コンパクト	中	A	70	75	80	60	普通	60	中	低	0	中	-20	50	45	慎重	要検証	リネン/麻	ブランド/状態次第	春夏需要 / 大人きれいめ / ナチュラル系	脇汗 / 黄ばみ / 目立つシミ / 強い香水臭	シミ / 脇汗 / 黄ばみ	汚れリスク / 相場確認必須	ガリャルダガランテ ワンピース ブラウス リネン パンツ	3	正面 / 背面 / ブランドタグ / 素材タグ / サイズタグ / 実寸が分かる写真 / ダメージ箇所	条件が合えばリサーチ	条件一致時のみ仕入れ候補。	ブランド / 服種類 / 仕入れ値 / サイズ / 素材タグ写真 / ブランドタグ写真 / 全体写真 / 状態 / メルカリ売切相場	脇汗 / 黄ばみ / 目立つシミ / 虫食い / 穴/破れ / ファスナー不良 / 強い臭い	ヴィンテージ/希少ブランドで状態込み相場が確認できる場合のみ	脇汗、黄ばみ、シミ、虫食い、穴、毛玉、素材タグ、サイズ表記は確認しましたか？	ガリャルダガランテ ワンピース	GALLARDAGALANTE ブラウス	ガリャルダガランテ ブラウス リネン	正面 / 背面 / ブランドタグ / 素材タグ / サイズタグ / 脇 / 襟 / 袖口 / 裾 / ダメージ箇所	条件が揃う場合のみ。迷ったら見送り
v4	RULE_0095	BRD_0095	CAT_002	TRUE	SCORE_V1	https://jp.mercari.com/search?keyword=%E3%83%97%E3%83%A9%E3%83%BC%E3%82%B8%E3%83%A5%20%E3%83%96%E3%83%A9%E3%82%A6%E3%82%B9%E3%83%BB%E3%82%B7%E3%83%A3%E3%83%84	https://jp.mercari.com/search?keyword=Plage%20%E3%82%B7%E3%83%A3%E3%83%84	https://jp.mercari.com/search?keyword=%E3%83%97%E3%83%A9%E3%83%BC%E3%82%B8%E3%83%A5%20%E3%82%B7%E3%83%A3%E3%83%84	レディース服	レディース	Plage	プラージュ	ブラウス・シャツ	シャツ／ニット／パンツ	秋冬	9〜12月	2〜6週間	特になし	特になし	標準サイズは相場確認	標準	1000〜5000	1000	5000	6000〜18000	6000	18000	約4400〜11200	400	15200	230	750	ゆうパケットポスト〜宅急便コンパクト	中	A	70	75	50	60	普通	60	中	低	0	中〜高	-10	50	52	慎重	要検証	美品・相場あり・利益あり	人気品番/近年モデル	秋冬需要	脇汗 / 黄ばみ / 目立つシミ / 強い香水臭 / 経年劣化	シミ / 脇汗 / 黄ばみ / 内側劣化	経年劣化 / 汚れリスク / 相場確認必須	プラージュ ブラウス シャツ パンツ ニット	3	正面 / 背面 / ブランドタグ / 素材タグ / サイズタグ / 実寸が分かる写真 / ダメージ箇所	条件が合えばリサーチ	条件一致時のみ仕入れ候補。	ブランド / 服種類 / 仕入れ値 / サイズ / 素材タグ写真 / ブランドタグ写真 / 全体写真 / 状態 / メルカリ売切相場	脇汗 / 黄ばみ / 目立つシミ / 虫食い / 穴/破れ / ファスナー不良 / 強い臭い	ヴィンテージ/希少ブランドで状態込み相場が確認できる場合のみ	脇汗、黄ばみ、シミ、虫食い、穴、毛玉、素材タグ、サイズ表記は確認しましたか？	プラージュ ブラウス・シャツ	Plage シャツ	プラージュ シャツ	正面 / 背面 / ブランドタグ / 素材タグ / サイズタグ / 脇 / 襟 / 袖口 / 裾 / ダメージ箇所	条件が揃う場合のみ。迷ったら見送り
v4	RULE_0096	BRD_0096	CAT_002	TRUE	SCORE_V1	https://jp.mercari.com/search?keyword=%E3%83%AD%E3%83%B3%E3%83%8F%E3%83%BC%E3%83%9E%E3%83%B3%20%E3%83%AF%E3%83%B3%E3%83%94%E3%83%BC%E3%82%B9	https://jp.mercari.com/search?keyword=Ron%20Herman%20%E3%83%AF%E3%83%B3%E3%83%94%E3%83%BC%E3%82%B9	https://jp.mercari.com/search?keyword=%E3%83%AD%E3%83%B3%E3%83%8F%E3%83%BC%E3%83%9E%E3%83%B3%20%E3%83%AF%E3%83%B3%E3%83%94%E3%83%BC%E3%82%B9%EF%BC%8F%E3%83%8B%E3%83%83%E3%83%88%EF%BC%8F%E3%82%AB%E3%83%83%E3%83%88%E3%82%BD%E3%83%BC	レディース服	レディース	Ron Herman	ロンハーマン	ワンピース	ワンピース／ニット／カットソー	秋冬	9〜12月	1〜3週間	特になし	特になし	標準サイズは相場確認	標準	2000〜8000	2000	8000	8000〜30000	8000	30000	約5200〜19000	-800	25000	230	750	ゆうパケットポスト〜宅急便コンパクト	中	S	85	75	50	60	早い	80	高	低	0	中〜高	-10	60	66	条件付き買い	要検証	美品・相場あり・利益あり	コラボ/別注	秋冬需要	脇汗 / 黄ばみ / 目立つシミ / 強い香水臭 / 経年劣化	シミ / 脇汗 / 黄ばみ / 内側劣化	経年劣化 / 汚れリスク / 相場確認必須	ロンハーマン ワンピース ニット	3	正面 / 背面 / ブランドタグ / 素材タグ / サイズタグ / 実寸が分かる写真 / ダメージ箇所	見つけたら即リサーチ	優先確認。利益が出れば仕入れ候補。	ブランド / 服種類 / 仕入れ値 / サイズ / 素材タグ写真 / ブランドタグ写真 / 全体写真 / 状態 / メルカリ売切相場	脇汗 / 黄ばみ / 目立つシミ / 虫食い / 穴/破れ / ファスナー不良 / 強い臭い	ヴィンテージ/希少ブランドで状態込み相場が確認できる場合のみ	脇汗、黄ばみ、シミ、虫食い、穴、毛玉、素材タグ、サイズ表記は確認しましたか？	ロンハーマン ワンピース	Ron Herman ワンピース	ロンハーマン ワンピース／ニット／カットソー	正面 / 背面 / ブランドタグ / 素材タグ / サイズタグ / 脇 / 襟 / 袖口 / 裾 / ダメージ箇所	利益3000円以上または低仕入れなら購入候補
v4	RULE_0097	BRD_0097	CAT_002	TRUE	SCORE_V1	https://jp.mercari.com/search?keyword=%E3%82%A8%E3%83%96%E3%83%BC%E3%83%AB%20%E3%83%95%E3%82%A9%E3%83%BC%20%E3%83%AD%E3%83%B3%E3%83%8F%E3%83%BC%E3%83%9E%E3%83%B3%20%E3%83%AF%E3%83%B3%E3%83%94%E3%83%BC%E3%82%B9	https://jp.mercari.com/search?keyword=ebure%20for%20Ron%20Herman%20%E5%88%A5%E6%B3%A8%E3%83%AF%E3%83%B3%E3%83%94%E3%83%BC%E3%82%B9	https://jp.mercari.com/search?keyword=%E3%82%A8%E3%83%96%E3%83%BC%E3%83%AB%20%E3%83%95%E3%82%A9%E3%83%BC%20%E3%83%AD%E3%83%B3%E3%83%8F%E3%83%BC%E3%83%9E%E3%83%B3%20%E5%88%A5%E6%B3%A8%E3%83%AF%E3%83%B3%E3%83%94%E3%83%BC%E3%82%B9	レディース服	レディース	ebure for Ron Herman	エブール フォー ロンハーマン	ワンピース	別注ワンピース／ニット	秋冬	9〜12月	1〜3週間	特になし	特になし	標準サイズは相場確認	標準	3000〜12000	3000	12000	12000〜50000	12000	50000	約7800〜33000	-1200	42000	230	750	ゆうパケットポスト〜宅急便コンパクト	中	S	85	75	50	60	早い	80	高	低	0	中〜高	-10	60	66	条件付き買い	要検証	美品・相場あり・利益あり	人気品番/近年モデル / コラボ/別注	秋冬需要	脇汗 / 黄ばみ / 目立つシミ / 強い香水臭 / 経年劣化	シミ / 脇汗 / 黄ばみ / 内側劣化	経年劣化 / 汚れリスク / 相場確認必須	エブール フォー ロンハーマン ワンピース ニット	3	正面 / 背面 / ブランドタグ / 素材タグ / サイズタグ / 実寸が分かる写真 / ダメージ箇所	見つけたら即リサーチ	優先確認。利益が出れば仕入れ候補。	ブランド / 服種類 / 仕入れ値 / サイズ / 素材タグ写真 / ブランドタグ写真 / 全体写真 / 状態 / メルカリ売切相場	脇汗 / 黄ばみ / 目立つシミ / 虫食い / 穴/破れ / ファスナー不良 / 強い臭い	ヴィンテージ/希少ブランドで状態込み相場が確認できる場合のみ	脇汗、黄ばみ、シミ、虫食い、穴、毛玉、素材タグ、サイズ表記は確認しましたか？	エブール フォー ロンハーマン ワンピース	ebure for Ron Herman 別注ワンピース	エブール フォー ロンハーマン 別注ワンピース	正面 / 背面 / ブランドタグ / 素材タグ / サイズタグ / 脇 / 襟 / 袖口 / 裾 / ダメージ箇所	利益3000円以上または低仕入れなら購入候補
v4	RULE_0098	BRD_0098	CAT_002	TRUE	SCORE_V1	https://jp.mercari.com/search?keyword=%E3%83%A8%E3%83%AA%20%E3%83%96%E3%83%A9%E3%82%A6%E3%82%B9%E3%83%BB%E3%82%B7%E3%83%A3%E3%83%84	https://jp.mercari.com/search?keyword=Yori%20%E3%83%96%E3%83%A9%E3%82%A6%E3%82%B9	https://jp.mercari.com/search?keyword=%E3%83%A8%E3%83%AA%20%E3%83%96%E3%83%A9%E3%82%A6%E3%82%B9	レディース服	レディース	Yori	ヨリ	ブラウス・シャツ	ブラウス／ジレ／パンツ	春夏寄り	3〜8月	1〜3週間	特になし	特になし	標準サイズは相場確認	標準	3000〜10000	3000	10000	12000〜35000	12000	35000	約7800〜21500	800	28500	210	450	ネコポス/ゆうパケットポスト	低〜中	S	85	75	50	60	早い	80	高	中	-20	中	-20	60	36	見送り	要検証	美品・相場あり・利益あり	人気品番/近年モデル	インフルエンサー需要	脇汗 / 黄ばみ / 目立つシミ / 強い香水臭	シミ / 脇汗 / 黄ばみ	真贋注意 / 汚れリスク / 相場確認必須	ヨリ ブラウス シャツ パンツ	3	正面 / 背面 / ブランドタグ / 素材タグ / サイズタグ / 実寸が分かる写真 / ダメージ箇所	見つけたら即リサーチ	優先確認。利益が出れば仕入れ候補。	ブランド / 服種類 / 仕入れ値 / サイズ / 素材タグ写真 / ブランドタグ写真 / 全体写真 / 状態 / メルカリ売切相場 / 真贋確認情報	脇汗 / 黄ばみ / 目立つシミ / 虫食い / 穴/破れ / ファスナー不良 / 強い臭い / 真贋不明 / 内タグ/シリアル/品質タグ欠損	ヴィンテージ/希少ブランドで状態込み相場が確認できる場合のみ / 鑑定済み・正規タグ確認・購入元信頼性ありの場合のみ	脇汗、黄ばみ、シミ、虫食い、穴、毛玉、素材タグ、サイズ表記は確認しましたか？	ヨリ ブラウス・シャツ	Yori ブラウス	ヨリ ブラウス	正面 / 背面 / ブランドタグ / 素材タグ / サイズタグ / 脇 / 襟 / 袖口 / 裾 / ダメージ箇所	原則見送り
v4	RULE_0099	BRD_0099	CAT_002	TRUE	SCORE_V1	https://jp.mercari.com/search?keyword=%E3%82%AA%E3%83%BC%E3%82%AC%20%E3%83%90%E3%83%83%E3%82%B0	https://jp.mercari.com/search?keyword=OHGA%20%E3%83%96%E3%83%A9%E3%82%A6%E3%82%B9	https://jp.mercari.com/search?keyword=%E3%82%AA%E3%83%BC%E3%82%AC%20%E3%83%96%E3%83%A9%E3%82%A6%E3%82%B9	レディース服	レディース	OHGA	オーガ	バッグ	ブラウス／パンプス／バッグ	通年	通年	2〜6週間	特になし	特になし	標準サイズは相場確認	標準	3000〜10000	3000	10000	10000〜30000	10000	30000	約6000〜17000	-1000	24000	750	1050	宅急便60〜80	高	A	70	75	50	60	普通	60	高	低	0	高	-35	50	34	見送り	要検証	美品・相場あり・利益あり	ブランド/状態次第	通年需要 / インフルエンサー需要	ベタつき / 角破れ / 内側劣化 / ショルダー欠品	ベタつき / 内側劣化 / 穴/破れ / 欠品	経年劣化 / 送料高 / 相場確認必須	オーガ ブラウス バッグ	3	正面 / 背面 / 角4カ所 / 内側 / ブランドタグ/ロゴ / ショルダー/付属品	条件が合えばリサーチ	条件一致時のみ仕入れ候補。	ブランド / 服種類 / 仕入れ値 / サイズ / 素材タグ写真 / ブランドタグ写真 / 全体写真 / 状態 / メルカリ売切相場	内側ベタつき / 粉吹き / 合皮剥がれ / 強い臭い / ファスナー不良 / ショルダー欠品※2WAY/斜め掛け前提品	高単価ブランドで補修・清掃後も粗利が十分ある場合のみ再検討	角スレ、内側ベタつき、臭い、ファスナー不良、ショルダー/付属品欠品はありますか？	オーガ バッグ	OHGA ブラウス	オーガ ブラウス	正面 / 背面 / 底角4カ所 / 持ち手 / 内側 / ロゴ / 金具 / ファスナー / 付属品	原則見送り
v4	RULE_0100	BRD_0100	CAT_002	TRUE	SCORE_V1	https://jp.mercari.com/search?keyword=%E3%83%84%E3%83%AB%20%E3%83%90%E3%82%A4%20%E3%83%9E%E3%83%AA%E3%82%B3%20%E3%82%AA%E3%82%A4%E3%82%AB%E3%83%AF%20%E3%83%AF%E3%83%B3%E3%83%94%E3%83%BC%E3%82%B9	https://jp.mercari.com/search?keyword=TSURU%20by%20Mariko%20Oikawa%20%E3%83%96%E3%83%A9%E3%82%A6%E3%82%B9	https://jp.mercari.com/search?keyword=%E3%83%84%E3%83%AB%20%E3%83%90%E3%82%A4%20%E3%83%9E%E3%83%AA%E3%82%B3%20%E3%82%AA%E3%82%A4%E3%82%AB%E3%83%AF%20%E3%83%96%E3%83%A9%E3%82%A6%E3%82%B9%20%E3%83%AC%E3%83%BC%E3%82%B9%20%E5%88%BA%E7%B9%8D	レディース服	レディース	TSURU by Mariko Oikawa	ツル バイ マリコ オイカワ	ワンピース	ブラウス／パンプス／ワンピース	春夏寄り	3〜8月	2〜6週間	刺繍/レース/ビジュー	レース / 刺繍	標準サイズは相場確認	標準	3000〜10000	3000	10000	10000〜30000	10000	30000	約6000〜17000	-1000	24000	750	1050	宅急便60〜80	高	A	70	75	80	60	普通	60	高	低	0	中	-20	50	52	慎重	要検証	刺繍/レース/ビジュー	デザイン強め	相場次第	脇汗 / 黄ばみ / 目立つシミ / 強い香水臭	シミ / 脇汗 / 黄ばみ	汚れリスク / 相場確認必須	ツル バイ マリコ オイカワ ワンピース ブラウス レース 刺繍	3	正面 / 背面 / ブランドタグ / 素材タグ / サイズタグ / 実寸が分かる写真 / ダメージ箇所	条件が合えばリサーチ	条件一致時のみ仕入れ候補。	ブランド / 服種類 / 仕入れ値 / サイズ / 素材タグ写真 / ブランドタグ写真 / 全体写真 / 状態 / メルカリ売切相場	ソール大幅減り / 加水分解 / 革割れ / 強い臭い / サイズ表記不明	Paraboot等の高単価靴で修理費込みでも粗利が残る場合のみ	ソール減り、かかと減り、革割れ、臭い、サイズ表記は確認できますか？	ツル バイ マリコ オイカワ ワンピース	TSURU by Mariko Oikawa ブラウス	ツル バイ マリコ オイカワ ブラウス レース 刺繍	左右全体 / つま先 / かかと / ソール裏 / サイズ表記 / 中敷き / ダメージ箇所	条件が揃う場合のみ。迷ったら見送り
v4	RULE_0101	BRD_0101	CAT_002	TRUE	SCORE_V1	https://jp.mercari.com/search?keyword=%E3%82%AA%E3%83%96%E3%83%AA%20%E3%83%AF%E3%83%B3%E3%83%94%E3%83%BC%E3%82%B9	https://jp.mercari.com/search?keyword=OBLI%20%E3%83%AF%E3%83%B3%E3%83%94%E3%83%BC%E3%82%B9	https://jp.mercari.com/search?keyword=%E3%82%AA%E3%83%96%E3%83%AA%20%E3%83%AF%E3%83%B3%E3%83%94%E3%83%BC%E3%82%B9%EF%BC%8F%E3%82%B9%E3%82%AB%E3%83%BC%E3%83%88	レディース服	レディース	OBLI	オブリ	ワンピース	ワンピース／スカート	春夏寄り	3〜8月	2〜6週間	特になし	特になし	標準サイズは相場確認	標準	3000〜10000	3000	10000	10000〜30000	10000	30000	約6000〜17000	-1000	24000	230	750	ゆうパケットポスト〜宅急便コンパクト	中	A	70	75	50	60	普通	60	高	低	0	中	-20	50	49	慎重	要検証	美品・相場あり・利益あり	人気品番/近年モデル	インフルエンサー需要	脇汗 / 黄ばみ / 目立つシミ / 強い香水臭	シミ / 脇汗 / 黄ばみ	汚れリスク / 相場確認必須	オブリ ワンピース スカート	3	正面 / 背面 / ブランドタグ / 素材タグ / サイズタグ / 実寸が分かる写真 / ダメージ箇所	条件が合えばリサーチ	条件一致時のみ仕入れ候補。	ブランド / 服種類 / 仕入れ値 / サイズ / 素材タグ写真 / ブランドタグ写真 / 全体写真 / 状態 / メルカリ売切相場	脇汗 / 黄ばみ / 目立つシミ / 虫食い / 穴/破れ / ファスナー不良 / 強い臭い	ヴィンテージ/希少ブランドで状態込み相場が確認できる場合のみ	脇汗、黄ばみ、シミ、虫食い、穴、毛玉、素材タグ、サイズ表記は確認しましたか？	オブリ ワンピース	OBLI ワンピース	オブリ ワンピース／スカート	正面 / 背面 / ブランドタグ / 素材タグ / サイズタグ / 脇 / 襟 / 袖口 / 裾 / ダメージ箇所	条件が揃う場合のみ。迷ったら見送り
v4	RULE_0102	BRD_0102	CAT_002	TRUE	SCORE_V1	https://jp.mercari.com/search?keyword=%E3%82%BB%E3%83%96%E3%83%B3%E3%83%86%E3%83%B3%20%E3%83%90%E3%82%A4%20%E3%83%9F%E3%83%9B%E3%82%AB%E3%83%AF%E3%83%92%E3%83%88%20%E3%83%90%E3%83%83%E3%82%B0	https://jp.mercari.com/search?keyword=SEVENTEN%20by%20MIHO%20KAWAHITO%20%E3%83%96%E3%83%A9%E3%82%A6%E3%82%B9	https://jp.mercari.com/search?keyword=%E3%82%BB%E3%83%96%E3%83%B3%E3%83%86%E3%83%B3%20%E3%83%90%E3%82%A4%20%E3%83%9F%E3%83%9B%E3%82%AB%E3%83%AF%E3%83%92%E3%83%88%20%E3%83%96%E3%83%A9%E3%82%A6%E3%82%B9	レディース服	レディース	SEVENTEN by MIHO KAWAHITO	セブンテン バイ ミホカワヒト	バッグ	ブラウス／スカート／バッグ	通年	通年	1〜3週間	特になし	特になし	標準サイズは相場確認	標準	5000〜15000	5000	15000	15000〜50000	15000	50000	約8500〜30000	-1500	40000	750	1050	宅急便60〜80	高	S	85	75	50	60	早い	80	高	中	-20	高	-35	60	22	見送り	要検証	美品・相場あり・利益あり	人気品番/近年モデル	通年需要 / インフルエンサー需要	ベタつき / 角破れ / 内側劣化 / ショルダー欠品	ベタつき / 内側劣化 / 穴/破れ / 欠品 / 真贋不明	真贋注意 / 経年劣化 / 送料高 / 相場確認必須	セブンテン バイ ミホカワヒト ブラウス バッグ スカート	3	正面 / 背面 / 角4カ所 / 内側 / ブランドタグ/ロゴ / ショルダー/付属品	見つけたら即リサーチ	優先確認。利益が出れば仕入れ候補。	ブランド / 服種類 / 仕入れ値 / サイズ / 素材タグ写真 / ブランドタグ写真 / 全体写真 / 状態 / メルカリ売切相場 / 真贋確認情報	内側ベタつき / 粉吹き / 合皮剥がれ / 強い臭い / ファスナー不良 / ショルダー欠品※2WAY/斜め掛け前提品 / 真贋不明 / 内タグ/シリアル/品質タグ欠損	高単価ブランドで補修・清掃後も粗利が十分ある場合のみ再検討 / 鑑定済み・正規タグ確認・購入元信頼性ありの場合のみ	角スレ、内側ベタつき、臭い、ファスナー不良、ショルダー/付属品欠品はありますか？	セブンテン バイ ミホカワヒト バッグ	SEVENTEN by MIHO KAWAHITO ブラウス	セブンテン バイ ミホカワヒト ブラウス	正面 / 背面 / 底角4カ所 / 持ち手 / 内側 / ロゴ / 金具 / ファスナー / 付属品	原則見送り
v4	RULE_0103	BRD_0103	CAT_002	TRUE	SCORE_V1	https://jp.mercari.com/search?keyword=%E3%83%89%E3%83%AB%E3%83%81%E3%82%A7%20%E3%83%96%E3%83%A9%E3%82%A6%E3%82%B9%E3%83%BB%E3%82%B7%E3%83%A3%E3%83%84	https://jp.mercari.com/search?keyword=Dolce.%20%E3%82%B8%E3%83%AC	https://jp.mercari.com/search?keyword=%E3%83%89%E3%83%AB%E3%83%81%E3%82%A7%20%E3%82%B8%E3%83%AC	レディース服	レディース	Dolce.	ドルチェ	ブラウス・シャツ	ジレ／パンツ／ブラウス	春夏寄り	3〜8月	2〜6週間	特になし	特になし	標準サイズは相場確認	標準	2000〜7000	2000	7000	7000〜20000	7000	20000	約4300〜11000	-700	16000	210	450	ネコポス/ゆうパケットポスト	低〜中	A	70	75	50	60	普通	60	高	低	0	中	-20	50	49	慎重	要検証	美品・相場あり・利益あり	ブランド/状態次第	インフルエンサー需要	脇汗 / 黄ばみ / 目立つシミ / 強い香水臭	シミ / 脇汗 / 黄ばみ	汚れリスク / 相場確認必須	ドルチェ ブラウス シャツ パンツ	3	正面 / 背面 / ブランドタグ / 素材タグ / サイズタグ / 実寸が分かる写真 / ダメージ箇所	条件が合えばリサーチ	条件一致時のみ仕入れ候補。	ブランド / 服種類 / 仕入れ値 / サイズ / 素材タグ写真 / ブランドタグ写真 / 全体写真 / 状態 / メルカリ売切相場	脇汗 / 黄ばみ / 目立つシミ / 虫食い / 穴/破れ / ファスナー不良 / 強い臭い	ヴィンテージ/希少ブランドで状態込み相場が確認できる場合のみ	脇汗、黄ばみ、シミ、虫食い、穴、毛玉、素材タグ、サイズ表記は確認しましたか？	ドルチェ ブラウス・シャツ	Dolce. ジレ	ドルチェ ジレ	正面 / 背面 / ブランドタグ / 素材タグ / サイズタグ / 脇 / 襟 / 袖口 / 裾 / ダメージ箇所	条件が揃う場合のみ。迷ったら見送り
v4	RULE_0104	BRD_0104	CAT_002	TRUE	SCORE_V1	https://jp.mercari.com/search?keyword=%E3%83%96%E3%83%AB%E3%83%AC%E3%82%A2%20%E3%83%AF%E3%83%B3%E3%83%94%E3%83%BC%E3%82%B9	https://jp.mercari.com/search?keyword=Bluelea%20%E3%83%96%E3%83%A9%E3%82%A6%E3%82%B9	https://jp.mercari.com/search?keyword=%E3%83%96%E3%83%AB%E3%83%AC%E3%82%A2%20%E3%83%96%E3%83%A9%E3%82%A6%E3%82%B9	レディース服	レディース	Bluelea	ブルレア	ワンピース	ブラウス／ジャケット／ワンピース	春夏寄り	3〜8月	2〜6週間	特になし	特になし	標準サイズは相場確認	標準	3000〜10000	3000	10000	10000〜30000	10000	30000	約6000〜17000	-1000	24000	750	1200	宅急便60〜100	高	A	70	75	50	60	普通	60	高	低	0	中	-20	50	49	慎重	要検証	美品・相場あり・利益あり	人気品番/近年モデル	相場次第	脇汗 / 黄ばみ / 目立つシミ / 強い香水臭	シミ / 脇汗 / 黄ばみ	汚れリスク / 相場確認必須	ブルレア ワンピース ブラウス ジャケット	3	正面 / 背面 / ブランドタグ / 素材タグ / サイズタグ / 実寸が分かる写真 / ダメージ箇所	条件が合えばリサーチ	条件一致時のみ仕入れ候補。	ブランド / 服種類 / 仕入れ値 / サイズ / 素材タグ写真 / ブランドタグ写真 / 全体写真 / 状態 / メルカリ売切相場	脇汗 / テカリ強い / 股スレ / 裾破れ / 上下サイズ違い	新品タグ付き・大きいサイズ・低単価なら慎重に再確認	脇汗、襟汚れ、袖口汚れ、パンツ股スレ、上下サイズ一致は確認しましたか？	ブルレア ワンピース	Bluelea ブラウス	ブルレア ブラウス	上下全体 / ブランドタグ / 素材タグ / 脇 / 襟 / 袖口 / パンツ股 / 裾 / サイズ表記	条件が揃う場合のみ。迷ったら見送り
v4	RULE_0105	BRD_0105	CAT_002	TRUE	SCORE_V1	https://jp.mercari.com/search?keyword=%E3%83%98%E3%82%A4%E3%83%B4%20%E3%83%96%E3%83%A9%E3%82%A6%E3%82%B9%E3%83%BB%E3%82%B7%E3%83%A3%E3%83%84	https://jp.mercari.com/search?keyword=Heve%20%E3%83%96%E3%83%A9%E3%82%A6%E3%82%B9	https://jp.mercari.com/search?keyword=%E3%83%98%E3%82%A4%E3%83%B4%20%E3%83%96%E3%83%A9%E3%82%A6%E3%82%B9	レディース服	レディース	Heve	ヘイヴ	ブラウス・シャツ	ブラウス／パンツ／ジレ	春夏寄り	3〜8月	2〜6週間	特になし	特になし	標準サイズは相場確認	標準	3000〜10000	3000	10000	10000〜30000	10000	30000	約6000〜17000	-1000	24000	210	450	ネコポス/ゆうパケットポスト	低〜中	A	70	75	50	60	普通	60	高	低	0	中	-20	50	49	慎重	要検証	美品・相場あり・利益あり	ブランド/状態次第	インフルエンサー需要	脇汗 / 黄ばみ / 目立つシミ / 強い香水臭	シミ / 脇汗 / 黄ばみ	汚れリスク / 相場確認必須	ヘイヴ ブラウス シャツ パンツ	3	正面 / 背面 / ブランドタグ / 素材タグ / サイズタグ / 実寸が分かる写真 / ダメージ箇所	条件が合えばリサーチ	条件一致時のみ仕入れ候補。	ブランド / 服種類 / 仕入れ値 / サイズ / 素材タグ写真 / ブランドタグ写真 / 全体写真 / 状態 / メルカリ売切相場	脇汗 / 黄ばみ / 目立つシミ / 虫食い / 穴/破れ / ファスナー不良 / 強い臭い	ヴィンテージ/希少ブランドで状態込み相場が確認できる場合のみ	脇汗、黄ばみ、シミ、虫食い、穴、毛玉、素材タグ、サイズ表記は確認しましたか？	ヘイヴ ブラウス・シャツ	Heve ブラウス	ヘイヴ ブラウス	正面 / 背面 / ブランドタグ / 素材タグ / サイズタグ / 脇 / 襟 / 袖口 / 裾 / ダメージ箇所	条件が揃う場合のみ。迷ったら見送り
v4	RULE_0106	BRD_0106	CAT_003	TRUE	SCORE_V1	https://jp.mercari.com/search?keyword=%E3%82%B3%E3%83%A2%E3%83%AA%20%E3%83%96%E3%83%A9%E3%82%A6%E3%82%B9%E3%83%BB%E3%82%B7%E3%83%A3%E3%83%84	https://jp.mercari.com/search?keyword=COMOLI%20%E3%82%B7%E3%83%A3%E3%83%84	https://jp.mercari.com/search?keyword=%E3%82%B3%E3%83%A2%E3%83%AA%20%E3%82%B7%E3%83%A3%E3%83%84	メンズ服	メンズ	COMOLI	コモリ	ブラウス・シャツ	シャツ／コート／パンツ	秋冬	9〜12月	1〜3週間	特になし	特になし	ブランド内人気サイズ確認	標準	5000〜20000	5000	20000	18000〜70000	18000	70000	約11200〜43000	-3800	58000	750	1200	宅急便60〜100	高	S	85	75	50	60	早い	80	高	中	-20	中	-20	75	38	見送り	高	美品・相場あり・利益あり	人気品番/近年モデル	秋冬需要	脇汗 / 黄ばみ / 目立つシミ / 強い香水臭	シミ / 脇汗 / 黄ばみ	真贋注意 / 汚れリスク / 送料高	コモリ ブラウス シャツ パンツ コート	3	正面 / 背面 / ブランドタグ / 素材タグ / サイズタグ / 実寸が分かる写真 / ダメージ箇所	見つけたら即リサーチ	優先確認。利益が出れば仕入れ候補。	ブランド / 服種類 / 仕入れ値 / サイズ / 素材タグ写真 / ブランドタグ写真 / 全体写真 / 状態 / メルカリ売切相場 / 真贋確認情報	脇汗 / 黄ばみ / 目立つシミ / 虫食い / 穴/破れ / ファスナー不良 / 強い臭い / 真贋不明 / 内タグ/シリアル/品質タグ欠損	ヴィンテージ/希少ブランドで状態込み相場が確認できる場合のみ / 鑑定済み・正規タグ確認・購入元信頼性ありの場合のみ	脇汗、黄ばみ、シミ、虫食い、穴、毛玉、素材タグ、サイズ表記は確認しましたか？	コモリ ブラウス・シャツ	COMOLI シャツ	コモリ シャツ	正面 / 背面 / ブランドタグ / 素材タグ / サイズタグ / 脇 / 襟 / 袖口 / 裾 / ダメージ箇所	原則見送り
v4	RULE_0107	BRD_0107	CAT_003	TRUE	SCORE_V1	https://jp.mercari.com/search?keyword=%E3%82%AA%E3%83%BC%E3%83%A9%E3%83%AA%E3%83%BC%20%E3%83%96%E3%83%A9%E3%82%A6%E3%82%B9%E3%83%BB%E3%82%B7%E3%83%A3%E3%83%84	https://jp.mercari.com/search?keyword=AURALEE%20%E3%83%8B%E3%83%83%E3%83%88	https://jp.mercari.com/search?keyword=%E3%82%AA%E3%83%BC%E3%83%A9%E3%83%AA%E3%83%BC%20%E3%83%8B%E3%83%83%E3%83%88	メンズ服	メンズ	AURALEE	オーラリー	ブラウス・シャツ	ニット／シャツ／コート	秋冬	9〜12月	1〜3週間	特になし	特になし	標準サイズは相場確認	標準	5000〜20000	5000	20000	18000〜70000	18000	70000	約11200〜43000	-3800	58000	750	1200	宅急便60〜100	高	S	85	75	50	60	早い	80	高	中	-20	中〜高	-10	60	46	慎重	要検証	美品・相場あり・利益あり	人気品番/近年モデル	秋冬需要	脇汗 / 黄ばみ / 目立つシミ / 強い香水臭 / 経年劣化	シミ / 脇汗 / 黄ばみ / 内側劣化	真贋注意 / 経年劣化 / 汚れリスク / 送料高 / 相場確認必須	オーラリー ブラウス シャツ コート ニット	3	正面 / 背面 / ブランドタグ / 素材タグ / サイズタグ / 実寸が分かる写真 / ダメージ箇所	見つけたら即リサーチ	優先確認。利益が出れば仕入れ候補。	ブランド / 服種類 / 仕入れ値 / サイズ / 素材タグ写真 / ブランドタグ写真 / 全体写真 / 状態 / メルカリ売切相場 / 真贋確認情報	脇汗 / 黄ばみ / 目立つシミ / 虫食い / 穴/破れ / ファスナー不良 / 強い臭い / 真贋不明 / 内タグ/シリアル/品質タグ欠損	ヴィンテージ/希少ブランドで状態込み相場が確認できる場合のみ / 鑑定済み・正規タグ確認・購入元信頼性ありの場合のみ	脇汗、黄ばみ、シミ、虫食い、穴、毛玉、素材タグ、サイズ表記は確認しましたか？	オーラリー ブラウス・シャツ	AURALEE ニット	オーラリー ニット	正面 / 背面 / ブランドタグ / 素材タグ / サイズタグ / 脇 / 襟 / 袖口 / 裾 / ダメージ箇所	条件が揃う場合のみ。迷ったら見送り
v4	RULE_0108	BRD_0108	CAT_003	TRUE	SCORE_V1	https://jp.mercari.com/search?keyword=%E3%82%B0%E3%83%A9%E3%83%95%E3%83%9A%E3%83%BC%E3%83%91%E3%83%BC%20%E3%83%96%E3%83%A9%E3%82%A6%E3%82%B9%E3%83%BB%E3%82%B7%E3%83%A3%E3%83%84	https://jp.mercari.com/search?keyword=Graphpaper%20%E3%82%B7%E3%83%A3%E3%83%84	https://jp.mercari.com/search?keyword=%E3%82%B0%E3%83%A9%E3%83%95%E3%83%9A%E3%83%BC%E3%83%91%E3%83%BC%20%E3%82%B7%E3%83%A3%E3%83%84	メンズ服	メンズ	Graphpaper	グラフペーパー	ブラウス・シャツ	シャツ／パンツ／コート	秋冬	9〜12月	2〜8週間	特になし	特になし	標準サイズは相場確認	標準	4000〜15000	4000	15000	15000〜50000	15000	50000	約9500〜30000	-1500	41000	750	1200	宅急便60〜100	高	A	70	75	50	60	普通	60	高	低	0	中	-20	50	49	慎重	要検証	美品・相場あり・利益あり	ブランド/状態次第	秋冬需要	脇汗 / 黄ばみ / 目立つシミ / 強い香水臭	シミ / 脇汗 / 黄ばみ	汚れリスク / 送料高 / 相場確認必須	グラフペーパー ブラウス シャツ パンツ コート	3	正面 / 背面 / ブランドタグ / 素材タグ / サイズタグ / 実寸が分かる写真 / ダメージ箇所	条件が合えばリサーチ	条件一致時のみ仕入れ候補。	ブランド / 服種類 / 仕入れ値 / サイズ / 素材タグ写真 / ブランドタグ写真 / 全体写真 / 状態 / メルカリ売切相場	脇汗 / 黄ばみ / 目立つシミ / 虫食い / 穴/破れ / ファスナー不良 / 強い臭い	ヴィンテージ/希少ブランドで状態込み相場が確認できる場合のみ	脇汗、黄ばみ、シミ、虫食い、穴、毛玉、素材タグ、サイズ表記は確認しましたか？	グラフペーパー ブラウス・シャツ	Graphpaper シャツ	グラフペーパー シャツ	正面 / 背面 / ブランドタグ / 素材タグ / サイズタグ / 脇 / 襟 / 袖口 / 裾 / ダメージ箇所	条件が揃う場合のみ。迷ったら見送り
v4	RULE_0109	BRD_0109	CAT_003	TRUE	SCORE_V1	https://jp.mercari.com/search?keyword=%E3%83%86%E3%82%A2%E3%83%88%E3%83%A9%20%E3%83%91%E3%83%B3%E3%83%84	https://jp.mercari.com/search?keyword=TEATORA%20%E3%83%91%E3%83%B3%E3%83%84	https://jp.mercari.com/search?keyword=%E3%83%86%E3%82%A2%E3%83%88%E3%83%A9%20%E3%83%91%E3%83%B3%E3%83%84%20%E5%A4%A7%E3%81%8D%E3%81%84%E3%82%B5%E3%82%A4%E3%82%BA	メンズ服	メンズ	TEATORA	テアトラ	パンツ	パンツ／ジャケット／コート	秋冬	9〜12月	1〜4週間	特になし	特になし	大きいサイズ加点	大きいサイズ加点	8000〜25000	8000	25000	25000〜80000	25000	80000	約14500〜47000	-2500	64000	750	1200	宅急便60〜100	高	S	85	75	50	75	普通〜早い	60	高	中	-20	低〜中	0	60	55	慎重	高	大きいサイズ加点	大きいサイズ	秋冬需要	状態難・相場なし・利益不足	特になし	真贋注意 / 送料高	テアトラ ジャケット パンツ コート 大きいサイズ	3	正面 / 背面 / ブランドタグ / 素材タグ / サイズタグ / 実寸が分かる写真 / ダメージ箇所	見つけたら即リサーチ	優先確認。利益が出れば仕入れ候補。	ブランド / 服種類 / 仕入れ値 / サイズ / 素材タグ写真 / ブランドタグ写真 / 全体写真 / 状態 / メルカリ売切相場 / 真贋確認情報	脇汗 / テカリ強い / 股スレ / 裾破れ / 上下サイズ違い / 真贋不明 / 内タグ/シリアル/品質タグ欠損	新品タグ付き・大きいサイズ・低単価なら慎重に再確認 / 鑑定済み・正規タグ確認・購入元信頼性ありの場合のみ	脇汗、襟汚れ、袖口汚れ、パンツ股スレ、上下サイズ一致は確認しましたか？	テアトラ パンツ	TEATORA パンツ	テアトラ パンツ 大きいサイズ	上下全体 / ブランドタグ / 素材タグ / 脇 / 襟 / 袖口 / パンツ股 / 裾 / サイズ表記	条件が揃う場合のみ。迷ったら見送り
v4	RULE_0110	BRD_0110	CAT_003	TRUE	SCORE_V1	https://jp.mercari.com/search?keyword=%E3%83%8B%E3%83%BC%E3%83%89%E3%83%AB%E3%82%BA%20%E3%83%91%E3%83%B3%E3%83%84	https://jp.mercari.com/search?keyword=Needles%20%E3%83%88%E3%83%A9%E3%83%83%E3%82%AF%E3%83%91%E3%83%B3%E3%83%84	https://jp.mercari.com/search?keyword=%E3%83%8B%E3%83%BC%E3%83%89%E3%83%AB%E3%82%BA%20%E3%83%88%E3%83%A9%E3%83%83%E3%82%AF%E3%83%91%E3%83%B3%E3%83%84%20%E3%83%AC%E3%83%BC%E3%82%B9%20%E5%88%BA%E7%B9%8D	メンズ服	メンズ	Needles	ニードルズ	パンツ	トラックパンツ／ジャケット	通年	通年	1〜4週間	刺繍/レース/ビジュー	レース / 刺繍	標準サイズは相場確認	標準	5000〜15000	5000	15000	15000〜40000	15000	40000	約8500〜21000	-1500	31000	750	1200	宅急便60〜100	高	S	85	75	80	60	普通〜早い	60	高	高	-40	中〜高	-10	60	26	見送り	要検証	刺繍/レース/ビジュー	デザイン強め	相場次第	真贋不明 / 経年劣化	内側劣化 / 真贋不明	真贋注意 / 経年劣化 / 相場確認必須	ニードルズ レース 刺繍 ジャケット パンツ	5	正面 / 背面 / ブランドタグ / 素材タグ / サイズタグ / 実寸が分かる写真 / ダメージ箇所 / 真贋判断用タグ/刻印	見つけたら即リサーチ	優先確認。利益が出れば仕入れ候補。 真贋・タグ確認を必須にする。	ブランド / 服種類 / 仕入れ値 / サイズ / 素材タグ写真 / ブランドタグ写真 / 全体写真 / 状態 / メルカリ売切相場 / 真贋確認情報	脇汗 / テカリ強い / 股スレ / 裾破れ / 上下サイズ違い / 真贋不明 / 内タグ/シリアル/品質タグ欠損	新品タグ付き・大きいサイズ・低単価なら慎重に再確認 / 鑑定済み・正規タグ確認・購入元信頼性ありの場合のみ	脇汗、襟汚れ、袖口汚れ、パンツ股スレ、上下サイズ一致は確認しましたか？	ニードルズ パンツ	Needles トラックパンツ	ニードルズ トラックパンツ レース 刺繍	上下全体 / ブランドタグ / 素材タグ / 脇 / 襟 / 袖口 / パンツ股 / 裾 / サイズ表記	真贋確認できるまで購入不可
v4	RULE_0111	BRD_0111	CAT_003	TRUE	SCORE_V1	https://jp.mercari.com/search?keyword=%E3%82%A8%E3%83%B3%E3%82%B8%E3%83%8B%E3%82%A2%E3%83%BC%E3%83%89%E3%82%AC%E3%83%BC%E3%83%A1%E3%83%B3%E3%83%84%20%E3%83%96%E3%83%A9%E3%82%A6%E3%82%B9%E3%83%BB%E3%82%B7%E3%83%A3%E3%83%84	https://jp.mercari.com/search?keyword=Engineered%20Garments%20%E3%82%B8%E3%83%A3%E3%82%B1%E3%83%83%E3%83%88	https://jp.mercari.com/search?keyword=%E3%82%A8%E3%83%B3%E3%82%B8%E3%83%8B%E3%82%A2%E3%83%BC%E3%83%89%E3%82%AC%E3%83%BC%E3%83%A1%E3%83%B3%E3%83%84%20%E3%82%B8%E3%83%A3%E3%82%B1%E3%83%83%E3%83%88	メンズ服	メンズ	Engineered Garments	エンジニアードガーメンツ	ブラウス・シャツ	ジャケット／ベスト／シャツ	春夏寄り	3〜8月	2〜6週間	特になし	特になし	標準サイズは相場確認	標準	3000〜12000	3000	12000	10000〜35000	10000	35000	約6000〜19500	-3000	28500	750	1200	宅急便60〜100	高	A	70	75	50	60	普通	60	高	低	0	中	-20	50	49	慎重	要検証	美品・相場あり・利益あり	ブランド/状態次第	相場次第	脇汗 / 黄ばみ / 目立つシミ / 強い香水臭	シミ / 脇汗 / 黄ばみ	汚れリスク / 相場確認必須	エンジニアードガーメンツ ブラウス シャツ ジャケット	3	正面 / 背面 / ブランドタグ / 素材タグ / サイズタグ / 実寸が分かる写真 / ダメージ箇所	条件が合えばリサーチ	条件一致時のみ仕入れ候補。	ブランド / 服種類 / 仕入れ値 / サイズ / 素材タグ写真 / ブランドタグ写真 / 全体写真 / 状態 / メルカリ売切相場	脇汗 / テカリ強い / 股スレ / 裾破れ / 上下サイズ違い	新品タグ付き・大きいサイズ・低単価なら慎重に再確認	脇汗、襟汚れ、袖口汚れ、パンツ股スレ、上下サイズ一致は確認しましたか？	エンジニアードガーメンツ ブラウス・シャツ	Engineered Garments ジャケット	エンジニアードガーメンツ ジャケット	上下全体 / ブランドタグ / 素材タグ / 脇 / 襟 / 袖口 / パンツ股 / 裾 / サイズ表記	条件が揃う場合のみ。迷ったら見送り
v4	RULE_0112	BRD_0112	CAT_003	TRUE	SCORE_V1	https://jp.mercari.com/search?keyword=%E3%83%9D%E3%83%BC%E3%82%BF%E3%83%BC%E3%82%AF%E3%83%A9%E3%82%B7%E3%83%83%E3%82%AF%20%E3%83%96%E3%83%A9%E3%82%A6%E3%82%B9%E3%83%BB%E3%82%B7%E3%83%A3%E3%83%84	https://jp.mercari.com/search?keyword=Porter%20Classic%20%E3%82%B7%E3%83%A3%E3%83%84	https://jp.mercari.com/search?keyword=%E3%83%9D%E3%83%BC%E3%82%BF%E3%83%BC%E3%82%AF%E3%83%A9%E3%82%B7%E3%83%83%E3%82%AF%20%E3%82%B7%E3%83%A3%E3%83%84	メンズ服	メンズ	Porter Classic	ポータークラシック	ブラウス・シャツ	シャツ／パンツ／アウター	春夏寄り	9〜12月	1〜3週間	特になし	特になし	標準サイズは相場確認	標準	5000〜20000	5000	20000	18000〜70000	18000	70000	約11200〜43000	-3800	58000	750	1200	宅急便60〜100	高	S	85	75	50	60	早い	80	高	中	-20	中	-20	60	36	見送り	要検証	美品・相場あり・利益あり	ブランド/状態次第	相場次第	脇汗 / 黄ばみ / 目立つシミ / 強い香水臭	シミ / 脇汗 / 黄ばみ	真贋注意 / 汚れリスク / 送料高 / 相場確認必須	ポータークラシック ブラウス シャツ パンツ	3	正面 / 背面 / ブランドタグ / 素材タグ / サイズタグ / 実寸が分かる写真 / ダメージ箇所	見つけたら即リサーチ	優先確認。利益が出れば仕入れ候補。	ブランド / 服種類 / 仕入れ値 / サイズ / 素材タグ写真 / ブランドタグ写真 / 全体写真 / 状態 / メルカリ売切相場 / 真贋確認情報	脇汗 / 黄ばみ / 目立つシミ / 虫食い / 穴/破れ / ファスナー不良 / 強い臭い / 真贋不明 / 内タグ/シリアル/品質タグ欠損	ヴィンテージ/希少ブランドで状態込み相場が確認できる場合のみ / 鑑定済み・正規タグ確認・購入元信頼性ありの場合のみ	脇汗、黄ばみ、シミ、虫食い、穴、毛玉、素材タグ、サイズ表記は確認しましたか？	ポータークラシック ブラウス・シャツ	Porter Classic シャツ	ポータークラシック シャツ	正面 / 背面 / ブランドタグ / 素材タグ / サイズタグ / 脇 / 襟 / 袖口 / 裾 / ダメージ箇所	原則見送り
v4	RULE_0113	BRD_0113	CAT_003	TRUE	SCORE_V1	https://jp.mercari.com/search?keyword=%E3%83%90%E3%83%96%E3%82%A2%E3%83%BC%20%E3%82%B9%E3%83%BC%E3%83%84%E3%83%BB%E3%82%BB%E3%83%83%E3%83%88%E3%82%A2%E3%83%83%E3%83%97	https://jp.mercari.com/search?keyword=Barbour%20%E3%82%AA%E3%82%A4%E3%83%AB%E3%83%89%E3%82%B8%E3%83%A3%E3%82%B1%E3%83%83%E3%83%88	https://jp.mercari.com/search?keyword=%E3%83%90%E3%83%96%E3%82%A2%E3%83%BC%20%E3%82%AA%E3%82%A4%E3%83%AB%E3%83%89%E3%82%B8%E3%83%A3%E3%82%B1%E3%83%83%E3%83%88	メンズ服	メンズ	Barbour	バブアー	スーツ・セットアップ	オイルドジャケット／BEDALE	秋冬	2〜4月 / 9〜11月	1〜3週間	特になし	特になし	標準サイズは相場確認	標準	5000〜15000	5000	15000	15000〜40000	15000	40000	約8500〜21000	-1500	31000	750	1200	宅急便60〜100	高	S	85	75	50	60	早い	80	高	中	-20	中	-20	60	36	見送り	要検証	美品・相場あり・利益あり	ブランド/状態次第	相場次第	脇汗 / 黄ばみ / 目立つシミ / 強い香水臭	シミ / 脇汗 / 黄ばみ / 穴/破れ / 臭い	真贋注意 / 汚れリスク / 相場確認必須	バブアー スーツ ジャケット	3	正面 / 背面 / ブランドタグ / 素材タグ / サイズタグ / 実寸が分かる写真 / ダメージ箇所	見つけたら即リサーチ	優先確認。利益が出れば仕入れ候補。	ブランド / 服種類 / 仕入れ値 / サイズ / 素材タグ写真 / ブランドタグ写真 / 全体写真 / 状態 / メルカリ売切相場 / 真贋確認情報	脇汗 / テカリ強い / 股スレ / 裾破れ / 上下サイズ違い / 真贋不明 / 内タグ/シリアル/品質タグ欠損	新品タグ付き・大きいサイズ・低単価なら慎重に再確認 / 鑑定済み・正規タグ確認・購入元信頼性ありの場合のみ	脇汗、襟汚れ、袖口汚れ、パンツ股スレ、上下サイズ一致は確認しましたか？	バブアー スーツ・セットアップ	Barbour オイルドジャケット	バブアー オイルドジャケット	上下全体 / ブランドタグ / 素材タグ / 脇 / 襟 / 袖口 / パンツ股 / 裾 / サイズ表記	原則見送り
v4	RULE_0114	BRD_0114	CAT_003	TRUE	SCORE_V1	https://jp.mercari.com/search?keyword=%E3%83%91%E3%82%BF%E3%82%B4%E3%83%8B%E3%82%A2%20%E3%82%A2%E3%82%A6%E3%82%BF%E3%83%BC	https://jp.mercari.com/search?keyword=Patagonia%20%E3%83%95%E3%83%AA%E3%83%BC%E3%82%B9	https://jp.mercari.com/search?keyword=%E3%83%91%E3%82%BF%E3%82%B4%E3%83%8B%E3%82%A2%20%E3%83%95%E3%83%AA%E3%83%BC%E3%82%B9%20%E3%82%A6%E3%83%BC%E3%83%AB	メンズ服	メンズ	Patagonia	パタゴニア	アウター	フリース／レトロX／ダスパーカ	秋冬	9〜12月	1〜4週間	ウール	ウール	標準サイズは相場確認	標準	3000〜15000	3000	15000	10000〜50000	10000	50000	約6000〜30000	-6000	42000	750	1200	宅急便60〜100	高	S	85	60	80	60	普通〜早い	60	高	中	-20	中〜高	-10	60	44	慎重	要検証	ウール	ブランド/状態次第	秋冬需要	虫食い / 毛玉大 / 型崩れ / 経年劣化	内側劣化 / 穴/破れ / 毛玉/毛羽立ち	真贋注意 / 経年劣化 / 送料高 / 相場確認必須	パタゴニア	3	正面 / 背面 / ブランドタグ / 素材タグ / サイズタグ / 実寸が分かる写真 / ダメージ箇所	見つけたら即リサーチ	優先確認。利益が出れば仕入れ候補。	ブランド / 服種類 / 仕入れ値 / サイズ / 素材タグ写真 / ブランドタグ写真 / 全体写真 / 状態 / メルカリ売切相場 / 真贋確認情報	脇汗 / 黄ばみ / 目立つシミ / 虫食い / 穴/破れ / ファスナー不良 / 強い臭い / 真贋不明 / 内タグ/シリアル/品質タグ欠損	ヴィンテージ/希少ブランドで状態込み相場が確認できる場合のみ / 鑑定済み・正規タグ確認・購入元信頼性ありの場合のみ	脇汗、黄ばみ、シミ、虫食い、穴、毛玉、素材タグ、サイズ表記は確認しましたか？	パタゴニア アウター	Patagonia フリース	パタゴニア フリース ウール	正面 / 背面 / ブランドタグ / 素材タグ / サイズタグ / 脇 / 襟 / 袖口 / 裾 / ダメージ箇所	条件が揃う場合のみ。迷ったら見送り
v4	RULE_0115	BRD_0115	CAT_003	TRUE	SCORE_V1	https://jp.mercari.com/search?keyword=%E3%82%B6%E3%83%BB%E3%83%8E%E3%83%BC%E3%82%B9%E3%83%BB%E3%83%95%E3%82%A7%E3%82%A4%E3%82%B9%20%E3%82%A2%E3%82%A6%E3%82%BF%E3%83%BC	https://jp.mercari.com/search?keyword=The%20North%20Face%20%E3%83%9E%E3%82%A6%E3%83%B3%E3%83%86%E3%83%B3%E3%83%91%E3%83%BC%E3%82%AB%E3%83%BC	https://jp.mercari.com/search?keyword=%E3%82%B6%E3%83%BB%E3%83%8E%E3%83%BC%E3%82%B9%E3%83%BB%E3%83%95%E3%82%A7%E3%82%A4%E3%82%B9%20%E3%83%9E%E3%82%A6%E3%83%B3%E3%83%86%E3%83%B3%E3%83%91%E3%83%BC%E3%82%AB%E3%83%BC%20%E3%83%AC%E3%83%BC%E3%82%B9%20%E5%88%BA%E7%B9%8D	メンズ服	メンズ	The North Face	ザ・ノース・フェイス	アウター	マウンテンパーカー／ヌプシ	秋冬	9〜12月	1〜4週間	ダウン/ファー / 刺繍/レース/ビジュー	レース / 刺繍 / ダウン / ファー	標準サイズは相場確認	標準	3000〜15000	3000	15000	10000〜50000	10000	50000	約6000〜30000	-6000	42000	750	1200	宅急便60〜100	高	S	85	60	80	60	普通〜早い	60	高	高	-40	中〜高	-10	60	24	見送り	要検証	ダウン/ファー / 刺繍/レース/ビジュー	デザイン強め	秋冬需要	虫食い / 毛玉大 / 型崩れ / 真贋不明 / 経年劣化	内側劣化 / 毛玉/毛羽立ち / 真贋不明	真贋注意 / 経年劣化 / 送料高 / 相場確認必須	ザ・ノース・フェイス レース 刺繍	5	正面 / 背面 / ブランドタグ / 素材タグ / サイズタグ / 実寸が分かる写真 / ダメージ箇所 / 真贋判断用タグ/刻印	見つけたら即リサーチ	優先確認。利益が出れば仕入れ候補。 真贋・タグ確認を必須にする。	ブランド / 服種類 / 仕入れ値 / サイズ / 素材タグ写真 / ブランドタグ写真 / 全体写真 / 状態 / メルカリ売切相場 / 真贋確認情報	脇汗 / 黄ばみ / 目立つシミ / 虫食い / 穴/破れ / ファスナー不良 / 強い臭い / 真贋不明 / 内タグ/シリアル/品質タグ欠損	ヴィンテージ/希少ブランドで状態込み相場が確認できる場合のみ / 鑑定済み・正規タグ確認・購入元信頼性ありの場合のみ	脇汗、黄ばみ、シミ、虫食い、穴、毛玉、素材タグ、サイズ表記は確認しましたか？	ザ・ノース・フェイス アウター	The North Face マウンテンパーカー	ザ・ノース・フェイス マウンテンパーカー レース 刺繍	正面 / 背面 / ブランドタグ / 素材タグ / サイズタグ / 脇 / 襟 / 袖口 / 裾 / ダメージ箇所	真贋確認できるまで購入不可
v4	RULE_0116	BRD_0116	CAT_003	TRUE	SCORE_V1	https://jp.mercari.com/search?keyword=%E3%82%A2%E3%83%BC%E3%82%AF%E3%83%86%E3%83%AA%E3%82%AF%E3%82%B9%20%E3%83%90%E3%83%83%E3%82%B0	https://jp.mercari.com/search?keyword=Arc%27teryx%20%E3%82%B8%E3%83%A3%E3%82%B1%E3%83%83%E3%83%88	https://jp.mercari.com/search?keyword=%E3%82%A2%E3%83%BC%E3%82%AF%E3%83%86%E3%83%AA%E3%82%AF%E3%82%B9%20%E3%82%B8%E3%83%A3%E3%82%B1%E3%83%83%E3%83%88	メンズ服	メンズ	Arc'teryx	アークテリクス	バッグ	ジャケット／バッグ／フリース	通年	9〜12月	1〜3週間	特になし	特になし	標準サイズは相場確認	標準	5000〜25000	5000	25000	20000〜80000	20000	80000	約13000〜47000	-7000	67000	750	1200	宅急便60〜100	高	S	85	75	50	60	早い	80	高	高	-40	高	-35	60	2	見送り	要検証	美品・相場あり・利益あり	ブランド/状態次第	通年需要	ベタつき / 角破れ / 内側劣化 / ショルダー欠品 / 真贋不明	ベタつき / 内側劣化 / 穴/破れ / 欠品 / 真贋不明	真贋注意 / 経年劣化 / 送料高 / 相場確認必須	アークテリクス バッグ ジャケット	5	正面 / 背面 / 角4カ所 / 内側 / ブランドタグ/ロゴ / ショルダー/付属品 / 真贋判断用タグ/刻印	見つけたら即リサーチ	優先確認。利益が出れば仕入れ候補。 真贋・タグ確認を必須にする。	ブランド / 服種類 / 仕入れ値 / サイズ / 素材タグ写真 / ブランドタグ写真 / 全体写真 / 状態 / メルカリ売切相場 / 真贋確認情報	内側ベタつき / 粉吹き / 合皮剥がれ / 強い臭い / ファスナー不良 / ショルダー欠品※2WAY/斜め掛け前提品 / 真贋不明 / 内タグ/シリアル/品質タグ欠損	高単価ブランドで補修・清掃後も粗利が十分ある場合のみ再検討 / 鑑定済み・正規タグ確認・購入元信頼性ありの場合のみ	角スレ、内側ベタつき、臭い、ファスナー不良、ショルダー/付属品欠品はありますか？	アークテリクス バッグ	Arc'teryx ジャケット	アークテリクス ジャケット	正面 / 背面 / 底角4カ所 / 持ち手 / 内側 / ロゴ / 金具 / ファスナー / 付属品	真贋確認できるまで購入不可
v4	RULE_0117	BRD_0117	CAT_003	TRUE	SCORE_V1	https://jp.mercari.com/search?keyword=%E3%82%B9%E3%83%88%E3%83%BC%E3%83%B3%E3%82%A2%E3%82%A4%E3%83%A9%E3%83%B3%E3%83%89%20%E3%83%91%E3%83%B3%E3%83%84	https://jp.mercari.com/search?keyword=Stone%20Island%20%E3%82%B9%E3%82%A6%E3%82%A7%E3%83%83%E3%83%88	https://jp.mercari.com/search?keyword=%E3%82%B9%E3%83%88%E3%83%BC%E3%83%B3%E3%82%A2%E3%82%A4%E3%83%A9%E3%83%B3%E3%83%89%20%E3%82%B9%E3%82%A6%E3%82%A7%E3%83%83%E3%83%88	メンズ服	メンズ	Stone Island	ストーンアイランド	パンツ	スウェット／アウター／パンツ	通年	9〜12月	2〜8週間	特になし	特になし	標準サイズは相場確認	標準	5000〜20000	5000	20000	18000〜70000	18000	70000	約11200〜43000	-3800	58000	750	1200	宅急便60〜100	高	A	70	60	50	60	普通	60	高	高	-40	低〜中	-10	50	16	見送り	要検証	美品・相場あり・利益あり	ブランド/状態次第	相場次第	真贋不明	真贋不明	真贋注意 / 送料高 / 相場確認必須	ストーンアイランド パンツ	3	正面 / 背面 / ブランドタグ / 素材タグ / サイズタグ / 実寸が分かる写真 / ダメージ箇所 / 真贋判断用タグ/刻印	条件が合えばリサーチ	条件一致時のみ仕入れ候補。 真贋・タグ確認を必須にする。	ブランド / 服種類 / 仕入れ値 / サイズ / 素材タグ写真 / ブランドタグ写真 / 全体写真 / 状態 / メルカリ売切相場 / 真贋確認情報	脇汗 / 黄ばみ / 目立つシミ / 虫食い / 穴/破れ / ファスナー不良 / 強い臭い / 真贋不明 / 内タグ/シリアル/品質タグ欠損	ヴィンテージ/希少ブランドで状態込み相場が確認できる場合のみ / 鑑定済み・正規タグ確認・購入元信頼性ありの場合のみ	脇汗、黄ばみ、シミ、虫食い、穴、毛玉、素材タグ、サイズ表記は確認しましたか？	ストーンアイランド パンツ	Stone Island スウェット	ストーンアイランド スウェット	正面 / 背面 / ブランドタグ / 素材タグ / サイズタグ / 脇 / 襟 / 袖口 / 裾 / ダメージ箇所	真贋確認できるまで購入不可
v4	RULE_0118	BRD_0118	CAT_003	TRUE	SCORE_V1	https://jp.mercari.com/search?keyword=%E3%82%B7%E3%83%BC%E3%83%94%E3%83%BC%E3%82%AB%E3%83%B3%E3%83%91%E3%83%8B%E3%83%BC%20%E3%82%B9%E3%83%BC%E3%83%84%E3%83%BB%E3%82%BB%E3%83%83%E3%83%88%E3%82%A2%E3%83%83%E3%83%97	https://jp.mercari.com/search?keyword=CP%20Company%20%E3%82%B9%E3%82%A6%E3%82%A7%E3%83%83%E3%83%88	https://jp.mercari.com/search?keyword=%E3%82%B7%E3%83%BC%E3%83%94%E3%83%BC%E3%82%AB%E3%83%B3%E3%83%91%E3%83%8B%E3%83%BC%20%E3%82%B9%E3%82%A6%E3%82%A7%E3%83%83%E3%83%88	メンズ服	メンズ	CP Company	シーピーカンパニー	スーツ・セットアップ	スウェット／ジャケット	通年	2〜4月 / 9〜11月	2〜6週間	特になし	特になし	標準サイズは相場確認	標準	3000〜12000	3000	12000	12000〜40000	12000	40000	約7800〜24000	-1200	33000	750	1200	宅急便60〜100	高	A	70	75	50	60	普通	60	高	低	0	中	-20	50	49	慎重	要検証	美品・相場あり・利益あり	ブランド/状態次第	相場次第	脇汗 / 黄ばみ / 目立つシミ / 強い香水臭	シミ / 脇汗 / 黄ばみ	汚れリスク / 相場確認必須	シーピーカンパニー スーツ ジャケット	3	正面 / 背面 / ブランドタグ / 素材タグ / サイズタグ / 実寸が分かる写真 / ダメージ箇所	条件が合えばリサーチ	条件一致時のみ仕入れ候補。	ブランド / 服種類 / 仕入れ値 / サイズ / 素材タグ写真 / ブランドタグ写真 / 全体写真 / 状態 / メルカリ売切相場	脇汗 / テカリ強い / 股スレ / 裾破れ / 上下サイズ違い	新品タグ付き・大きいサイズ・低単価なら慎重に再確認	脇汗、襟汚れ、袖口汚れ、パンツ股スレ、上下サイズ一致は確認しましたか？	シーピーカンパニー スーツ・セットアップ	CP Company スウェット	シーピーカンパニー スウェット	上下全体 / ブランドタグ / 素材タグ / 脇 / 襟 / 袖口 / パンツ股 / 裾 / サイズ表記	条件が揃う場合のみ。迷ったら見送り
v4	RULE_0119	BRD_0119	CAT_003	TRUE	SCORE_V1	https://jp.mercari.com/search?keyword=%E3%83%9D%E3%83%AD%20%E3%83%A9%E3%83%AB%E3%83%95%E3%83%AD%E3%83%BC%E3%83%AC%E3%83%B3%20%E3%83%96%E3%83%A9%E3%82%A6%E3%82%B9%E3%83%BB%E3%82%B7%E3%83%A3%E3%83%84	https://jp.mercari.com/search?keyword=Polo%20Ralph%20Lauren%20BD%E3%82%B7%E3%83%A3%E3%83%84	https://jp.mercari.com/search?keyword=%E3%83%9D%E3%83%AD%20%E3%83%A9%E3%83%AB%E3%83%95%E3%83%AD%E3%83%BC%E3%83%AC%E3%83%B3%20BD%E3%82%B7%E3%83%A3%E3%83%84%20%E3%83%AA%E3%83%8D%E3%83%B3%20%E3%83%AC%E3%83%BC%E3%82%B9	メンズ服	メンズ	Polo Ralph Lauren	ポロ ラルフローレン	ブラウス・シャツ	BDシャツ／ニット／スイングトップ	春夏	3〜8月	2〜6週間	リネン/麻 / 刺繍/レース/ビジュー	リネン / レース / 刺繍	大きいサイズ加点	大きいサイズ加点	500〜3000	500	3000	3500〜12000	3500	12000	約2650〜7800	150	10300	230	750	ゆうパケットポスト〜宅急便コンパクト	中	A	70	75	80	75	普通	60	中	低	0	中〜高	-10	65	58	慎重	中〜高	リネン/麻 / 刺繍/レース/ビジュー / 大きいサイズ加点	大きいサイズ / デザイン強め	春夏需要 / 秋冬需要 / ナチュラル系	脇汗 / 黄ばみ / 目立つシミ / 強い香水臭 / 経年劣化	シミ / 脇汗 / 黄ばみ / 内側劣化	経年劣化 / 汚れリスク	ポロ ラルフローレン ブラウス シャツ リネン レース	3	正面 / 背面 / ブランドタグ / 素材タグ / サイズタグ / 実寸が分かる写真 / ダメージ箇所	条件が合えばリサーチ	条件一致時のみ仕入れ候補。	ブランド / 服種類 / 仕入れ値 / サイズ / 素材タグ写真 / ブランドタグ写真 / 全体写真 / 状態 / メルカリ売切相場	脇汗 / 黄ばみ / 目立つシミ / 虫食い / 穴/破れ / ファスナー不良 / 強い臭い	ヴィンテージ/希少ブランドで状態込み相場が確認できる場合のみ	脇汗、黄ばみ、シミ、虫食い、穴、毛玉、素材タグ、サイズ表記は確認しましたか？	ポロ ラルフローレン ブラウス・シャツ	Polo Ralph Lauren BDシャツ	ポロ ラルフローレン BDシャツ リネン レース	正面 / 背面 / ブランドタグ / 素材タグ / サイズタグ / 脇 / 襟 / 袖口 / 裾 / ダメージ箇所	条件が揃う場合のみ。迷ったら見送り
v4	RULE_0120	BRD_0120	CAT_003	TRUE	SCORE_V1	https://jp.mercari.com/search?keyword=%E3%83%96%E3%83%AB%E3%83%83%E3%82%AF%E3%82%B9%E3%83%96%E3%83%A9%E3%82%B6%E3%83%BC%E3%82%BA%20%E3%83%96%E3%83%A9%E3%82%A6%E3%82%B9%E3%83%BB%E3%82%B7%E3%83%A3%E3%83%84	https://jp.mercari.com/search?keyword=Brooks%20Brothers%20%E3%82%B7%E3%83%A3%E3%83%84	https://jp.mercari.com/search?keyword=%E3%83%96%E3%83%AB%E3%83%83%E3%82%AF%E3%82%B9%E3%83%96%E3%83%A9%E3%82%B6%E3%83%BC%E3%82%BA%20%E3%82%B7%E3%83%A3%E3%83%84	メンズ服	メンズ	Brooks Brothers	ブルックスブラザーズ	ブラウス・シャツ	シャツ／ブレザー／ニット	秋冬	9〜12月	2〜6週間	レザー/本革	本革/レザー	標準サイズは相場確認	標準	500〜3000	500	3000	3500〜12000	3500	12000	約2650〜7800	150	10300	750	1200	宅急便60〜100	高	A	70	75	80	60	普通	60	中	低	0	高	-35	50	30	見送り	要検証	レザー/本革	ブランド/状態次第	秋冬需要	脇汗 / 黄ばみ / 目立つシミ / 強い香水臭 / 経年劣化	シミ / 脇汗 / 黄ばみ / 内側劣化	経年劣化 / 汚れリスク / 相場確認必須	ブルックスブラザーズ ブラウス シャツ ニット	3	正面 / 背面 / ブランドタグ / 素材タグ / サイズタグ / 実寸が分かる写真 / ダメージ箇所	条件が合えばリサーチ	条件一致時のみ仕入れ候補。	ブランド / 服種類 / 仕入れ値 / サイズ / 素材タグ写真 / ブランドタグ写真 / 全体写真 / 状態 / メルカリ売切相場	脇汗 / テカリ強い / 股スレ / 裾破れ / 上下サイズ違い	新品タグ付き・大きいサイズ・低単価なら慎重に再確認	脇汗、襟汚れ、袖口汚れ、パンツ股スレ、上下サイズ一致は確認しましたか？	ブルックスブラザーズ ブラウス・シャツ	Brooks Brothers シャツ	ブルックスブラザーズ シャツ	上下全体 / ブランドタグ / 素材タグ / 脇 / 襟 / 袖口 / パンツ股 / 裾 / サイズ表記	原則見送り
v4	RULE_0121	BRD_0121	CAT_003	TRUE	SCORE_V1	https://jp.mercari.com/search?keyword=%E3%83%9D%E3%83%BC%E3%83%AB%E3%82%B9%E3%83%9F%E3%82%B9%20%E3%83%96%E3%83%A9%E3%82%A6%E3%82%B9%E3%83%BB%E3%82%B7%E3%83%A3%E3%83%84	https://jp.mercari.com/search?keyword=Paul%20Smith%20%E3%82%B7%E3%83%A3%E3%83%84	https://jp.mercari.com/search?keyword=%E3%83%9D%E3%83%BC%E3%83%AB%E3%82%B9%E3%83%9F%E3%82%B9%20%E3%82%B7%E3%83%A3%E3%83%84	メンズ服	メンズ	Paul Smith	ポールスミス	ブラウス・シャツ	シャツ／スーツ／ジャケット	通年	2〜4月 / 9〜11月	2〜6週間	特になし	特になし	標準サイズは相場確認	標準	1000〜5000	1000	5000	5000〜15000	5000	15000	約3500〜8500	-500	12500	750	1200	宅急便60〜100	高	A	70	75	50	60	普通	60	中	低	0	中	-20	50	42	慎重	要検証	美品・相場あり・利益あり	デザイン強め	相場次第	脇汗 / 黄ばみ / 目立つシミ / 強い香水臭	シミ / 脇汗 / 黄ばみ	汚れリスク / 相場確認必須	ポールスミス ブラウス シャツ スーツ ジャケット	3	正面 / 背面 / ブランドタグ / 素材タグ / サイズタグ / 実寸が分かる写真 / ダメージ箇所	条件が合えばリサーチ	条件一致時のみ仕入れ候補。	ブランド / 服種類 / 仕入れ値 / サイズ / 素材タグ写真 / ブランドタグ写真 / 全体写真 / 状態 / メルカリ売切相場	脇汗 / テカリ強い / 股スレ / 裾破れ / 上下サイズ違い	新品タグ付き・大きいサイズ・低単価なら慎重に再確認	脇汗、襟汚れ、袖口汚れ、パンツ股スレ、上下サイズ一致は確認しましたか？	ポールスミス ブラウス・シャツ	Paul Smith シャツ	ポールスミス シャツ	上下全体 / ブランドタグ / 素材タグ / 脇 / 襟 / 袖口 / パンツ股 / 裾 / サイズ表記	条件が揃う場合のみ。迷ったら見送り
v4	RULE_0122	BRD_0122	CAT_003	TRUE	SCORE_V1	https://jp.mercari.com/search?keyword=%E3%83%90%E3%83%BC%E3%83%90%E3%83%AA%E3%83%BC%20%E3%83%96%E3%83%A9%E3%83%83%E3%82%AF%E3%83%AC%E3%83%BC%E3%83%99%E3%83%AB%20%E3%83%96%E3%83%A9%E3%82%A6%E3%82%B9%E3%83%BB%E3%82%B7%E3%83%A3%E3%83%84	https://jp.mercari.com/search?keyword=BURBERRY%20BLACK%20LABEL%20%E3%82%B7%E3%83%A3%E3%83%84	https://jp.mercari.com/search?keyword=%E3%83%90%E3%83%BC%E3%83%90%E3%83%AA%E3%83%BC%20%E3%83%96%E3%83%A9%E3%83%83%E3%82%AF%E3%83%AC%E3%83%BC%E3%83%99%E3%83%AB%20%E3%82%B7%E3%83%A3%E3%83%84	メンズ服	メンズ	BURBERRY BLACK LABEL	バーバリー ブラックレーベル	ブラウス・シャツ	シャツ／ジャケット／コート	秋冬	9〜12月	1〜3週間	特になし	特になし	標準サイズは相場確認	標準	2000〜8000	2000	8000	8000〜30000	8000	30000	約5200〜19000	-800	25000	750	1200	宅急便60〜100	高	S	85	75	50	60	早い	80	高	高	-40	中	-20	60	16	見送り	要検証	美品・相場あり・利益あり	ブランド/状態次第	秋冬需要	脇汗 / 黄ばみ / 目立つシミ / 強い香水臭 / 真贋不明	シミ / 脇汗 / 黄ばみ / 真贋不明	真贋注意 / 汚れリスク / 送料高 / 相場確認必須	バーバリー ブラックレーベル ブラウス シャツ ジャケット コート	5	正面 / 背面 / ブランドタグ / 素材タグ / サイズタグ / 実寸が分かる写真 / ダメージ箇所 / 真贋判断用タグ/刻印	見つけたら即リサーチ	優先確認。利益が出れば仕入れ候補。 真贋・タグ確認を必須にする。	ブランド / 服種類 / 仕入れ値 / サイズ / 素材タグ写真 / ブランドタグ写真 / 全体写真 / 状態 / メルカリ売切相場 / 真贋確認情報	脇汗 / テカリ強い / 股スレ / 裾破れ / 上下サイズ違い / 真贋不明 / 内タグ/シリアル/品質タグ欠損	新品タグ付き・大きいサイズ・低単価なら慎重に再確認 / 鑑定済み・正規タグ確認・購入元信頼性ありの場合のみ	脇汗、襟汚れ、袖口汚れ、パンツ股スレ、上下サイズ一致は確認しましたか？	バーバリー ブラックレーベル ブラウス・シャツ	BURBERRY BLACK LABEL シャツ	バーバリー ブラックレーベル シャツ	上下全体 / ブランドタグ / 素材タグ / 脇 / 襟 / 袖口 / パンツ股 / 裾 / サイズ表記	真贋確認できるまで購入不可
v4	RULE_0123	BRD_0123	CAT_003	TRUE	SCORE_V1	https://jp.mercari.com/search?keyword=%E3%83%96%E3%83%A9%E3%83%83%E3%82%AF%E3%83%AC%E3%83%BC%E3%83%99%E3%83%AB%20%E3%82%AF%E3%83%AC%E3%82%B9%E3%83%88%E3%83%96%E3%83%AA%E3%83%83%E3%82%B8%20%E3%83%96%E3%83%A9%E3%82%A6%E3%82%B9%E3%83%BB%E3%82%B7%E3%83%A3%E3%83%84	https://jp.mercari.com/search?keyword=BLACK%20LABEL%20CRESTBRIDGE%20%E3%82%B7%E3%83%A3%E3%83%84	https://jp.mercari.com/search?keyword=%E3%83%96%E3%83%A9%E3%83%83%E3%82%AF%E3%83%AC%E3%83%BC%E3%83%99%E3%83%AB%20%E3%82%AF%E3%83%AC%E3%82%B9%E3%83%88%E3%83%96%E3%83%AA%E3%83%83%E3%82%B8%20%E3%82%B7%E3%83%A3%E3%83%84	メンズ服	メンズ	BLACK LABEL CRESTBRIDGE	ブラックレーベル クレストブリッジ	ブラウス・シャツ	シャツ／パーカー／ジャケット	春夏寄り	3〜8月	2〜6週間	特になし	特になし	標準サイズは相場確認	標準	2000〜7000	2000	7000	8000〜25000	8000	25000	約5200〜15500	200	20500	750	1200	宅急便60〜100	高	A	70	75	50	60	普通	60	高	低	0	中	-20	50	49	慎重	要検証	美品・相場あり・利益あり	ブランド/状態次第	相場次第	脇汗 / 黄ばみ / 目立つシミ / 強い香水臭	シミ / 脇汗 / 黄ばみ	汚れリスク / 相場確認必須	ブラックレーベル クレストブリッジ ブラウス シャツ ジャケット	3	正面 / 背面 / ブランドタグ / 素材タグ / サイズタグ / 実寸が分かる写真 / ダメージ箇所	条件が合えばリサーチ	条件一致時のみ仕入れ候補。	ブランド / 服種類 / 仕入れ値 / サイズ / 素材タグ写真 / ブランドタグ写真 / 全体写真 / 状態 / メルカリ売切相場	脇汗 / テカリ強い / 股スレ / 裾破れ / 上下サイズ違い	新品タグ付き・大きいサイズ・低単価なら慎重に再確認	脇汗、襟汚れ、袖口汚れ、パンツ股スレ、上下サイズ一致は確認しましたか？	ブラックレーベル クレストブリッジ ブラウス・シャツ	BLACK LABEL CRESTBRIDGE シャツ	ブラックレーベル クレストブリッジ シャツ	上下全体 / ブランドタグ / 素材タグ / 脇 / 襟 / 袖口 / パンツ股 / 裾 / サイズ表記	条件が揃う場合のみ。迷ったら見送り
v4	RULE_0124	BRD_0124	CAT_003	TRUE	SCORE_V1	https://jp.mercari.com/search?keyword=%E3%83%93%E3%83%BC%E3%83%A0%E3%82%B9%E3%83%97%E3%83%A9%E3%82%B9%20%E3%83%96%E3%83%A9%E3%82%A6%E3%82%B9%E3%83%BB%E3%82%B7%E3%83%A3%E3%83%84	https://jp.mercari.com/search?keyword=BEAMS%20PLUS%20%E3%82%B8%E3%83%A3%E3%82%B1%E3%83%83%E3%83%88	https://jp.mercari.com/search?keyword=%E3%83%93%E3%83%BC%E3%83%A0%E3%82%B9%E3%83%97%E3%83%A9%E3%82%B9%20%E3%82%B8%E3%83%A3%E3%82%B1%E3%83%83%E3%83%88	メンズ服	メンズ	BEAMS PLUS	ビームスプラス	ブラウス・シャツ	ジャケット／シャツ／パンツ	春夏寄り	3〜8月	2〜6週間	特になし	特になし	標準サイズは相場確認	標準	1000〜4000	1000	4000	5000〜15000	5000	15000	約3500〜9500	500	12500	750	1200	宅急便60〜100	高	A	70	75	50	60	普通	60	中	低	0	中	-20	50	42	慎重	要検証	美品・相場あり・利益あり	ブランド/状態次第	相場次第	脇汗 / 黄ばみ / 目立つシミ / 強い香水臭	シミ / 脇汗 / 黄ばみ	汚れリスク / 相場確認必須	ビームスプラス ブラウス シャツ ジャケット パンツ	3	正面 / 背面 / ブランドタグ / 素材タグ / サイズタグ / 実寸が分かる写真 / ダメージ箇所	条件が合えばリサーチ	条件一致時のみ仕入れ候補。	ブランド / 服種類 / 仕入れ値 / サイズ / 素材タグ写真 / ブランドタグ写真 / 全体写真 / 状態 / メルカリ売切相場	脇汗 / テカリ強い / 股スレ / 裾破れ / 上下サイズ違い	新品タグ付き・大きいサイズ・低単価なら慎重に再確認	脇汗、襟汚れ、袖口汚れ、パンツ股スレ、上下サイズ一致は確認しましたか？	ビームスプラス ブラウス・シャツ	BEAMS PLUS ジャケット	ビームスプラス ジャケット	上下全体 / ブランドタグ / 素材タグ / 脇 / 襟 / 袖口 / パンツ股 / 裾 / サイズ表記	条件が揃う場合のみ。迷ったら見送り
v4	RULE_0125	BRD_0125	CAT_003	TRUE	SCORE_V1	https://jp.mercari.com/search?keyword=%E3%83%A6%E3%83%8A%E3%82%A4%E3%83%86%E3%83%83%E3%83%89%E3%82%A2%E3%83%AD%E3%83%BC%E3%82%BA%20%E3%82%B9%E3%83%BC%E3%83%84%E3%83%BB%E3%82%BB%E3%83%83%E3%83%88%E3%82%A2%E3%83%83%E3%83%97	https://jp.mercari.com/search?keyword=UNITED%20ARROWS%20%E3%82%B9%E3%83%BC%E3%83%84	https://jp.mercari.com/search?keyword=%E3%83%A6%E3%83%8A%E3%82%A4%E3%83%86%E3%83%83%E3%83%89%E3%82%A2%E3%83%AD%E3%83%BC%E3%82%BA%20%E3%82%B9%E3%83%BC%E3%83%84	メンズ服	メンズ	UNITED ARROWS	ユナイテッドアローズ	スーツ・セットアップ	スーツ／ジャケット／別注品	通年	2〜4月 / 9〜11月	3〜10週間	特になし	特になし	標準サイズは相場確認	標準	1000〜4000	1000	4000	5000〜15000	5000	15000	約3500〜9500	500	12500	750	1200	宅急便60〜100	高	B	55	75	50	60	遅め	60	低〜中	低	0	中	-20	35	36	見送り	要検証	美品・相場あり・利益あり	コラボ/別注	相場次第	脇汗 / 黄ばみ / 目立つシミ / 強い香水臭	シミ / 脇汗 / 黄ばみ	汚れリスク / 相場確認必須	ユナイテッドアローズ スーツ ジャケット	5	正面 / 背面 / ブランドタグ / 素材タグ / サイズタグ / 実寸が分かる写真 / ダメージ箇所	安値のみ確認	安仕入れ・美品・相場あり限定。 回転遅めのため価格設定を保守的に。	ブランド / 服種類 / 仕入れ値 / サイズ / 素材タグ写真 / ブランドタグ写真 / 全体写真 / 状態 / メルカリ売切相場	脇汗 / テカリ強い / 股スレ / 裾破れ / 上下サイズ違い	新品タグ付き・大きいサイズ・低単価なら慎重に再確認	脇汗、襟汚れ、袖口汚れ、パンツ股スレ、上下サイズ一致は確認しましたか？	ユナイテッドアローズ スーツ・セットアップ	UNITED ARROWS スーツ	ユナイテッドアローズ スーツ	上下全体 / ブランドタグ / 素材タグ / 脇 / 襟 / 袖口 / パンツ股 / 裾 / サイズ表記	原則見送り
v4	RULE_0126	BRD_0126	CAT_003	TRUE	SCORE_V1	https://jp.mercari.com/search?keyword=%E3%82%B7%E3%83%83%E3%83%97%E3%82%B9%20%E3%82%B9%E3%83%BC%E3%83%84%E3%83%BB%E3%82%BB%E3%83%83%E3%83%88%E3%82%A2%E3%83%83%E3%83%97	https://jp.mercari.com/search?keyword=SHIPS%20%E3%82%B8%E3%83%A3%E3%82%B1%E3%83%83%E3%83%88	https://jp.mercari.com/search?keyword=%E3%82%B7%E3%83%83%E3%83%97%E3%82%B9%20%E3%82%B8%E3%83%A3%E3%82%B1%E3%83%83%E3%83%88	メンズ服	メンズ	SHIPS	シップス	スーツ・セットアップ	ジャケット／コート／別注品	秋冬	2〜4月 / 9〜11月	2〜8週間	特になし	特になし	標準サイズは相場確認	標準	1000〜4000	1000	4000	5000〜15000	5000	15000	約3500〜9500	500	12500	750	1200	宅急便60〜100	高	B	55	75	50	60	遅め	60	低〜中	低	0	中	-20	35	36	見送り	要検証	美品・相場あり・利益あり	コラボ/別注	秋冬需要	脇汗 / 黄ばみ / 目立つシミ / 強い香水臭	シミ / 脇汗 / 黄ばみ	汚れリスク / 送料高 / 相場確認必須	シップス スーツ ジャケット コート	5	正面 / 背面 / ブランドタグ / 素材タグ / サイズタグ / 実寸が分かる写真 / ダメージ箇所	安値のみ確認	安仕入れ・美品・相場あり限定。 回転遅めのため価格設定を保守的に。	ブランド / 服種類 / 仕入れ値 / サイズ / 素材タグ写真 / ブランドタグ写真 / 全体写真 / 状態 / メルカリ売切相場	脇汗 / テカリ強い / 股スレ / 裾破れ / 上下サイズ違い	新品タグ付き・大きいサイズ・低単価なら慎重に再確認	脇汗、襟汚れ、袖口汚れ、パンツ股スレ、上下サイズ一致は確認しましたか？	シップス スーツ・セットアップ	SHIPS ジャケット	シップス ジャケット	上下全体 / ブランドタグ / 素材タグ / 脇 / 襟 / 袖口 / パンツ股 / 裾 / サイズ表記	原則見送り
v4	RULE_0127	BRD_0127	CAT_003	TRUE	SCORE_V1	https://jp.mercari.com/search?keyword=%E3%82%A8%E3%83%87%E3%82%A3%E3%83%95%E3%82%A3%E3%82%B9%20%E3%83%91%E3%83%B3%E3%83%84	https://jp.mercari.com/search?keyword=EDIFICE%20%E3%82%B8%E3%83%A3%E3%82%B1%E3%83%83%E3%83%88	https://jp.mercari.com/search?keyword=%E3%82%A8%E3%83%87%E3%82%A3%E3%83%95%E3%82%A3%E3%82%B9%20%E3%82%B8%E3%83%A3%E3%82%B1%E3%83%83%E3%83%88	メンズ服	メンズ	EDIFICE	エディフィス	パンツ	ジャケット／パンツ／コート	秋冬	9〜12月	2〜8週間	特になし	特になし	標準サイズは相場確認	標準	1000〜4000	1000	4000	5000〜15000	5000	15000	約3500〜9500	500	12500	750	1200	宅急便60〜100	高	B	55	75	50	60	遅め	60	低〜中	低	0	低〜中	0	35	56	慎重	要検証	美品・相場あり・利益あり	ブランド/状態次第	秋冬需要	状態難・相場なし・利益不足	特になし	送料高 / 相場確認必須	エディフィス ジャケット パンツ コート	5	正面 / 背面 / ブランドタグ / 素材タグ / サイズタグ / 実寸が分かる写真 / ダメージ箇所	安値のみ確認	安仕入れ・美品・相場あり限定。 回転遅めのため価格設定を保守的に。	ブランド / 服種類 / 仕入れ値 / サイズ / 素材タグ写真 / ブランドタグ写真 / 全体写真 / 状態 / メルカリ売切相場	脇汗 / テカリ強い / 股スレ / 裾破れ / 上下サイズ違い	新品タグ付き・大きいサイズ・低単価なら慎重に再確認	脇汗、襟汚れ、袖口汚れ、パンツ股スレ、上下サイズ一致は確認しましたか？	エディフィス パンツ	EDIFICE ジャケット	エディフィス ジャケット	上下全体 / ブランドタグ / 素材タグ / 脇 / 襟 / 袖口 / パンツ股 / 裾 / サイズ表記	条件が揃う場合のみ。迷ったら見送り
v4	RULE_0128	BRD_0128	CAT_004	TRUE	SCORE_V1	https://jp.mercari.com/search?keyword=%E3%82%A2%E3%83%87%E3%82%A3%E3%83%80%E3%82%B9%20%E3%82%B9%E3%83%BC%E3%83%84%E3%83%BB%E3%82%BB%E3%83%83%E3%83%88%E3%82%A2%E3%83%83%E3%83%97	https://jp.mercari.com/search?keyword=Adidas%20%E3%83%88%E3%83%A9%E3%83%83%E3%82%AF%E3%82%B8%E3%83%A3%E3%82%B1%E3%83%83%E3%83%88	https://jp.mercari.com/search?keyword=%E3%82%A2%E3%83%87%E3%82%A3%E3%83%80%E3%82%B9%20%E3%83%88%E3%83%A9%E3%83%83%E3%82%AF%E3%82%B8%E3%83%A3%E3%82%B1%E3%83%83%E3%83%88%20%E3%83%AC%E3%83%BC%E3%82%B9%20%E5%88%BA%E7%B9%8D	スポーツ・アウトドア	ユニセックス	Adidas	アディダス	スーツ・セットアップ	トラックジャケット／デサント／ATP系	通年	2〜4月 / 9〜11月	1〜3週間	刺繍/レース/ビジュー	レース / 刺繍	標準サイズは相場確認	標準	1000〜7000	1000	7000	6000〜30000	6000	30000	約4400〜20000	-1600	26000	750	1200	宅急便60〜100	高	S	85	75	80	60	早い	80	高	中	-20	中〜高	-10	60	50	慎重	要検証	刺繍/レース/ビジュー	デザイン強め	相場次第	脇汗 / 黄ばみ / 目立つシミ / 強い香水臭 / 経年劣化	シミ / 脇汗 / 黄ばみ / 内側劣化	真贋注意 / 経年劣化 / 汚れリスク / 相場確認必須	アディダス レース 刺繍 スーツ ジャケット	3	正面 / 背面 / ブランドタグ / 素材タグ / サイズタグ / 実寸が分かる写真 / ダメージ箇所	見つけたら即リサーチ	優先確認。利益が出れば仕入れ候補。	ブランド / 服種類 / 仕入れ値 / サイズ / 素材タグ写真 / ブランドタグ写真 / 全体写真 / 状態 / メルカリ売切相場 / 真贋確認情報	脇汗 / テカリ強い / 股スレ / 裾破れ / 上下サイズ違い / 真贋不明 / 内タグ/シリアル/品質タグ欠損	新品タグ付き・大きいサイズ・低単価なら慎重に再確認 / 鑑定済み・正規タグ確認・購入元信頼性ありの場合のみ	脇汗、襟汚れ、袖口汚れ、パンツ股スレ、上下サイズ一致は確認しましたか？	アディダス スーツ・セットアップ	Adidas トラックジャケット	アディダス トラックジャケット レース 刺繍	上下全体 / ブランドタグ / 素材タグ / 脇 / 襟 / 袖口 / パンツ股 / 裾 / サイズ表記	条件が揃う場合のみ。迷ったら見送り
v4	RULE_0129	BRD_0129	CAT_004	TRUE	SCORE_V1	https://jp.mercari.com/search?keyword=%E3%83%8A%E3%82%A4%E3%82%AD%20%E3%82%B9%E3%83%BC%E3%83%84%E3%83%BB%E3%82%BB%E3%83%83%E3%83%88%E3%82%A2%E3%83%83%E3%83%97	https://jp.mercari.com/search?keyword=Nike%20%E3%83%8A%E3%82%A4%E3%83%AD%E3%83%B3%E3%82%B8%E3%83%A3%E3%82%B1%E3%83%83%E3%83%88	https://jp.mercari.com/search?keyword=%E3%83%8A%E3%82%A4%E3%82%AD%20%E3%83%8A%E3%82%A4%E3%83%AD%E3%83%B3%E3%82%B8%E3%83%A3%E3%82%B1%E3%83%83%E3%83%88	スポーツ・アウトドア	ユニセックス	Nike	ナイキ	スーツ・セットアップ	ナイロンジャケット／スウェット／90s	通年	2〜4月 / 9〜11月	2〜6週間	ナイロン高需要	ナイロン	標準サイズは相場確認	標準	1000〜5000	1000	5000	5000〜20000	5000	20000	約3500〜13000	-500	17000	750	1200	宅急便60〜100	高	A	70	75	65	60	普通	60	高	低	0	高	-35	50	35	見送り	要検証	ナイロン高需要	ブランド/状態次第	相場次第	脇汗 / 黄ばみ / 目立つシミ / 強い香水臭 / 経年劣化	シミ / 脇汗 / 黄ばみ / 内側劣化	真贋注意 / 経年劣化 / 汚れリスク / 相場確認必須	ナイキ スーツ ジャケット	3	正面 / 背面 / ブランドタグ / 素材タグ / サイズタグ / 実寸が分かる写真 / ダメージ箇所	条件が合えばリサーチ	条件一致時のみ仕入れ候補。	ブランド / 服種類 / 仕入れ値 / サイズ / 素材タグ写真 / ブランドタグ写真 / 全体写真 / 状態 / メルカリ売切相場	脇汗 / テカリ強い / 股スレ / 裾破れ / 上下サイズ違い / 真贋不明 / 内タグ/シリアル/品質タグ欠損	新品タグ付き・大きいサイズ・低単価なら慎重に再確認 / 鑑定済み・正規タグ確認・購入元信頼性ありの場合のみ	脇汗、襟汚れ、袖口汚れ、パンツ股スレ、上下サイズ一致は確認しましたか？	ナイキ スーツ・セットアップ	Nike ナイロンジャケット	ナイキ ナイロンジャケット	上下全体 / ブランドタグ / 素材タグ / 脇 / 襟 / 袖口 / パンツ股 / 裾 / サイズ表記	原則見送り
v4	RULE_0130	BRD_0130	CAT_004	TRUE	SCORE_V1	https://jp.mercari.com/search?keyword=%E3%82%B8%E3%83%A7%E3%83%BC%E3%83%80%E3%83%B3%20%E3%83%90%E3%83%83%E3%82%B0	https://jp.mercari.com/search?keyword=Jordan%20%E3%83%90%E3%83%83%E3%82%B0	https://jp.mercari.com/search?keyword=%E3%82%B8%E3%83%A7%E3%83%BC%E3%83%80%E3%83%B3%20%E3%83%90%E3%83%83%E3%82%B0%EF%BC%8F%E3%82%B9%E3%83%8B%E3%83%BC%E3%82%AB%E3%83%BC%EF%BC%8F%E3%82%B8%E3%83%A3%E3%83%BC%E3%82%B8	スポーツ・アウトドア	ユニセックス	Jordan	ジョーダン	バッグ	バッグ／スニーカー／ジャージ	通年	通年	2〜6週間	特になし	特になし	標準サイズは相場確認	標準	1000〜5000	1000	5000	5000〜18000	5000	18000	約3500〜11200	-500	15200	750	1050	宅急便60〜80	高	A	70	75	50	60	普通	60	中	低	0	高	-35	50	27	見送り	要検証	美品・相場あり・利益あり	ブランド/状態次第	通年需要	ベタつき / 角破れ / 内側劣化 / ショルダー欠品	ベタつき / 内側劣化 / 穴/破れ / 欠品	経年劣化 / 送料高 / 相場確認必須	ジョーダン バッグ	3	正面 / 背面 / 角4カ所 / 内側 / ブランドタグ/ロゴ / ショルダー/付属品	条件が合えばリサーチ	条件一致時のみ仕入れ候補。	ブランド / 服種類 / 仕入れ値 / サイズ / 素材タグ写真 / ブランドタグ写真 / 全体写真 / 状態 / メルカリ売切相場	内側ベタつき / 粉吹き / 合皮剥がれ / 強い臭い / ファスナー不良 / ショルダー欠品※2WAY/斜め掛け前提品	高単価ブランドで補修・清掃後も粗利が十分ある場合のみ再検討	角スレ、内側ベタつき、臭い、ファスナー不良、ショルダー/付属品欠品はありますか？	ジョーダン バッグ	Jordan バッグ	ジョーダン バッグ／スニーカー／ジャージ	正面 / 背面 / 底角4カ所 / 持ち手 / 内側 / ロゴ / 金具 / ファスナー / 付属品	原則見送り
v4	RULE_0131	BRD_0131	CAT_004	TRUE	SCORE_V1	https://jp.mercari.com/search?keyword=%E3%83%9E%E3%83%B3%E3%83%81%E3%82%A7%E3%82%B9%E3%82%BF%E3%83%BC%E3%83%BB%E3%83%A6%E3%83%8A%E3%82%A4%E3%83%86%E3%83%83%E3%83%89%20%E3%82%B9%E3%83%9D%E3%83%BC%E3%83%84%E3%82%A6%E3%82%A7%E3%82%A2	https://jp.mercari.com/search?keyword=Manchester%20United%20%E3%83%B4%E3%82%A3%E3%83%B3%E3%83%86%E3%83%BC%E3%82%B8%E3%83%A6%E3%83%8B%E3%83%95%E3%82%A9%E3%83%BC%E3%83%A0	https://jp.mercari.com/search?keyword=%E3%83%9E%E3%83%B3%E3%83%81%E3%82%A7%E3%82%B9%E3%82%BF%E3%83%BC%E3%83%BB%E3%83%A6%E3%83%8A%E3%82%A4%E3%83%86%E3%83%83%E3%83%89%20%E3%83%B4%E3%82%A3%E3%83%B3%E3%83%86%E3%83%BC%E3%82%B8%E3%83%A6%E3%83%8B%E3%83%95%E3%82%A9%E3%83%BC%E3%83%A0	スポーツ・アウトドア	ユニセックス	Manchester United	マンチェスター・ユナイテッド	スポーツウェア	ヴィンテージユニフォーム／Vodafone	通年	通年	1〜4週間	特になし	特になし	標準サイズは相場確認	標準	3000〜10000	3000	10000	12000〜30000	12000	30000	約7800〜17000	800	24000	230	750	ゆうパケットポスト〜宅急便コンパクト	中	S	85	75	50	60	普通〜早い	60	高	中	-20	低〜中	0	60	54	慎重	要検証	美品・相場あり・利益あり	ブランド/状態次第	相場次第	状態難・相場なし・利益不足	特になし	真贋注意 / 相場確認必須	マンチェスター・ユナイテッド	3	正面 / 背面 / ブランドタグ / 素材タグ / サイズタグ / 実寸が分かる写真 / ダメージ箇所	見つけたら即リサーチ	優先確認。利益が出れば仕入れ候補。	ブランド / 服種類 / 仕入れ値 / サイズ / 素材タグ写真 / ブランドタグ写真 / 全体写真 / 状態 / メルカリ売切相場 / 真贋確認情報	脇汗 / 黄ばみ / 目立つシミ / 虫食い / 穴/破れ / ファスナー不良 / 強い臭い / 真贋不明 / 内タグ/シリアル/品質タグ欠損	ヴィンテージ/希少ブランドで状態込み相場が確認できる場合のみ / 鑑定済み・正規タグ確認・購入元信頼性ありの場合のみ	脇汗、黄ばみ、シミ、虫食い、穴、毛玉、素材タグ、サイズ表記は確認しましたか？	マンチェスター・ユナイテッド スポーツウェア	Manchester United ヴィンテージユニフォーム	マンチェスター・ユナイテッド ヴィンテージユニフォーム	正面 / 背面 / ブランドタグ / 素材タグ / サイズタグ / 脇 / 襟 / 袖口 / 裾 / ダメージ箇所	条件が揃う場合のみ。迷ったら見送り
v4	RULE_0132	BRD_0132	CAT_004	TRUE	SCORE_V1	https://jp.mercari.com/search?keyword=%E3%82%B5%E3%83%83%E3%82%AB%E3%83%BC%E3%83%A6%E3%83%8B%E3%83%95%E3%82%A9%E3%83%BC%E3%83%A0%20%E3%82%B9%E3%83%9D%E3%83%BC%E3%83%84%E3%82%A6%E3%82%A7%E3%82%A2	https://jp.mercari.com/search?keyword=%E3%82%B5%E3%83%83%E3%82%AB%E3%83%BC%E3%83%A6%E3%83%8B%E3%83%95%E3%82%A9%E3%83%BC%E3%83%A0%20%E6%AC%A7%E5%B7%9E%E3%82%AF%E3%83%A9%E3%83%96	https://jp.mercari.com/search?keyword=%E3%82%B5%E3%83%83%E3%82%AB%E3%83%BC%E3%83%A6%E3%83%8B%E3%83%95%E3%82%A9%E3%83%BC%E3%83%A0%20%E6%AC%A7%E5%B7%9E%E3%82%AF%E3%83%A9%E3%83%96	スポーツ・アウトドア	ユニセックス	サッカーユニフォーム	サッカーユニフォーム	スポーツウェア	欧州クラブ／代表／ヴィンテージ	通年	通年	2〜6週間	特になし	特になし	標準サイズは相場確認	標準	1000〜8000	1000	8000	6000〜30000	6000	30000	約4400〜19000	-2600	26000	230	750	ゆうパケットポスト〜宅急便コンパクト	中	A	70	60	50	60	普通	60	高	低	0	低〜中	-10	50	56	慎重	要検証	美品・相場あり・利益あり	ブランド/状態次第	相場次第	状態難・相場なし・利益不足	内側劣化 / 真贋不明	真贋注意 / 経年劣化 / 相場確認必須	サッカーユニフォーム	3	正面 / 背面 / ブランドタグ / 素材タグ / サイズタグ / 実寸が分かる写真 / ダメージ箇所	条件が合えばリサーチ	条件一致時のみ仕入れ候補。	ブランド / 服種類 / 仕入れ値 / サイズ / 素材タグ写真 / ブランドタグ写真 / 全体写真 / 状態 / メルカリ売切相場	脇汗 / 黄ばみ / 目立つシミ / 虫食い / 穴/破れ / ファスナー不良 / 強い臭い / 真贋不明 / 内タグ/シリアル/品質タグ欠損	ヴィンテージ/希少ブランドで状態込み相場が確認できる場合のみ / 鑑定済み・正規タグ確認・購入元信頼性ありの場合のみ	脇汗、黄ばみ、シミ、虫食い、穴、毛玉、素材タグ、サイズ表記は確認しましたか？	サッカーユニフォーム スポーツウェア	サッカーユニフォーム 欧州クラブ	サッカーユニフォーム 欧州クラブ	正面 / 背面 / ブランドタグ / 素材タグ / サイズタグ / 脇 / 襟 / 袖口 / 裾 / ダメージ箇所	条件が揃う場合のみ。迷ったら見送り
v4	RULE_0133	BRD_0133	CAT_004	TRUE	SCORE_V1	https://jp.mercari.com/search?keyword=%E3%83%91%E3%83%BC%E3%83%AA%E3%83%BC%E3%82%B2%E3%82%A4%E3%83%84%20%E3%83%90%E3%83%83%E3%82%B0	https://jp.mercari.com/search?keyword=PEARLY%20GATES%20%E3%82%B4%E3%83%AB%E3%83%95%E3%82%A6%E3%82%A7%E3%82%A2	https://jp.mercari.com/search?keyword=%E3%83%91%E3%83%BC%E3%83%AA%E3%83%BC%E3%82%B2%E3%82%A4%E3%83%84%20%E3%82%B4%E3%83%AB%E3%83%95%E3%82%A6%E3%82%A7%E3%82%A2	スポーツ・アウトドア	ユニセックス	PEARLY GATES	パーリーゲイツ	バッグ	ゴルフウェア／パンツ／バッグ	通年	3〜6月 / 9〜11月	2〜6週間	特になし	特になし	標準サイズは相場確認	標準	1000〜6000	1000	6000	5000〜20000	5000	20000	約3500〜12000	-1500	17000	750	1050	宅急便60〜80	高	A	70	75	50	60	普通	60	高	低	0	高	-35	50	34	見送り	要検証	美品・相場あり・利益あり	ブランド/状態次第	通年需要	ベタつき / 角破れ / 内側劣化 / ショルダー欠品	ベタつき / 内側劣化 / 穴/破れ / 欠品	経年劣化 / 汚れリスク / 送料高 / 相場確認必須	パーリーゲイツ バッグ パンツ	3	正面 / 背面 / 角4カ所 / 内側 / ブランドタグ/ロゴ / ショルダー/付属品	条件が合えばリサーチ	条件一致時のみ仕入れ候補。	ブランド / 服種類 / 仕入れ値 / サイズ / 素材タグ写真 / ブランドタグ写真 / 全体写真 / 状態 / メルカリ売切相場	内側ベタつき / 粉吹き / 合皮剥がれ / 強い臭い / ファスナー不良 / ショルダー欠品※2WAY/斜め掛け前提品	高単価ブランドで補修・清掃後も粗利が十分ある場合のみ再検討	角スレ、内側ベタつき、臭い、ファスナー不良、ショルダー/付属品欠品はありますか？	パーリーゲイツ バッグ	PEARLY GATES ゴルフウェア	パーリーゲイツ ゴルフウェア	正面 / 背面 / 底角4カ所 / 持ち手 / 内側 / ロゴ / 金具 / ファスナー / 付属品	原則見送り
v4	RULE_0134	BRD_0134	CAT_004	TRUE	SCORE_V1	https://jp.mercari.com/search?keyword=%E3%83%9E%E3%82%B9%E3%82%BF%E3%83%BC%E3%83%90%E3%83%8B%E3%83%BC%20%E3%83%91%E3%83%B3%E3%83%84	https://jp.mercari.com/search?keyword=MASTER%20BUNNY%20%E3%82%B4%E3%83%AB%E3%83%95%E3%82%A6%E3%82%A7%E3%82%A2	https://jp.mercari.com/search?keyword=%E3%83%9E%E3%82%B9%E3%82%BF%E3%83%BC%E3%83%90%E3%83%8B%E3%83%BC%20%E3%82%B4%E3%83%AB%E3%83%95%E3%82%A6%E3%82%A7%E3%82%A2	スポーツ・アウトドア	ユニセックス	MASTER BUNNY	マスターバニー	パンツ	ゴルフウェア／パンツ／アウター	通年	9〜12月	2〜8週間	特になし	特になし	標準サイズは相場確認	標準	1000〜6000	1000	6000	5000〜20000	5000	20000	約3500〜12000	-1500	17000	750	1200	宅急便60〜100	高	A	70	60	50	60	普通	60	高	低	0	低〜中	0	50	66	条件付き買い	要検証	美品・相場あり・利益あり	ブランド/状態次第	相場次第	状態難・相場なし・利益不足	特になし	汚れリスク / 送料高 / 相場確認必須	マスターバニー パンツ	3	正面 / 背面 / ブランドタグ / 素材タグ / サイズタグ / 実寸が分かる写真 / ダメージ箇所	条件が合えばリサーチ	条件一致時のみ仕入れ候補。	ブランド / 服種類 / 仕入れ値 / サイズ / 素材タグ写真 / ブランドタグ写真 / 全体写真 / 状態 / メルカリ売切相場	脇汗 / 黄ばみ / 目立つシミ / 虫食い / 穴/破れ / ファスナー不良 / 強い臭い	ヴィンテージ/希少ブランドで状態込み相場が確認できる場合のみ	脇汗、黄ばみ、シミ、虫食い、穴、毛玉、素材タグ、サイズ表記は確認しましたか？	マスターバニー パンツ	MASTER BUNNY ゴルフウェア	マスターバニー ゴルフウェア	正面 / 背面 / ブランドタグ / 素材タグ / サイズタグ / 脇 / 襟 / 袖口 / 裾 / ダメージ箇所	利益3000円以上または低仕入れなら購入候補
v4	RULE_0135	BRD_0135	CAT_004	TRUE	SCORE_V1	https://jp.mercari.com/search?keyword=%E3%83%93%E3%83%BC%E3%83%A0%E3%82%B9%E3%82%B4%E3%83%AB%E3%83%95%20%E3%83%91%E3%83%B3%E3%83%84	https://jp.mercari.com/search?keyword=BEAMS%20GOLF%20%E3%82%B4%E3%83%AB%E3%83%95%E3%82%A6%E3%82%A7%E3%82%A2	https://jp.mercari.com/search?keyword=%E3%83%93%E3%83%BC%E3%83%A0%E3%82%B9%E3%82%B4%E3%83%AB%E3%83%95%20%E3%82%B4%E3%83%AB%E3%83%95%E3%82%A6%E3%82%A7%E3%82%A2	スポーツ・アウトドア	ユニセックス	BEAMS GOLF	ビームスゴルフ	パンツ	ゴルフウェア／パンツ／ポロ	通年	3〜6月 / 9〜11月	2〜6週間	特になし	特になし	標準サイズは相場確認	標準	1000〜4000	1000	4000	5000〜15000	5000	15000	約3500〜9500	500	12500	210	450	ネコポス/ゆうパケットポスト	低〜中	A	70	60	50	60	普通	60	中	低	0	低〜中	0	50	60	条件付き買い	要検証	美品・相場あり・利益あり	ブランド/状態次第	相場次第	状態難・相場なし・利益不足	特になし	相場確認必須	ビームスゴルフ パンツ	3	正面 / 背面 / ブランドタグ / 素材タグ / サイズタグ / 実寸が分かる写真 / ダメージ箇所	条件が合えばリサーチ	条件一致時のみ仕入れ候補。	ブランド / 服種類 / 仕入れ値 / サイズ / 素材タグ写真 / ブランドタグ写真 / 全体写真 / 状態 / メルカリ売切相場	脇汗 / 黄ばみ / 目立つシミ / 虫食い / 穴/破れ / ファスナー不良 / 強い臭い	ヴィンテージ/希少ブランドで状態込み相場が確認できる場合のみ	脇汗、黄ばみ、シミ、虫食い、穴、毛玉、素材タグ、サイズ表記は確認しましたか？	ビームスゴルフ パンツ	BEAMS GOLF ゴルフウェア	ビームスゴルフ ゴルフウェア	正面 / 背面 / ブランドタグ / 素材タグ / サイズタグ / 脇 / 襟 / 袖口 / 裾 / ダメージ箇所	利益3000円以上または低仕入れなら購入候補
v4	RULE_0136	BRD_0136	CAT_004	TRUE	SCORE_V1	https://jp.mercari.com/search?keyword=%E3%82%AD%E3%83%A3%E3%83%AD%E3%82%A6%E3%82%A7%E3%82%A4%20%E3%82%A2%E3%82%A6%E3%82%BF%E3%83%BC	https://jp.mercari.com/search?keyword=Callaway%20%E3%82%B4%E3%83%AB%E3%83%95%E3%82%A6%E3%82%A7%E3%82%A2	https://jp.mercari.com/search?keyword=%E3%82%AD%E3%83%A3%E3%83%AD%E3%82%A6%E3%82%A7%E3%82%A4%20%E3%82%B4%E3%83%AB%E3%83%95%E3%82%A6%E3%82%A7%E3%82%A2%20%E5%A4%A7%E3%81%8D%E3%81%84%E3%82%B5%E3%82%A4%E3%82%BA	スポーツ・アウトドア	ユニセックス	Callaway	キャロウェイ	アウター	ゴルフウェア／アウター	通年	9〜12月	2〜8週間	特になし	特になし	大きいサイズ加点	大きいサイズ加点	500〜3000	500	3000	3500〜10000	3500	10000	約2650〜6000	150	8500	750	1200	宅急便60〜100	高	B	55	60	50	75	遅め	60	低〜中	低	0	低〜中	-10	50	47	慎重	中	大きいサイズ加点	大きいサイズ	相場次第	虫食い / 毛玉大 / 型崩れ	毛玉/毛羽立ち	送料高	キャロウェイ 大きいサイズ	5	正面 / 背面 / ブランドタグ / 素材タグ / サイズタグ / 実寸が分かる写真 / ダメージ箇所	安値のみ確認	安仕入れ・美品・相場あり限定。 回転遅めのため価格設定を保守的に。	ブランド / 服種類 / 仕入れ値 / サイズ / 素材タグ写真 / ブランドタグ写真 / 全体写真 / 状態 / メルカリ売切相場	脇汗 / 黄ばみ / 目立つシミ / 虫食い / 穴/破れ / ファスナー不良 / 強い臭い	ヴィンテージ/希少ブランドで状態込み相場が確認できる場合のみ	脇汗、黄ばみ、シミ、虫食い、穴、毛玉、素材タグ、サイズ表記は確認しましたか？	キャロウェイ アウター	Callaway ゴルフウェア	キャロウェイ ゴルフウェア 大きいサイズ	正面 / 背面 / ブランドタグ / 素材タグ / サイズタグ / 脇 / 襟 / 袖口 / 裾 / ダメージ箇所	条件が揃う場合のみ。迷ったら見送り
v4	RULE_0137	BRD_0137	CAT_004	TRUE	SCORE_V1	https://jp.mercari.com/search?keyword=%E3%83%9E%E3%83%BC%E3%82%AF%E3%82%A2%E3%83%B3%E3%83%89%E3%83%AD%E3%83%8A%20%E3%83%90%E3%83%83%E3%82%B0	https://jp.mercari.com/search?keyword=MARK%26LONA%20%E3%82%B4%E3%83%AB%E3%83%95%E3%82%A6%E3%82%A7%E3%82%A2	https://jp.mercari.com/search?keyword=%E3%83%9E%E3%83%BC%E3%82%AF%E3%82%A2%E3%83%B3%E3%83%89%E3%83%AD%E3%83%8A%20%E3%82%B4%E3%83%AB%E3%83%95%E3%82%A6%E3%82%A7%E3%82%A2	スポーツ・アウトドア	ユニセックス	MARK&LONA	マークアンドロナ	バッグ	ゴルフウェア／バッグ	通年	3〜6月 / 9〜11月	1〜3週間	特になし	特になし	標準サイズは相場確認	標準	3000〜12000	3000	12000	10000〜40000	10000	40000	約6000〜24000	-3000	33000	750	1050	宅急便60〜80	高	S	85	75	50	60	早い	80	高	中	-20	高	-35	60	22	見送り	要検証	美品・相場あり・利益あり	デザイン強め	通年需要	ベタつき / 角破れ / 内側劣化 / ショルダー欠品	ベタつき / 内側劣化 / 穴/破れ / 欠品 / 真贋不明	真贋注意 / 経年劣化 / 送料高 / 相場確認必須	マークアンドロナ バッグ	3	正面 / 背面 / 角4カ所 / 内側 / ブランドタグ/ロゴ / ショルダー/付属品	見つけたら即リサーチ	優先確認。利益が出れば仕入れ候補。	ブランド / 服種類 / 仕入れ値 / サイズ / 素材タグ写真 / ブランドタグ写真 / 全体写真 / 状態 / メルカリ売切相場 / 真贋確認情報	内側ベタつき / 粉吹き / 合皮剥がれ / 強い臭い / ファスナー不良 / ショルダー欠品※2WAY/斜め掛け前提品 / 真贋不明 / 内タグ/シリアル/品質タグ欠損	高単価ブランドで補修・清掃後も粗利が十分ある場合のみ再検討 / 鑑定済み・正規タグ確認・購入元信頼性ありの場合のみ	角スレ、内側ベタつき、臭い、ファスナー不良、ショルダー/付属品欠品はありますか？	マークアンドロナ バッグ	MARK&LONA ゴルフウェア	マークアンドロナ ゴルフウェア	正面 / 背面 / 底角4カ所 / 持ち手 / 内側 / ロゴ / 金具 / ファスナー / 付属品	原則見送り
v4	RULE_0138	BRD_0138	CAT_004	TRUE	SCORE_V1	https://jp.mercari.com/search?keyword=%E3%83%A9%E3%83%83%E3%82%BB%E3%83%AB%E3%83%8E%20%E8%B2%A1%E5%B8%83%E3%83%BB%E5%B0%8F%E7%89%A9	https://jp.mercari.com/search?keyword=Russeluno%20%E3%82%B4%E3%83%AB%E3%83%95%E3%82%A6%E3%82%A7%E3%82%A2	https://jp.mercari.com/search?keyword=%E3%83%A9%E3%83%83%E3%82%BB%E3%83%AB%E3%83%8E%20%E3%82%B4%E3%83%AB%E3%83%95%E3%82%A6%E3%82%A7%E3%82%A2	スポーツ・アウトドア	ユニセックス	Russeluno	ラッセルノ	財布・小物	ゴルフウェア／キャップ	通年	3〜6月 / 9〜11月	2〜6週間	特になし	特になし	標準サイズは相場確認	標準	2000〜8000	2000	8000	8000〜25000	8000	25000	約5200〜14500	-800	20500	210	450	ネコポス/ゆうパケット	低	A	70	60	50	60	普通	60	高	低	0	低〜中	0	50	66	条件付き買い	要検証	美品・相場あり・利益あり	デザイン強め	通年需要	状態難・相場なし・利益不足	特になし	相場確認必須	ラッセルノ	3	正面 / 背面 / タグ / 素材タグ / 状態	条件が合えばリサーチ	条件一致時のみ仕入れ候補。	ブランド / 服種類 / 仕入れ値 / サイズ / 素材タグ写真 / ブランドタグ写真 / 全体写真 / 状態 / メルカリ売切相場	内側ベタつき / 粉吹き / 合皮剥がれ / 強い臭い / ファスナー不良 / ショルダー欠品※2WAY/斜め掛け前提品	高単価ブランドで補修・清掃後も粗利が十分ある場合のみ再検討	角スレ、内側ベタつき、臭い、ファスナー不良、ショルダー/付属品欠品はありますか？	ラッセルノ 財布・小物	Russeluno ゴルフウェア	ラッセルノ ゴルフウェア	正面 / 背面 / 底角4カ所 / 持ち手 / 内側 / ロゴ / 金具 / ファスナー / 付属品	利益3000円以上または低仕入れなら購入候補
v4	RULE_0139	BRD_0139	CAT_005	TRUE	SCORE_V1	https://jp.mercari.com/search?keyword=%E3%83%9C%E3%83%B3%E3%83%9D%E3%83%AF%E3%83%B3%20%E3%83%AF%E3%83%B3%E3%83%94%E3%83%BC%E3%82%B9	https://jp.mercari.com/search?keyword=Bonpoint%20%E3%83%AF%E3%83%B3%E3%83%94%E3%83%BC%E3%82%B9	https://jp.mercari.com/search?keyword=%E3%83%9C%E3%83%B3%E3%83%9D%E3%83%AF%E3%83%B3%20%E3%83%AF%E3%83%B3%E3%83%94%E3%83%BC%E3%82%B9%EF%BC%8F%E3%82%AB%E3%83%BC%E3%83%87%E3%82%A3%E3%82%AC%E3%83%B3%EF%BC%8F%E3%82%B3%E3%83%BC%E3%83%88	キッズ	キッズ	Bonpoint	ボンポワン	ワンピース	ワンピース／カーディガン／コート	秋冬	9〜12月	2〜8週間	特になし	特になし	標準サイズは相場確認	標準	1000〜5000	1000	5000	5000〜18000	5000	18000	約3500〜11200	-500	15200	750	1200	宅急便60〜100	高	A	70	75	50	60	普通	60	中	低	0	中〜高	-10	50	52	慎重	要検証	美品・相場あり・利益あり	ブランド/状態次第	秋冬需要	脇汗 / 黄ばみ / 目立つシミ / 強い香水臭 / 経年劣化	シミ / 脇汗 / 黄ばみ / 内側劣化	経年劣化 / 汚れリスク / 送料高 / 相場確認必須	ボンポワン ワンピース コート カーディガン	3	正面 / 背面 / ブランドタグ / 素材タグ / サイズタグ / 実寸が分かる写真 / ダメージ箇所	条件が合えばリサーチ	条件一致時のみ仕入れ候補。	ブランド / 服種類 / 仕入れ値 / サイズ / 素材タグ写真 / ブランドタグ写真 / 全体写真 / 状態 / メルカリ売切相場	脇汗 / 黄ばみ / 目立つシミ / 虫食い / 穴/破れ / ファスナー不良 / 強い臭い	ヴィンテージ/希少ブランドで状態込み相場が確認できる場合のみ	脇汗、黄ばみ、シミ、虫食い、穴、毛玉、素材タグ、サイズ表記は確認しましたか？	ボンポワン ワンピース	Bonpoint ワンピース	ボンポワン ワンピース／カーディガン／コート	正面 / 背面 / 首元 / 袖口 / 裾 / 毛玉箇所 / 素材タグ / ブランドタグ	条件が揃う場合のみ。迷ったら見送り
v4	RULE_0140	BRD_0140	CAT_005	TRUE	SCORE_V1	https://jp.mercari.com/search?keyword=%E3%83%9C%E3%83%B3%E3%83%88%E3%83%B3%20%E3%83%AF%E3%83%B3%E3%83%94%E3%83%BC%E3%82%B9	https://jp.mercari.com/search?keyword=BONTON%20%E3%83%AF%E3%83%B3%E3%83%94%E3%83%BC%E3%82%B9	https://jp.mercari.com/search?keyword=%E3%83%9C%E3%83%B3%E3%83%88%E3%83%B3%20%E3%83%AF%E3%83%B3%E3%83%94%E3%83%BC%E3%82%B9%EF%BC%8F%E3%83%96%E3%83%A9%E3%82%A6%E3%82%B9	キッズ	キッズ	BONTON	ボントン	ワンピース	ワンピース／ブラウス	春夏寄り	3〜8月	2〜6週間	特になし	特になし	標準サイズは相場確認	標準	1000〜4000	1000	4000	5000〜15000	5000	15000	約3500〜9500	500	12500	230	750	ゆうパケットポスト〜宅急便コンパクト	中	A	70	75	50	60	普通	60	中	低	0	中	-20	50	42	慎重	要検証	美品・相場あり・利益あり	ブランド/状態次第	相場次第	脇汗 / 黄ばみ / 目立つシミ / 強い香水臭	シミ / 脇汗 / 黄ばみ	汚れリスク / 相場確認必須	ボントン ワンピース ブラウス	3	正面 / 背面 / ブランドタグ / 素材タグ / サイズタグ / 実寸が分かる写真 / ダメージ箇所	条件が合えばリサーチ	条件一致時のみ仕入れ候補。	ブランド / 服種類 / 仕入れ値 / サイズ / 素材タグ写真 / ブランドタグ写真 / 全体写真 / 状態 / メルカリ売切相場	脇汗 / 黄ばみ / 目立つシミ / 虫食い / 穴/破れ / ファスナー不良 / 強い臭い	ヴィンテージ/希少ブランドで状態込み相場が確認できる場合のみ	脇汗、黄ばみ、シミ、虫食い、穴、毛玉、素材タグ、サイズ表記は確認しましたか？	ボントン ワンピース	BONTON ワンピース	ボントン ワンピース／ブラウス	正面 / 背面 / ブランドタグ / 素材タグ / サイズタグ / 脇 / 襟 / 袖口 / 裾 / ダメージ箇所	条件が揃う場合のみ。迷ったら見送り
v4	RULE_0141	BRD_0141	CAT_005	TRUE	SCORE_V1	https://jp.mercari.com/search?keyword=%E3%83%95%E3%82%A1%E3%83%9F%E3%83%AA%E3%82%A2%20%E3%83%90%E3%83%83%E3%82%B0	https://jp.mercari.com/search?keyword=%E3%83%95%E3%82%A1%E3%83%9F%E3%83%AA%E3%82%A2%20%E3%83%AF%E3%83%B3%E3%83%94%E3%83%BC%E3%82%B9	https://jp.mercari.com/search?keyword=%E3%83%95%E3%82%A1%E3%83%9F%E3%83%AA%E3%82%A2%20%E3%83%AF%E3%83%B3%E3%83%94%E3%83%BC%E3%82%B9	キッズ	キッズ	ファミリア	ファミリア	バッグ	ワンピース／バッグ／小物	通年	通年	1〜3週間	特になし	デニム	標準サイズは相場確認	標準	500〜4000	500	4000	3000〜18000	3000	18000	約2200〜12200	-1300	15700	210	450	ネコポス/ゆうパケット	低	S	85	75	65	60	早い	80	高	低	0	高	-35	60	43	慎重	要検証	美品・相場あり・利益あり	ブランド/状態次第	通年需要	ベタつき / 角破れ / 内側劣化 / ショルダー欠品	ベタつき / 内側劣化 / 穴/破れ / 欠品	経年劣化 / 送料高 / 相場確認必須	ファミリア ワンピース バッグ	3	正面 / 背面 / 角4カ所 / 内側 / ブランドタグ/ロゴ / ショルダー/付属品	見つけたら即リサーチ	優先確認。利益が出れば仕入れ候補。	ブランド / 服種類 / 仕入れ値 / サイズ / 素材タグ写真 / ブランドタグ写真 / 全体写真 / 状態 / メルカリ売切相場	内側ベタつき / 粉吹き / 合皮剥がれ / 強い臭い / ファスナー不良 / ショルダー欠品※2WAY/斜め掛け前提品	高単価ブランドで補修・清掃後も粗利が十分ある場合のみ再検討	角スレ、内側ベタつき、臭い、ファスナー不良、ショルダー/付属品欠品はありますか？	ファミリア バッグ	ファミリア ワンピース	ファミリア ワンピース	正面 / 背面 / 底角4カ所 / 持ち手 / 内側 / ロゴ / 金具 / ファスナー / 付属品	条件が揃う場合のみ。迷ったら見送り
v4	RULE_0142	BRD_0142	CAT_005	TRUE	SCORE_V1	https://jp.mercari.com/search?keyword=%E3%83%9F%E3%82%AD%E3%83%8F%E3%82%A6%E3%82%B9%20%E3%82%A2%E3%82%A6%E3%82%BF%E3%83%BC	https://jp.mercari.com/search?keyword=%E3%83%9F%E3%82%AD%E3%83%8F%E3%82%A6%E3%82%B9%20%E3%83%80%E3%83%96%E3%83%ABB	https://jp.mercari.com/search?keyword=%E3%83%9F%E3%82%AD%E3%83%8F%E3%82%A6%E3%82%B9%20%E3%83%80%E3%83%96%E3%83%ABB	キッズ	キッズ	ミキハウス	ミキハウス	アウター	ダブルB／レトロ／アウター	通年	9〜12月	2〜8週間	特になし	特になし	標準サイズは相場確認	標準	500〜4000	500	4000	3000〜15000	3000	15000	約2200〜9500	-1300	13000	750	1200	宅急便60〜100	高	A	70	60	50	60	普通	60	中	低	0	低〜中	-10	50	50	慎重	要検証	美品・相場あり・利益あり	ブランド/状態次第	相場次第	虫食い / 毛玉大 / 型崩れ	毛玉/毛羽立ち	送料高 / 相場確認必須	ミキハウス	3	正面 / 背面 / ブランドタグ / 素材タグ / サイズタグ / 実寸が分かる写真 / ダメージ箇所	条件が合えばリサーチ	条件一致時のみ仕入れ候補。	ブランド / 服種類 / 仕入れ値 / サイズ / 素材タグ写真 / ブランドタグ写真 / 全体写真 / 状態 / メルカリ売切相場	脇汗 / 黄ばみ / 目立つシミ / 虫食い / 穴/破れ / ファスナー不良 / 強い臭い	ヴィンテージ/希少ブランドで状態込み相場が確認できる場合のみ	脇汗、黄ばみ、シミ、虫食い、穴、毛玉、素材タグ、サイズ表記は確認しましたか？	ミキハウス アウター	ミキハウス ダブルB	ミキハウス ダブルB	正面 / 背面 / ブランドタグ / 素材タグ / サイズタグ / 脇 / 襟 / 袖口 / 裾 / ダメージ箇所	条件が揃う場合のみ。迷ったら見送り
v4	RULE_0143	BRD_0143	CAT_005	TRUE	SCORE_V1	https://jp.mercari.com/search?keyword=%E3%83%A9%E3%83%AB%E3%83%95%E3%83%AD%E3%83%BC%E3%83%AC%E3%83%B3%20%E3%82%AD%E3%83%83%E3%82%BA%20%E3%83%AF%E3%83%B3%E3%83%94%E3%83%BC%E3%82%B9	https://jp.mercari.com/search?keyword=Ralph%20Lauren%20Kids%20%E3%83%AF%E3%83%B3%E3%83%94%E3%83%BC%E3%82%B9	https://jp.mercari.com/search?keyword=%E3%83%A9%E3%83%AB%E3%83%95%E3%83%AD%E3%83%BC%E3%83%AC%E3%83%B3%20%E3%82%AD%E3%83%83%E3%82%BA%20%E3%83%AF%E3%83%B3%E3%83%94%E3%83%BC%E3%82%B9%EF%BC%8F%E3%82%B7%E3%83%A3%E3%83%84%EF%BC%8F%E3%83%8B%E3%83%83%E3%83%88	キッズ	キッズ	Ralph Lauren Kids	ラルフローレン キッズ	ワンピース	ワンピース／シャツ／ニット	秋冬	9〜12月	2〜6週間	特になし	特になし	キッズ大きめサイズ加点	標準	500〜3000	500	3000	3000〜10000	3000	10000	約2200〜6000	-300	8500	230	750	ゆうパケットポスト〜宅急便コンパクト	中	A	70	75	50	60	普通	60	中	低	0	中〜高	-10	65	53	慎重	中〜高	美品・相場あり・利益あり	ブランド/状態次第	秋冬需要	脇汗 / 黄ばみ / 目立つシミ / 強い香水臭 / 経年劣化	シミ / 脇汗 / 黄ばみ / 内側劣化	経年劣化 / 汚れリスク	ラルフローレン キッズ ワンピース シャツ ニット	3	正面 / 背面 / ブランドタグ / 素材タグ / サイズタグ / 実寸が分かる写真 / ダメージ箇所	条件が合えばリサーチ	条件一致時のみ仕入れ候補。	ブランド / 服種類 / 仕入れ値 / サイズ / 素材タグ写真 / ブランドタグ写真 / 全体写真 / 状態 / メルカリ売切相場	脇汗 / 黄ばみ / 目立つシミ / 虫食い / 穴/破れ / ファスナー不良 / 強い臭い	ヴィンテージ/希少ブランドで状態込み相場が確認できる場合のみ	脇汗、黄ばみ、シミ、虫食い、穴、毛玉、素材タグ、サイズ表記は確認しましたか？	ラルフローレン キッズ ワンピース	Ralph Lauren Kids ワンピース	ラルフローレン キッズ ワンピース／シャツ／ニット	正面 / 背面 / ブランドタグ / 素材タグ / サイズタグ / 脇 / 襟 / 袖口 / 裾 / ダメージ箇所	条件が揃う場合のみ。迷ったら見送り
v4	RULE_0144	BRD_0144	CAT_005	TRUE	SCORE_V1	https://jp.mercari.com/search?keyword=%E3%83%90%E3%83%BC%E3%83%90%E3%83%AA%E3%83%BC%20%E3%82%AD%E3%83%83%E3%82%BA%20%E3%83%AF%E3%83%B3%E3%83%94%E3%83%BC%E3%82%B9	https://jp.mercari.com/search?keyword=BURBERRY%20Kids%20%E3%83%AF%E3%83%B3%E3%83%94%E3%83%BC%E3%82%B9	https://jp.mercari.com/search?keyword=%E3%83%90%E3%83%BC%E3%83%90%E3%83%AA%E3%83%BC%20%E3%82%AD%E3%83%83%E3%82%BA%20%E3%83%AF%E3%83%B3%E3%83%94%E3%83%BC%E3%82%B9%EF%BC%8F%E3%82%B7%E3%83%A3%E3%83%84%EF%BC%8F%E3%82%A2%E3%82%A6%E3%82%BF%E3%83%BC	キッズ	キッズ	BURBERRY Kids	バーバリー キッズ	ワンピース	ワンピース／シャツ／アウター	春夏寄り	9〜12月	1〜3週間	特になし	特になし	標準サイズは相場確認	標準	1000〜6000	1000	6000	6000〜25000	6000	25000	約4400〜16500	-600	21500	750	1200	宅急便60〜100	高	S	85	75	50	60	早い	80	高	高	-40	中	-20	60	16	見送り	要検証	美品・相場あり・利益あり	ブランド/状態次第	相場次第	脇汗 / 黄ばみ / 目立つシミ / 強い香水臭 / 真贋不明	シミ / 脇汗 / 黄ばみ / 真贋不明	真贋注意 / 汚れリスク / 送料高 / 相場確認必須	バーバリー キッズ ワンピース シャツ	5	正面 / 背面 / ブランドタグ / 素材タグ / サイズタグ / 実寸が分かる写真 / ダメージ箇所 / 真贋判断用タグ/刻印	見つけたら即リサーチ	優先確認。利益が出れば仕入れ候補。 真贋・タグ確認を必須にする。	ブランド / 服種類 / 仕入れ値 / サイズ / 素材タグ写真 / ブランドタグ写真 / 全体写真 / 状態 / メルカリ売切相場 / 真贋確認情報	脇汗 / 黄ばみ / 目立つシミ / 虫食い / 穴/破れ / ファスナー不良 / 強い臭い / 真贋不明 / 内タグ/シリアル/品質タグ欠損	ヴィンテージ/希少ブランドで状態込み相場が確認できる場合のみ / 鑑定済み・正規タグ確認・購入元信頼性ありの場合のみ	脇汗、黄ばみ、シミ、虫食い、穴、毛玉、素材タグ、サイズ表記は確認しましたか？	バーバリー キッズ ワンピース	BURBERRY Kids ワンピース	バーバリー キッズ ワンピース／シャツ／アウター	正面 / 背面 / ブランドタグ / 素材タグ / サイズタグ / 脇 / 襟 / 袖口 / 裾 / ダメージ箇所	真贋確認できるまで購入不可
v4	RULE_0145	BRD_0145	CAT_006	TRUE	SCORE_V1	https://jp.mercari.com/search?keyword=%E3%83%89%E3%82%AF%E3%82%BF%E3%83%BC%E3%83%9E%E3%83%BC%E3%83%81%E3%83%B3%20%E9%9D%B4	https://jp.mercari.com/search?keyword=Dr.%20Martens%208%E3%83%9B%E3%83%BC%E3%83%AB	https://jp.mercari.com/search?keyword=%E3%83%89%E3%82%AF%E3%82%BF%E3%83%BC%E3%83%9E%E3%83%BC%E3%83%81%E3%83%B3%208%E3%83%9B%E3%83%BC%E3%83%AB	靴	ユニセックス	Dr. Martens	ドクターマーチン	靴	8ホール／3ホール／ローファー	秋冬	9〜12月	2〜8週間	レザー/本革 / ダウン/ファー	本革/レザー / ダウン / ファー	標準サイズは相場確認	標準	2000〜6000	2000	6000	7000〜18000	7000	18000	約4300〜10200	300	14200	750	1050	宅急便60〜80	高	A	70	75	80	60	普通	60	中	低	0	高	-35	50	30	見送り	要検証	レザー/本革 / ダウン/ファー / ソール減り少ない/箱あり	ブランド/状態次第	秋冬需要	ソール大減り / 加水分解 / 強い臭い / 経年劣化	内側劣化 / 臭い	経年劣化 / 送料高 / 相場確認必須	ドクターマーチン	3	左右正面 / 側面 / ソール裏 / かかと / サイズ表記 / 傷/汚れ	条件が合えばリサーチ	条件一致時のみ仕入れ候補。	ブランド / 服種類 / 仕入れ値 / サイズ / 素材タグ写真 / ブランドタグ写真 / 全体写真 / 状態 / メルカリ売切相場 / 角スレ写真 / 内側写真 / 付属品	ソール大幅減り / 加水分解 / 革割れ / 強い臭い / サイズ表記不明	Paraboot等の高単価靴で修理費込みでも粗利が残る場合のみ	ソール減り、かかと減り、革割れ、臭い、サイズ表記は確認できますか？	ドクターマーチン 靴	Dr. Martens 8ホール	ドクターマーチン 8ホール	左右全体 / つま先 / かかと / ソール裏 / サイズ表記 / 中敷き / ダメージ箇所	原則見送り
v4	RULE_0146	BRD_0146	CAT_006	TRUE	SCORE_V1	https://jp.mercari.com/search?keyword=%E3%83%93%E3%83%AB%E3%82%B1%E3%83%B3%E3%82%B7%E3%83%A5%E3%83%88%E3%83%83%E3%82%AF%20%E3%83%90%E3%83%83%E3%82%B0	https://jp.mercari.com/search?keyword=BIRKENSTOCK%20%E3%83%9C%E3%82%B9%E3%83%88%E3%83%B3	https://jp.mercari.com/search?keyword=%E3%83%93%E3%83%AB%E3%82%B1%E3%83%B3%E3%82%B7%E3%83%A5%E3%83%88%E3%83%83%E3%82%AF%20%E3%83%9C%E3%82%B9%E3%83%88%E3%83%B3	靴	ユニセックス	BIRKENSTOCK	ビルケンシュトック	バッグ	ボストン／チューリッヒ／アリゾナ	通年	通年	2〜6週間	特になし	特になし	標準サイズは相場確認	標準	1000〜5000	1000	5000	5000〜18000	5000	18000	約3500〜11200	-500	15200	750	1050	宅急便60〜80	高	A	70	75	50	60	普通	60	中	低	0	高	-35	50	27	見送り	要検証	ソール減り少ない/箱あり	ブランド/状態次第	通年需要	ベタつき / 角破れ / 内側劣化 / ショルダー欠品	ベタつき / 内側劣化 / 穴/破れ / 欠品	経年劣化 / 汚れリスク / 送料高 / 相場確認必須	ビルケンシュトック バッグ	3	正面 / 背面 / 角4カ所 / 内側 / ブランドタグ/ロゴ / ショルダー/付属品	条件が合えばリサーチ	条件一致時のみ仕入れ候補。	ブランド / 服種類 / 仕入れ値 / サイズ / 素材タグ写真 / ブランドタグ写真 / 全体写真 / 状態 / メルカリ売切相場 / 角スレ写真 / 内側写真 / 付属品	内側ベタつき / 粉吹き / 合皮剥がれ / 強い臭い / ファスナー不良 / ショルダー欠品※2WAY/斜め掛け前提品	高単価ブランドで補修・清掃後も粗利が十分ある場合のみ再検討	角スレ、内側ベタつき、臭い、ファスナー不良、ショルダー/付属品欠品はありますか？	ビルケンシュトック バッグ	BIRKENSTOCK ボストン	ビルケンシュトック ボストン	正面 / 背面 / 底角4カ所 / 持ち手 / 内側 / ロゴ / 金具 / ファスナー / 付属品	原則見送り
v4	RULE_0147	BRD_0147	CAT_006	TRUE	SCORE_V1	https://jp.mercari.com/search?keyword=%E3%83%91%E3%83%A9%E3%83%96%E3%83%BC%E3%83%84%20%E9%9D%B4	https://jp.mercari.com/search?keyword=Paraboot%20%E3%83%9F%E3%82%AB%E3%82%A8%E3%83%AB	https://jp.mercari.com/search?keyword=%E3%83%91%E3%83%A9%E3%83%96%E3%83%BC%E3%83%84%20%E3%83%9F%E3%82%AB%E3%82%A8%E3%83%AB	靴	ユニセックス	Paraboot	パラブーツ	靴	ミカエル／シャンボード	通年	通年	1〜4週間	レザー/本革	本革/レザー	標準サイズは相場確認	標準	8000〜25000	8000	25000	25000〜70000	25000	70000	約14500〜38000	-2500	55000	750	1050	宅急便60〜80	高	S	85	75	80	60	普通〜早い	60	高	高	-40	高	-35	60	2	見送り	要検証	レザー/本革 / ソール減り少ない/箱あり	ブランド/状態次第	相場次第	ソール大減り / 加水分解 / 強い臭い / 真贋不明 / 経年劣化	内側劣化 / 臭い / 真贋不明	真贋注意 / 経年劣化 / 送料高 / 相場確認必須	パラブーツ	5	左右正面 / 側面 / ソール裏 / かかと / サイズ表記 / 傷/汚れ / 真贋判断用タグ/刻印	見つけたら即リサーチ	優先確認。利益が出れば仕入れ候補。 真贋・タグ確認を必須にする。	ブランド / 服種類 / 仕入れ値 / サイズ / 素材タグ写真 / ブランドタグ写真 / 全体写真 / 状態 / メルカリ売切相場 / 角スレ写真 / 内側写真 / 付属品 / 真贋確認情報	ソール大幅減り / 加水分解 / 革割れ / 強い臭い / サイズ表記不明 / 真贋不明 / 内タグ/シリアル/品質タグ欠損	Paraboot等の高単価靴で修理費込みでも粗利が残る場合のみ / 鑑定済み・正規タグ確認・購入元信頼性ありの場合のみ	ソール減り、かかと減り、革割れ、臭い、サイズ表記は確認できますか？	パラブーツ 靴	Paraboot ミカエル	パラブーツ ミカエル	左右全体 / つま先 / かかと / ソール裏 / サイズ表記 / 中敷き / ダメージ箇所	真贋確認できるまで購入不可
v4	RULE_0148	BRD_0148	CAT_006	TRUE	SCORE_V1	https://jp.mercari.com/search?keyword=%E3%83%81%E3%83%A3%E3%83%BC%E3%83%81%20%E9%9D%B4	https://jp.mercari.com/search?keyword=Church%27s%20%E9%9D%A9%E9%9D%B4	https://jp.mercari.com/search?keyword=%E3%83%81%E3%83%A3%E3%83%BC%E3%83%81%20%E9%9D%A9%E9%9D%B4	靴	ユニセックス	Church's	チャーチ	靴	革靴／スタッズシューズ	通年	通年	2〜6週間	レザー/本革	本革/レザー	標準サイズは相場確認	標準	8000〜25000	8000	25000	25000〜70000	25000	70000	約14500〜38000	-2500	55000	750	1050	宅急便60〜80	高	A	70	75	80	60	普通	60	高	高	-40	高	-35	50	0	見送り	要検証	レザー/本革 / ソール減り少ない/箱あり	ブランド/状態次第	相場次第	ソール大減り / 加水分解 / 強い臭い / 真贋不明 / 経年劣化	内側劣化 / 臭い / 真贋不明	真贋注意 / 経年劣化 / 送料高 / 相場確認必須	チャーチ	3	左右正面 / 側面 / ソール裏 / かかと / サイズ表記 / 傷/汚れ / 真贋判断用タグ/刻印	条件が合えばリサーチ	条件一致時のみ仕入れ候補。 真贋・タグ確認を必須にする。	ブランド / 服種類 / 仕入れ値 / サイズ / 素材タグ写真 / ブランドタグ写真 / 全体写真 / 状態 / メルカリ売切相場 / 角スレ写真 / 内側写真 / 付属品 / 真贋確認情報	ソール大幅減り / 加水分解 / 革割れ / 強い臭い / サイズ表記不明 / 真贋不明 / 内タグ/シリアル/品質タグ欠損	Paraboot等の高単価靴で修理費込みでも粗利が残る場合のみ / 鑑定済み・正規タグ確認・購入元信頼性ありの場合のみ	ソール減り、かかと減り、革割れ、臭い、サイズ表記は確認できますか？	チャーチ 靴	Church's 革靴	チャーチ 革靴	左右全体 / つま先 / かかと / ソール裏 / サイズ表記 / 中敷き / ダメージ箇所	真贋確認できるまで購入不可
v4	RULE_0149	BRD_0149	CAT_006	TRUE	SCORE_V1	https://jp.mercari.com/search?keyword=%E3%83%88%E3%83%AA%E3%83%83%E3%82%AB%E3%83%BC%E3%82%BA%20%E9%9D%B4	https://jp.mercari.com/search?keyword=Tricker%27s%20%E3%82%AB%E3%83%B3%E3%83%88%E3%83%AA%E3%83%BC%E3%83%96%E3%83%BC%E3%83%84	https://jp.mercari.com/search?keyword=%E3%83%88%E3%83%AA%E3%83%83%E3%82%AB%E3%83%BC%E3%82%BA%20%E3%82%AB%E3%83%B3%E3%83%88%E3%83%AA%E3%83%BC%E3%83%96%E3%83%BC%E3%83%84	靴	ユニセックス	Tricker's	トリッカーズ	靴	カントリーブーツ／革靴	秋冬	9〜12月	2〜6週間	レザー/本革	本革/レザー	標準サイズは相場確認	標準	8000〜25000	8000	25000	25000〜70000	25000	70000	約14500〜38000	-2500	55000	750	1050	宅急便60〜80	高	A	70	75	80	60	普通	60	高	高	-40	高	-35	50	0	見送り	要検証	レザー/本革 / ソール減り少ない/箱あり	ブランド/状態次第	相場次第	ソール大減り / 加水分解 / 強い臭い / 真贋不明 / 経年劣化	内側劣化 / 臭い / 真贋不明	真贋注意 / 経年劣化 / 送料高 / 相場確認必須	トリッカーズ	3	左右正面 / 側面 / ソール裏 / かかと / サイズ表記 / 傷/汚れ / 真贋判断用タグ/刻印	条件が合えばリサーチ	条件一致時のみ仕入れ候補。 真贋・タグ確認を必須にする。	ブランド / 服種類 / 仕入れ値 / サイズ / 素材タグ写真 / ブランドタグ写真 / 全体写真 / 状態 / メルカリ売切相場 / 角スレ写真 / 内側写真 / 付属品 / 真贋確認情報	ソール大幅減り / 加水分解 / 革割れ / 強い臭い / サイズ表記不明 / 真贋不明 / 内タグ/シリアル/品質タグ欠損	Paraboot等の高単価靴で修理費込みでも粗利が残る場合のみ / 鑑定済み・正規タグ確認・購入元信頼性ありの場合のみ	ソール減り、かかと減り、革割れ、臭い、サイズ表記は確認できますか？	トリッカーズ 靴	Tricker's カントリーブーツ	トリッカーズ カントリーブーツ	左右全体 / つま先 / かかと / ソール裏 / サイズ表記 / 中敷き / ダメージ箇所	真贋確認できるまで購入不可
v4	RULE_0150	BRD_0150	CAT_006	TRUE	SCORE_V1	https://jp.mercari.com/search?keyword=%E3%83%AA%E3%83%BC%E3%82%AC%E3%83%AB%20%E9%9D%B4	https://jp.mercari.com/search?keyword=REGAL%20%E9%9D%A9%E9%9D%B4	https://jp.mercari.com/search?keyword=%E3%83%AA%E3%83%BC%E3%82%AC%E3%83%AB%20%E9%9D%A9%E9%9D%B4	靴	ユニセックス	REGAL	リーガル	靴	革靴／ローファー	秋冬	9〜12月	2〜8週間	レザー/本革 / ダウン/ファー	本革/レザー / ダウン / ファー	標準サイズは相場確認	標準	1000〜5000	1000	5000	5000〜15000	5000	15000	約3500〜8500	-500	12500	750	1050	宅急便60〜80	高	B	55	75	80	60	遅め	60	低〜中	低	0	高	-35	35	24	見送り	要検証	レザー/本革 / ダウン/ファー / ソール減り少ない/箱あり	ブランド/状態次第	秋冬需要	ソール大減り / 加水分解 / 強い臭い / 経年劣化	内側劣化 / 臭い	経年劣化 / 送料高 / 相場確認必須	リーガル	5	左右正面 / 側面 / ソール裏 / かかと / サイズ表記 / 傷/汚れ	安値のみ確認	安仕入れ・美品・相場あり限定。 回転遅めのため価格設定を保守的に。	ブランド / 服種類 / 仕入れ値 / サイズ / 素材タグ写真 / ブランドタグ写真 / 全体写真 / 状態 / メルカリ売切相場 / 角スレ写真 / 内側写真 / 付属品	ソール大幅減り / 加水分解 / 革割れ / 強い臭い / サイズ表記不明	Paraboot等の高単価靴で修理費込みでも粗利が残る場合のみ	ソール減り、かかと減り、革割れ、臭い、サイズ表記は確認できますか？	リーガル 靴	REGAL 革靴	リーガル 革靴	左右全体 / つま先 / かかと / ソール裏 / サイズ表記 / 中敷き / ダメージ箇所	原則見送り
v4	RULE_0151	BRD_0151	CAT_006	TRUE	SCORE_V1	https://jp.mercari.com/search?keyword=%E5%8D%91%E5%BC%A5%E5%91%BC%20%E9%9D%B4	https://jp.mercari.com/search?keyword=%E5%8D%91%E5%BC%A5%E5%91%BC%20%E3%83%91%E3%83%B3%E3%83%97%E3%82%B9	https://jp.mercari.com/search?keyword=%E5%8D%91%E5%BC%A5%E5%91%BC%20%E3%83%91%E3%83%B3%E3%83%97%E3%82%B9	靴	ユニセックス	卑弥呼	卑弥呼	靴	パンプス／ブーツ	秋冬	9〜12月	3〜10週間	特になし	特になし	標準サイズは相場確認	標準	500〜2500	500	2500	3000〜8000	3000	8000	約2200〜4700	200	6700	750	1050	宅急便60〜80	高	B	55	75	50	60	遅め	60	低〜中	低	0	高	-35	35	22	見送り	要検証	ソール減り少ない/箱あり	ブランド/状態次第	相場次第	ソール大減り / 加水分解 / 強い臭い / 経年劣化	内側劣化 / 臭い	経年劣化 / 送料高 / 相場確認必須	卑弥呼	5	左右正面 / 側面 / ソール裏 / かかと / サイズ表記 / 傷/汚れ	安値のみ確認	安仕入れ・美品・相場あり限定。 回転遅めのため価格設定を保守的に。	ブランド / 服種類 / 仕入れ値 / サイズ / 素材タグ写真 / ブランドタグ写真 / 全体写真 / 状態 / メルカリ売切相場 / 角スレ写真 / 内側写真 / 付属品	ソール大幅減り / 加水分解 / 革割れ / 強い臭い / サイズ表記不明	Paraboot等の高単価靴で修理費込みでも粗利が残る場合のみ	ソール減り、かかと減り、革割れ、臭い、サイズ表記は確認できますか？	卑弥呼 靴	卑弥呼 パンプス	卑弥呼 パンプス	左右全体 / つま先 / かかと / ソール裏 / サイズ表記 / 中敷き / ダメージ箇所	原則見送り
v4	RULE_0152	BRD_0152	CAT_006	TRUE	SCORE_V1	https://jp.mercari.com/search?keyword=%E3%83%80%E3%82%A4%E3%82%A2%E3%83%8A%20%E9%9D%B4	https://jp.mercari.com/search?keyword=DIANA%20%E3%83%91%E3%83%B3%E3%83%97%E3%82%B9	https://jp.mercari.com/search?keyword=%E3%83%80%E3%82%A4%E3%82%A2%E3%83%8A%20%E3%83%91%E3%83%B3%E3%83%97%E3%82%B9	靴	ユニセックス	DIANA	ダイアナ	靴	パンプス／ブーツ	秋冬	9〜12月	3〜10週間	特になし	特になし	標準サイズは相場確認	標準	500〜2500	500	2500	3000〜8000	3000	8000	約2200〜4700	200	6700	750	1050	宅急便60〜80	高	B	55	75	50	60	遅め	60	低〜中	低	0	高	-35	35	22	見送り	要検証	ソール減り少ない/箱あり	ブランド/状態次第	相場次第	ソール大減り / 加水分解 / 強い臭い / 経年劣化	内側劣化 / 臭い	経年劣化 / 送料高 / 相場確認必須	ダイアナ	5	左右正面 / 側面 / ソール裏 / かかと / サイズ表記 / 傷/汚れ	安値のみ確認	安仕入れ・美品・相場あり限定。 回転遅めのため価格設定を保守的に。	ブランド / 服種類 / 仕入れ値 / サイズ / 素材タグ写真 / ブランドタグ写真 / 全体写真 / 状態 / メルカリ売切相場 / 角スレ写真 / 内側写真 / 付属品	ソール大幅減り / 加水分解 / 革割れ / 強い臭い / サイズ表記不明	Paraboot等の高単価靴で修理費込みでも粗利が残る場合のみ	ソール減り、かかと減り、革割れ、臭い、サイズ表記は確認できますか？	ダイアナ 靴	DIANA パンプス	ダイアナ パンプス	左右全体 / つま先 / かかと / ソール裏 / サイズ表記 / 中敷き / ダメージ箇所	原則見送り
v4	RULE_0153	BRD_0153	CAT_006	TRUE	SCORE_V1	https://jp.mercari.com/search?keyword=%E3%83%9A%E3%83%AA%E3%83%BC%E3%82%B3%20%E9%9D%B4	https://jp.mercari.com/search?keyword=PELLICO%20%E3%83%91%E3%83%B3%E3%83%97%E3%82%B9	https://jp.mercari.com/search?keyword=%E3%83%9A%E3%83%AA%E3%83%BC%E3%82%B3%20%E3%83%91%E3%83%B3%E3%83%97%E3%82%B9	靴	ユニセックス	PELLICO	ペリーコ	靴	パンプス／フラットシューズ	通年	通年	2〜6週間	特になし	特になし	38/40は需要あり	標準	2000〜7000	2000	7000	8000〜25000	8000	25000	約5200〜15500	200	20500	750	1050	宅急便60〜80	高	A	70	75	50	75	普通	60	高	低	0	高	-35	65	37	見送り	中〜高	38/40は需要あり / ソール減り少ない/箱あり	ブランド/状態次第	相場次第	ソール大減り / 加水分解 / 強い臭い / 経年劣化	内側劣化 / 臭い	経年劣化 / 送料高	ペリーコ	3	左右正面 / 側面 / ソール裏 / かかと / サイズ表記 / 傷/汚れ	条件が合えばリサーチ	条件一致時のみ仕入れ候補。	ブランド / 服種類 / 仕入れ値 / サイズ / 素材タグ写真 / ブランドタグ写真 / 全体写真 / 状態 / メルカリ売切相場 / 角スレ写真 / 内側写真 / 付属品	ソール大幅減り / 加水分解 / 革割れ / 強い臭い / サイズ表記不明	Paraboot等の高単価靴で修理費込みでも粗利が残る場合のみ	ソール減り、かかと減り、革割れ、臭い、サイズ表記は確認できますか？	ペリーコ 靴	PELLICO パンプス	ペリーコ パンプス	左右全体 / つま先 / かかと / ソール裏 / サイズ表記 / 中敷き / ダメージ箇所	原則見送り
v4	RULE_0154	BRD_0154	CAT_006	TRUE	SCORE_V1	https://jp.mercari.com/search?keyword=%E3%83%8D%E3%83%96%E3%83%AD%E3%83%BC%E3%83%8B%20%E9%9D%B4	https://jp.mercari.com/search?keyword=NEBULONI%20E.%20%E3%83%91%E3%83%B3%E3%83%97%E3%82%B9	https://jp.mercari.com/search?keyword=%E3%83%8D%E3%83%96%E3%83%AD%E3%83%BC%E3%83%8B%20%E3%83%91%E3%83%B3%E3%83%97%E3%82%B9	靴	ユニセックス	NEBULONI E.	ネブローニ	靴	パンプス／サンダル	春夏	3〜8月	2〜6週間	特になし	特になし	標準サイズは相場確認	標準	3000〜10000	3000	10000	10000〜30000	10000	30000	約6000〜17000	-1000	24000	750	1050	宅急便60〜80	高	A	70	75	50	60	普通	60	高	低	0	高	-35	50	34	見送り	要検証	ソール減り少ない/箱あり	ブランド/状態次第	相場次第	ソール大減り / 加水分解 / 強い臭い / 経年劣化	内側劣化 / 臭い	経年劣化 / 送料高 / 相場確認必須	ネブローニ	3	左右正面 / 側面 / ソール裏 / かかと / サイズ表記 / 傷/汚れ	条件が合えばリサーチ	条件一致時のみ仕入れ候補。	ブランド / 服種類 / 仕入れ値 / サイズ / 素材タグ写真 / ブランドタグ写真 / 全体写真 / 状態 / メルカリ売切相場 / 角スレ写真 / 内側写真 / 付属品	ソール大幅減り / 加水分解 / 革割れ / 強い臭い / サイズ表記不明	Paraboot等の高単価靴で修理費込みでも粗利が残る場合のみ	ソール減り、かかと減り、革割れ、臭い、サイズ表記は確認できますか？	ネブローニ 靴	NEBULONI E. パンプス	ネブローニ パンプス	左右全体 / つま先 / かかと / ソール裏 / サイズ表記 / 中敷き / ダメージ箇所	原則見送り
v4	RULE_0155	BRD_0155	CAT_006	TRUE	SCORE_V1	https://jp.mercari.com/search?keyword=%E3%82%B5%E3%83%AB%E3%83%B4%E3%82%A1%E3%83%88%E3%83%BC%E3%83%AC%20%E3%83%95%E3%82%A7%E3%83%A9%E3%82%AC%E3%83%A2%20%E9%9D%B4	https://jp.mercari.com/search?keyword=Salvatore%20Ferragamo%20%E3%83%B4%E3%82%A1%E3%83%A9	https://jp.mercari.com/search?keyword=%E3%82%B5%E3%83%AB%E3%83%B4%E3%82%A1%E3%83%88%E3%83%BC%E3%83%AC%20%E3%83%95%E3%82%A7%E3%83%A9%E3%82%AC%E3%83%A2%20%E3%83%B4%E3%82%A1%E3%83%A9	靴	ユニセックス	Salvatore Ferragamo	サルヴァトーレ フェラガモ	靴	ヴァラ／パンプス／ローファー	秋冬	9〜12月	2〜8週間	ダウン/ファー	ダウン / ファー	標準サイズは相場確認	標準	2000〜8000	2000	8000	8000〜25000	8000	25000	約5200〜14500	-800	20500	750	1050	宅急便60〜80	高	A	70	75	65	60	普通	60	高	高	-40	高	-35	50	0	見送り	要検証	ダウン/ファー / ソール減り少ない/箱あり	ブランド/状態次第	秋冬需要	ソール大減り / 加水分解 / 強い臭い / 真贋不明 / 経年劣化	内側劣化 / 臭い / 真贋不明	真贋注意 / 経年劣化 / 送料高 / 相場確認必須	サルヴァトーレ フェラガモ	3	左右正面 / 側面 / ソール裏 / かかと / サイズ表記 / 傷/汚れ / 真贋判断用タグ/刻印	条件が合えばリサーチ	条件一致時のみ仕入れ候補。 真贋・タグ確認を必須にする。	ブランド / 服種類 / 仕入れ値 / サイズ / 素材タグ写真 / ブランドタグ写真 / 全体写真 / 状態 / メルカリ売切相場 / 角スレ写真 / 内側写真 / 付属品 / 真贋確認情報	ソール大幅減り / 加水分解 / 革割れ / 強い臭い / サイズ表記不明 / 真贋不明 / 内タグ/シリアル/品質タグ欠損	Paraboot等の高単価靴で修理費込みでも粗利が残る場合のみ / 鑑定済み・正規タグ確認・購入元信頼性ありの場合のみ	ソール減り、かかと減り、革割れ、臭い、サイズ表記は確認できますか？	サルヴァトーレ フェラガモ 靴	Salvatore Ferragamo ヴァラ	サルヴァトーレ フェラガモ ヴァラ	左右全体 / つま先 / かかと / ソール裏 / サイズ表記 / 中敷き / ダメージ箇所	真贋確認できるまで購入不可
v4	RULE_0156	BRD_0156	CAT_007	TRUE	SCORE_V1	https://jp.mercari.com/search?keyword=%E3%83%90%E3%83%BC%E3%83%90%E3%83%AA%E3%83%BC%E3%83%AD%E3%83%B3%E3%83%89%E3%83%B3%20%E3%83%AF%E3%83%B3%E3%83%94%E3%83%BC%E3%82%B9	https://jp.mercari.com/search?keyword=BURBERRY%20LONDON%20%E3%83%8E%E3%83%90%E3%83%81%E3%82%A7%E3%83%83%E3%82%AF%E3%83%AF%E3%83%B3%E3%83%94%E3%83%BC%E3%82%B9	https://jp.mercari.com/search?keyword=%E3%83%90%E3%83%BC%E3%83%90%E3%83%AA%E3%83%BC%E3%83%AD%E3%83%B3%E3%83%89%E3%83%B3%20%E3%83%8E%E3%83%90%E3%83%81%E3%82%A7%E3%83%83%E3%82%AF%E3%83%AF%E3%83%B3%E3%83%94%E3%83%BC%E3%82%B9	高級ブランド	ユニセックス	BURBERRY LONDON	バーバリーロンドン	ワンピース	ノバチェックワンピース／コート／シャツ	秋冬	9〜12月	1〜3週間	特になし	特になし	標準サイズは相場確認	標準	3000〜12000	3000	12000	10000〜40000	10000	40000	約6000〜24000	-3000	33000	750	1200	宅急便60〜100	高	S	85	75	50	60	早い	80	高	高	-40	中	-20	60	16	見送り	要検証	チェック柄	ブランド/状態次第	秋冬需要	脇汗 / 黄ばみ / 目立つシミ / 強い香水臭 / 真贋不明	シミ / 脇汗 / 黄ばみ / 真贋不明	真贋注意 / 汚れリスク / 送料高 / 相場確認必須	バーバリーロンドン ワンピース シャツ コート	5	正面 / 背面 / ブランドタグ / 素材タグ / サイズタグ / 実寸が分かる写真 / ダメージ箇所 / 真贋判断用タグ/刻印	見つけたら即リサーチ	優先確認。利益が出れば仕入れ候補。 真贋・タグ確認を必須にする。	ブランド / 服種類 / 仕入れ値 / サイズ / 素材タグ写真 / ブランドタグ写真 / 全体写真 / 状態 / メルカリ売切相場 / 角スレ写真 / 内側写真 / 付属品 / 真贋確認情報	脇汗 / 黄ばみ / 目立つシミ / 虫食い / 穴/破れ / ファスナー不良 / 強い臭い / 真贋不明 / 内タグ/シリアル/品質タグ欠損	ヴィンテージ/希少ブランドで状態込み相場が確認できる場合のみ / 鑑定済み・正規タグ確認・購入元信頼性ありの場合のみ	脇汗、黄ばみ、シミ、虫食い、穴、毛玉、素材タグ、サイズ表記は確認しましたか？	バーバリーロンドン ワンピース	BURBERRY LONDON ノバチェックワンピース	バーバリーロンドン ノバチェックワンピース	正面 / 背面 / ブランドタグ / 素材タグ / サイズタグ / 脇 / 襟 / 袖口 / 裾 / ダメージ箇所	真贋確認できるまで購入不可
v4	RULE_0157	BRD_0157	CAT_007	TRUE	SCORE_V1	https://jp.mercari.com/search?keyword=%E3%83%90%E3%83%BC%E3%83%90%E3%83%AA%E3%83%BC%20%E3%83%96%E3%83%AB%E3%83%BC%E3%83%AC%E3%83%BC%E3%83%99%E3%83%AB%20%E3%83%90%E3%83%83%E3%82%B0	https://jp.mercari.com/search?keyword=BURBERRY%20BLUE%20LABEL%20%E3%83%AF%E3%83%B3%E3%83%94%E3%83%BC%E3%82%B9	https://jp.mercari.com/search?keyword=%E3%83%90%E3%83%BC%E3%83%90%E3%83%AA%E3%83%BC%20%E3%83%96%E3%83%AB%E3%83%BC%E3%83%AC%E3%83%BC%E3%83%99%E3%83%AB%20%E3%83%AF%E3%83%B3%E3%83%94%E3%83%BC%E3%82%B9	高級ブランド	ユニセックス	BURBERRY BLUE LABEL	バーバリー ブルーレーベル	バッグ	ワンピース／スカート／バッグ	通年	通年	1〜3週間	特になし	特になし	38/40は需要あり	標準	2000〜8000	2000	8000	8000〜30000	8000	30000	約5200〜19000	-800	25000	750	1050	宅急便60〜80	高	S	85	75	50	75	早い	80	高	高	-40	高	-35	75	4	見送り	高	38/40は需要あり	ブランド/状態次第	通年需要	ベタつき / 角破れ / 内側劣化 / ショルダー欠品 / 真贋不明	ベタつき / 内側劣化 / 穴/破れ / 欠品 / 真贋不明	真贋注意 / 経年劣化 / 送料高	バーバリー ブルーレーベル ワンピース バッグ スカート	5	正面 / 背面 / 角4カ所 / 内側 / ブランドタグ/ロゴ / ショルダー/付属品 / 真贋判断用タグ/刻印	見つけたら即リサーチ	優先確認。利益が出れば仕入れ候補。 真贋・タグ確認を必須にする。	ブランド / 服種類 / 仕入れ値 / サイズ / 素材タグ写真 / ブランドタグ写真 / 全体写真 / 状態 / メルカリ売切相場 / 角スレ写真 / 内側写真 / 付属品 / 真贋確認情報	内側ベタつき / 粉吹き / 合皮剥がれ / 強い臭い / ファスナー不良 / ショルダー欠品※2WAY/斜め掛け前提品 / 真贋不明 / 内タグ/シリアル/品質タグ欠損	高単価ブランドで補修・清掃後も粗利が十分ある場合のみ再検討 / 鑑定済み・正規タグ確認・購入元信頼性ありの場合のみ	角スレ、内側ベタつき、臭い、ファスナー不良、ショルダー/付属品欠品はありますか？	バーバリー ブルーレーベル バッグ	BURBERRY BLUE LABEL ワンピース	バーバリー ブルーレーベル ワンピース	正面 / 背面 / 底角4カ所 / 持ち手 / 内側 / ロゴ / 金具 / ファスナー / 付属品	真贋確認できるまで購入不可
v4	RULE_0158	BRD_0158	CAT_007	TRUE	SCORE_V1	https://jp.mercari.com/search?keyword=%E3%83%90%E3%83%BC%E3%83%90%E3%83%AA%E3%83%BC%20%E3%83%90%E3%83%83%E3%82%B0	https://jp.mercari.com/search?keyword=BURBERRY%20%E3%83%88%E3%83%AC%E3%83%B3%E3%83%81%E3%82%B3%E3%83%BC%E3%83%88	https://jp.mercari.com/search?keyword=%E3%83%90%E3%83%BC%E3%83%90%E3%83%AA%E3%83%BC%20%E3%83%88%E3%83%AC%E3%83%B3%E3%83%81%E3%82%B3%E3%83%BC%E3%83%88	高級ブランド	ユニセックス	BURBERRY	バーバリー	バッグ	トレンチコート／バッグ／マフラー	通年	9〜12月	1〜3週間	特になし	特になし	標準サイズは相場確認	標準	5000〜20000	5000	20000	18000〜80000	18000	80000	約11200〜52000	-3800	67000	750	1200	宅急便60〜100	高	S	85	85	50	60	早い	80	高	高	-40	高	-35	60	3	見送り	要検証	美品・相場あり・利益あり	ブランド/状態次第	秋冬需要 / 通年需要	ベタつき / 角破れ / 内側劣化 / ショルダー欠品 / 真贋不明	ベタつき / 内側劣化 / 穴/破れ / 欠品 / 真贋不明	真贋注意 / 経年劣化 / 送料高 / 相場確認必須	バーバリー バッグ コート	5	正面 / 背面 / 角4カ所 / 内側 / ブランドタグ/ロゴ / ショルダー/付属品 / 真贋判断用タグ/刻印	見つけたら即リサーチ	優先確認。利益が出れば仕入れ候補。 真贋・タグ確認を必須にする。	ブランド / 服種類 / 仕入れ値 / サイズ / 素材タグ写真 / ブランドタグ写真 / 全体写真 / 状態 / メルカリ売切相場 / 角スレ写真 / 内側写真 / 付属品 / 真贋確認情報	内側ベタつき / 粉吹き / 合皮剥がれ / 強い臭い / ファスナー不良 / ショルダー欠品※2WAY/斜め掛け前提品 / 真贋不明 / 内タグ/シリアル/品質タグ欠損	高単価ブランドで補修・清掃後も粗利が十分ある場合のみ再検討 / 鑑定済み・正規タグ確認・購入元信頼性ありの場合のみ	角スレ、内側ベタつき、臭い、ファスナー不良、ショルダー/付属品欠品はありますか？	バーバリー バッグ	BURBERRY トレンチコート	バーバリー トレンチコート	正面 / 背面 / 底角4カ所 / 持ち手 / 内側 / ロゴ / 金具 / ファスナー / 付属品	真贋確認できるまで購入不可
v4	RULE_0159	BRD_0159	CAT_007	TRUE	SCORE_V1	https://jp.mercari.com/search?keyword=%E3%82%A8%E3%83%AB%E3%83%A1%E3%82%B9%20%E8%B2%A1%E5%B8%83%E3%83%BB%E5%B0%8F%E7%89%A9	https://jp.mercari.com/search?keyword=HERMES%20%E3%82%B9%E3%82%AB%E3%83%BC%E3%83%95	https://jp.mercari.com/search?keyword=%E3%82%A8%E3%83%AB%E3%83%A1%E3%82%B9%20%E3%82%B9%E3%82%AB%E3%83%BC%E3%83%95	高級ブランド	ユニセックス	HERMES	エルメス	財布・小物	スカーフ／ネクタイ／小物	通年	通年	2〜6週間	特になし	特になし	標準サイズは相場確認	標準	5000〜30000	5000	30000	15000〜100000	15000	100000	約8500〜60000	-16500	85000	210	450	ネコポス/ゆうパケット	低	A	70	60	50	60	普通	60	高	高	-40	中〜高	-10	50	16	見送り	要検証	美品・相場あり・利益あり	ブランド/状態次第	通年需要	真贋不明 / 経年劣化	シミ / 内側劣化 / 真贋不明	真贋注意 / 経年劣化 / 汚れリスク / 相場確認必須	エルメス	3	正面 / 背面 / タグ / 素材タグ / 状態 / 真贋判断用タグ/刻印	条件が合えばリサーチ	条件一致時のみ仕入れ候補。 真贋・タグ確認を必須にする。	ブランド / 服種類 / 仕入れ値 / サイズ / 素材タグ写真 / ブランドタグ写真 / 全体写真 / 状態 / メルカリ売切相場 / 角スレ写真 / 内側写真 / 付属品 / 真贋確認情報	内側ベタつき / 粉吹き / 合皮剥がれ / 強い臭い / ファスナー不良 / ショルダー欠品※2WAY/斜め掛け前提品 / 真贋不明 / 内タグ/シリアル/品質タグ欠損	高単価ブランドで補修・清掃後も粗利が十分ある場合のみ再検討 / 鑑定済み・正規タグ確認・購入元信頼性ありの場合のみ	角スレ、内側ベタつき、臭い、ファスナー不良、ショルダー/付属品欠品はありますか？	エルメス 財布・小物	HERMES スカーフ	エルメス スカーフ	正面 / 背面 / 底角4カ所 / 持ち手 / 内側 / ロゴ / 金具 / ファスナー / 付属品	真贋確認できるまで購入不可
v4	RULE_0160	BRD_0160	CAT_007	TRUE	SCORE_V1	https://jp.mercari.com/search?keyword=%E3%82%B7%E3%83%A3%E3%83%8D%E3%83%AB%20%E3%83%90%E3%83%83%E3%82%B0	https://jp.mercari.com/search?keyword=CHANEL%20%E3%82%A2%E3%82%AF%E3%82%BB%E3%82%B5%E3%83%AA%E3%83%BC	https://jp.mercari.com/search?keyword=%E3%82%B7%E3%83%A3%E3%83%8D%E3%83%AB%20%E3%82%A2%E3%82%AF%E3%82%BB%E3%82%B5%E3%83%AA%E3%83%BC	高級ブランド	ユニセックス	CHANEL	シャネル	バッグ	アクセサリー／バッグ／服	通年	通年	2〜6週間	特になし	特になし	標準サイズは相場確認	標準	10000〜50000	10000	50000	40000〜200000	40000	200000	約26000〜130000	-14000	170000	750	1050	宅急便60〜80	高	A	70	75	50	60	普通	60	高	高	-40	高	-35	50	0	見送り	要検証	美品・相場あり・利益あり	ブランド/状態次第	通年需要	ベタつき / 角破れ / 内側劣化 / ショルダー欠品 / 真贋不明	ベタつき / 内側劣化 / 穴/破れ / 欠品 / 真贋不明	真贋注意 / 経年劣化 / 送料高 / 相場確認必須	シャネル バッグ	3	正面 / 背面 / 角4カ所 / 内側 / ブランドタグ/ロゴ / ショルダー/付属品 / 真贋判断用タグ/刻印	条件が合えばリサーチ	条件一致時のみ仕入れ候補。 真贋・タグ確認を必須にする。	ブランド / 服種類 / 仕入れ値 / サイズ / 素材タグ写真 / ブランドタグ写真 / 全体写真 / 状態 / メルカリ売切相場 / 角スレ写真 / 内側写真 / 付属品 / 真贋確認情報	内側ベタつき / 粉吹き / 合皮剥がれ / 強い臭い / ファスナー不良 / ショルダー欠品※2WAY/斜め掛け前提品 / 真贋不明 / 内タグ/シリアル/品質タグ欠損	高単価ブランドで補修・清掃後も粗利が十分ある場合のみ再検討 / 鑑定済み・正規タグ確認・購入元信頼性ありの場合のみ	角スレ、内側ベタつき、臭い、ファスナー不良、ショルダー/付属品欠品はありますか？	シャネル バッグ	CHANEL アクセサリー	シャネル アクセサリー	正面 / 背面 / 底角4カ所 / 持ち手 / 内側 / ロゴ / 金具 / ファスナー / 付属品	真贋確認できるまで購入不可
v4	RULE_0161	BRD_0161	CAT_007	TRUE	SCORE_V1	https://jp.mercari.com/search?keyword=%E3%83%AB%E3%82%A4%E3%83%B4%E3%82%A3%E3%83%88%E3%83%B3%20%E3%83%90%E3%83%83%E3%82%B0	https://jp.mercari.com/search?keyword=LOUIS%20VUITTON%20%E3%83%90%E3%83%83%E3%82%B0	https://jp.mercari.com/search?keyword=%E3%83%AB%E3%82%A4%E3%83%B4%E3%82%A3%E3%83%88%E3%83%B3%20%E3%83%90%E3%83%83%E3%82%B0%EF%BC%8F%E8%B2%A1%E5%B8%83%EF%BC%8F%E3%83%9D%E3%83%BC%E3%83%81	高級ブランド	ユニセックス	LOUIS VUITTON	ルイヴィトン	バッグ	バッグ／財布／ポーチ	通年	通年	2〜6週間	特になし	特になし	標準サイズは相場確認	標準	10000〜50000	10000	50000	30000〜200000	30000	200000	約17000〜130000	-23000	170000	210	450	ネコポス/ゆうパケット	低	A	70	75	50	60	普通	60	高	高	-40	高	-35	50	0	見送り	要検証	美品・相場あり・利益あり	ブランド/状態次第	通年需要	ベタつき / 角破れ / 内側劣化 / ショルダー欠品 / 真贋不明	ベタつき / 内側劣化 / 穴/破れ / 欠品 / 真贋不明	真贋注意 / 経年劣化 / 送料高 / 相場確認必須	ルイヴィトン バッグ	3	正面 / 背面 / 角4カ所 / 内側 / ブランドタグ/ロゴ / ショルダー/付属品 / 真贋判断用タグ/刻印	条件が合えばリサーチ	条件一致時のみ仕入れ候補。 真贋・タグ確認を必須にする。	ブランド / 服種類 / 仕入れ値 / サイズ / 素材タグ写真 / ブランドタグ写真 / 全体写真 / 状態 / メルカリ売切相場 / 角スレ写真 / 内側写真 / 付属品 / 真贋確認情報	内側ベタつき / 粉吹き / 合皮剥がれ / 強い臭い / ファスナー不良 / ショルダー欠品※2WAY/斜め掛け前提品 / 真贋不明 / 内タグ/シリアル/品質タグ欠損	高単価ブランドで補修・清掃後も粗利が十分ある場合のみ再検討 / 鑑定済み・正規タグ確認・購入元信頼性ありの場合のみ	角スレ、内側ベタつき、臭い、ファスナー不良、ショルダー/付属品欠品はありますか？	ルイヴィトン バッグ	LOUIS VUITTON バッグ	ルイヴィトン バッグ／財布／ポーチ	正面 / 背面 / 底角4カ所 / 持ち手 / 内側 / ロゴ / 金具 / ファスナー / 付属品	真贋確認できるまで購入不可
v4	RULE_0162	BRD_0162	CAT_007	TRUE	SCORE_V1	https://jp.mercari.com/search?keyword=%E3%83%87%E3%82%A3%E3%82%AA%E3%83%BC%E3%83%AB%20%E3%83%90%E3%83%83%E3%82%B0	https://jp.mercari.com/search?keyword=Dior%20%E3%83%90%E3%83%83%E3%82%B0	https://jp.mercari.com/search?keyword=%E3%83%87%E3%82%A3%E3%82%AA%E3%83%BC%E3%83%AB%20%E3%83%90%E3%83%83%E3%82%B0%EF%BC%8F%E3%83%9D%E3%83%BC%E3%83%81%EF%BC%8F%E3%82%A2%E3%82%AF%E3%82%BB%E3%82%B5%E3%83%AA%E3%83%BC	高級ブランド	ユニセックス	Dior	ディオール	バッグ	バッグ／ポーチ／アクセサリー	通年	通年	2〜6週間	特になし	特になし	標準サイズは相場確認	標準	5000〜30000	5000	30000	20000〜100000	20000	100000	約13000〜60000	-12000	85000	210	450	ネコポス/ゆうパケット	低	A	70	75	50	60	普通	60	高	高	-40	高	-35	50	0	見送り	要検証	美品・相場あり・利益あり	ブランド/状態次第	通年需要	ベタつき / 角破れ / 内側劣化 / ショルダー欠品 / 真贋不明	ベタつき / 内側劣化 / 穴/破れ / 欠品 / 真贋不明	真贋注意 / 経年劣化 / 送料高 / 相場確認必須	ディオール バッグ	3	正面 / 背面 / 角4カ所 / 内側 / ブランドタグ/ロゴ / ショルダー/付属品 / 真贋判断用タグ/刻印	条件が合えばリサーチ	条件一致時のみ仕入れ候補。 真贋・タグ確認を必須にする。	ブランド / 服種類 / 仕入れ値 / サイズ / 素材タグ写真 / ブランドタグ写真 / 全体写真 / 状態 / メルカリ売切相場 / 角スレ写真 / 内側写真 / 付属品 / 真贋確認情報	内側ベタつき / 粉吹き / 合皮剥がれ / 強い臭い / ファスナー不良 / ショルダー欠品※2WAY/斜め掛け前提品 / 真贋不明 / 内タグ/シリアル/品質タグ欠損	高単価ブランドで補修・清掃後も粗利が十分ある場合のみ再検討 / 鑑定済み・正規タグ確認・購入元信頼性ありの場合のみ	角スレ、内側ベタつき、臭い、ファスナー不良、ショルダー/付属品欠品はありますか？	ディオール バッグ	Dior バッグ	ディオール バッグ／ポーチ／アクセサリー	正面 / 背面 / 底角4カ所 / 持ち手 / 内側 / ロゴ / 金具 / ファスナー / 付属品	真贋確認できるまで購入不可
v4	RULE_0163	BRD_0163	CAT_007	TRUE	SCORE_V1	https://jp.mercari.com/search?keyword=%E3%82%BB%E3%83%AA%E3%83%BC%E3%83%8C%20%E3%83%90%E3%83%83%E3%82%B0	https://jp.mercari.com/search?keyword=CELINE%20%E3%83%90%E3%83%83%E3%82%B0	https://jp.mercari.com/search?keyword=%E3%82%BB%E3%83%AA%E3%83%BC%E3%83%8C%20%E3%83%90%E3%83%83%E3%82%B0%EF%BC%8F%E8%B2%A1%E5%B8%83%EF%BC%8F%E6%9C%8D	高級ブランド	ユニセックス	CELINE	セリーヌ	バッグ	バッグ／財布／服	通年	通年	2〜6週間	特になし	特になし	標準サイズは相場確認	標準	5000〜30000	5000	30000	20000〜100000	20000	100000	約13000〜60000	-12000	85000	210	450	ネコポス/ゆうパケット	低	A	70	75	50	60	普通	60	高	高	-40	高	-35	50	0	見送り	要検証	美品・相場あり・利益あり	ブランド/状態次第	通年需要	ベタつき / 角破れ / 内側劣化 / ショルダー欠品 / 真贋不明	ベタつき / 内側劣化 / 穴/破れ / 欠品 / 真贋不明	真贋注意 / 経年劣化 / 送料高 / 相場確認必須	セリーヌ バッグ	3	正面 / 背面 / 角4カ所 / 内側 / ブランドタグ/ロゴ / ショルダー/付属品 / 真贋判断用タグ/刻印	条件が合えばリサーチ	条件一致時のみ仕入れ候補。 真贋・タグ確認を必須にする。	ブランド / 服種類 / 仕入れ値 / サイズ / 素材タグ写真 / ブランドタグ写真 / 全体写真 / 状態 / メルカリ売切相場 / 角スレ写真 / 内側写真 / 付属品 / 真贋確認情報	内側ベタつき / 粉吹き / 合皮剥がれ / 強い臭い / ファスナー不良 / ショルダー欠品※2WAY/斜め掛け前提品 / 真贋不明 / 内タグ/シリアル/品質タグ欠損	高単価ブランドで補修・清掃後も粗利が十分ある場合のみ再検討 / 鑑定済み・正規タグ確認・購入元信頼性ありの場合のみ	角スレ、内側ベタつき、臭い、ファスナー不良、ショルダー/付属品欠品はありますか？	セリーヌ バッグ	CELINE バッグ	セリーヌ バッグ／財布／服	正面 / 背面 / 底角4カ所 / 持ち手 / 内側 / ロゴ / 金具 / ファスナー / 付属品	真贋確認できるまで購入不可
v4	RULE_0164	BRD_0164	CAT_007	TRUE	SCORE_V1	https://jp.mercari.com/search?keyword=%E3%83%AD%E3%82%A8%E3%83%99%20%E3%83%90%E3%83%83%E3%82%B0	https://jp.mercari.com/search?keyword=Loewe%20%E3%83%90%E3%83%83%E3%82%B0	https://jp.mercari.com/search?keyword=%E3%83%AD%E3%82%A8%E3%83%99%20%E3%83%90%E3%83%83%E3%82%B0%EF%BC%8F%E8%B2%A1%E5%B8%83%EF%BC%8F%E3%83%96%E3%83%AD%E3%83%BC%E3%83%81	高級ブランド	ユニセックス	Loewe	ロエベ	バッグ	バッグ／財布／ブローチ	通年	通年	2〜6週間	レザー/本革	本革/レザー	標準サイズは相場確認	標準	8000〜30000	8000	30000	25000〜120000	25000	120000	約14500〜78000	-7500	100000	210	450	ネコポス/ゆうパケット	低	A	70	75	80	60	普通	60	高	高	-40	高	-35	50	0	見送り	要検証	レザー/本革	ブランド/状態次第	通年需要	ベタつき / 角破れ / 内側劣化 / ショルダー欠品 / 真贋不明	ベタつき / 内側劣化 / 穴/破れ / 欠品 / 真贋不明	真贋注意 / 経年劣化 / 送料高 / 相場確認必須	ロエベ バッグ	3	正面 / 背面 / 角4カ所 / 内側 / ブランドタグ/ロゴ / ショルダー/付属品 / 真贋判断用タグ/刻印	条件が合えばリサーチ	条件一致時のみ仕入れ候補。 真贋・タグ確認を必須にする。	ブランド / 服種類 / 仕入れ値 / サイズ / 素材タグ写真 / ブランドタグ写真 / 全体写真 / 状態 / メルカリ売切相場 / 角スレ写真 / 内側写真 / 付属品 / 真贋確認情報	内側ベタつき / 粉吹き / 合皮剥がれ / 強い臭い / ファスナー不良 / ショルダー欠品※2WAY/斜め掛け前提品 / 真贋不明 / 内タグ/シリアル/品質タグ欠損	高単価ブランドで補修・清掃後も粗利が十分ある場合のみ再検討 / 鑑定済み・正規タグ確認・購入元信頼性ありの場合のみ	角スレ、内側ベタつき、臭い、ファスナー不良、ショルダー/付属品欠品はありますか？	ロエベ バッグ	Loewe バッグ	ロエベ バッグ／財布／ブローチ	正面 / 背面 / 底角4カ所 / 持ち手 / 内側 / ロゴ / 金具 / ファスナー / 付属品	真贋確認できるまで購入不可
v4	RULE_0165	BRD_0165	CAT_008	TRUE	SCORE_V1	https://jp.mercari.com/search?keyword=%E3%83%A1%E3%83%AB%E3%82%AB%E3%83%AA%20%E4%BB%95%E5%85%A5%E3%82%8C%E5%A0%B4%E6%89%80	https://jp.mercari.com/search?keyword=%E3%83%A1%E3%83%AB%E3%82%AB%E3%83%AA%20%E7%9B%B8%E5%A0%B4%E7%A2%BA%E8%AA%8D	https://jp.mercari.com/search?keyword=%E3%83%A1%E3%83%AB%E3%82%AB%E3%83%AA%20%E7%9B%B8%E5%A0%B4%E7%A2%BA%E8%AA%8D	仕入れ場所	運用	メルカリ	メルカリ	仕入れ場所	相場確認・安値拾い	通年			特になし	特になし	標準サイズは相場確認	標準	-			-			-							S					運用		高	-		-					運用ルール	運用ルールとして常時確認	ブランド/状態次第	相場次第	-	特になし	相場確認必須	メルカリ	3	-	必ず実行	優先確認。利益が出れば仕入れ候補。	ブランド / 服種類 / 仕入れ値 / サイズ / 素材タグ写真 / ブランドタグ写真 / 全体写真 / 状態 / メルカリ売切相場	脇汗 / 黄ばみ / 目立つシミ / 虫食い / 穴/破れ / ファスナー不良 / 強い臭い	ヴィンテージ/希少ブランドで状態込み相場が確認できる場合のみ	脇汗、黄ばみ、シミ、虫食い、穴、毛玉、素材タグ、サイズ表記は確認しましたか？	メルカリ 仕入れ場所	メルカリ 相場確認	メルカリ 相場確認	正面 / 背面 / ブランドタグ / 素材タグ / サイズタグ / 脇 / 襟 / 袖口 / 裾 / ダメージ箇所	原則見送り
v4	RULE_0166	BRD_0166	CAT_008	TRUE	SCORE_V1	https://jp.mercari.com/search?keyword=%E3%83%A9%E3%82%AF%E3%83%9E%20%E4%BB%95%E5%85%A5%E3%82%8C%E5%A0%B4%E6%89%80	https://jp.mercari.com/search?keyword=%E3%83%A9%E3%82%AF%E3%83%9E%20%E5%AE%89%E5%80%A4%E6%8B%BE%E3%81%84	https://jp.mercari.com/search?keyword=%E3%83%A9%E3%82%AF%E3%83%9E%20%E5%AE%89%E5%80%A4%E6%8B%BE%E3%81%84	仕入れ場所	運用	ラクマ	ラクマ	仕入れ場所	安値拾い	通年			特になし	特になし	標準サイズは相場確認	標準	-			-			-							B					運用		低〜中	-		-					運用ルール	運用ルールとして常時確認	ブランド/状態次第	相場次第	-	特になし	相場確認必須	ラクマ	5	-	必ず実行	安仕入れ・美品・相場あり限定。	ブランド / 服種類 / 仕入れ値 / サイズ / 素材タグ写真 / ブランドタグ写真 / 全体写真 / 状態 / メルカリ売切相場	脇汗 / 黄ばみ / 目立つシミ / 虫食い / 穴/破れ / ファスナー不良 / 強い臭い	ヴィンテージ/希少ブランドで状態込み相場が確認できる場合のみ	脇汗、黄ばみ、シミ、虫食い、穴、毛玉、素材タグ、サイズ表記は確認しましたか？	ラクマ 仕入れ場所	ラクマ 安値拾い	ラクマ 安値拾い	正面 / 背面 / ブランドタグ / 素材タグ / サイズタグ / 脇 / 襟 / 袖口 / 裾 / ダメージ箇所	原則見送り
v4	RULE_0167	BRD_0167	CAT_008	TRUE	SCORE_V1	https://jp.mercari.com/search?keyword=%E3%83%A4%E3%83%95%E3%82%AA%E3%82%AF%20%E4%BB%95%E5%85%A5%E3%82%8C%E5%A0%B4%E6%89%80	https://jp.mercari.com/search?keyword=%E3%83%A4%E3%83%95%E3%82%AA%E3%82%AF%20%E3%81%BE%E3%81%A8%E3%82%81%E5%A3%B2%E3%82%8A	https://jp.mercari.com/search?keyword=%E3%83%A4%E3%83%95%E3%82%AA%E3%82%AF%20%E3%81%BE%E3%81%A8%E3%82%81%E5%A3%B2%E3%82%8A	仕入れ場所	運用	ヤフオク	ヤフオク	仕入れ場所	まとめ売り・ヴィンテージ・古いブランド	通年			特になし	特になし	標準サイズは相場確認	標準	-			-			-							A					運用		中	-		-					運用ルール	運用ルールとして常時確認	ブランド/状態次第	相場次第	-	真贋不明	真贋注意 / 相場確認必須	ヤフオク	3	-	必ず実行	条件一致時のみ仕入れ候補。	ブランド / 服種類 / 仕入れ値 / サイズ / 素材タグ写真 / ブランドタグ写真 / 全体写真 / 状態 / メルカリ売切相場	脇汗 / 黄ばみ / 目立つシミ / 虫食い / 穴/破れ / ファスナー不良 / 強い臭い / 真贋不明 / 内タグ/シリアル/品質タグ欠損	ヴィンテージ/希少ブランドで状態込み相場が確認できる場合のみ / 鑑定済み・正規タグ確認・購入元信頼性ありの場合のみ	脇汗、黄ばみ、シミ、虫食い、穴、毛玉、素材タグ、サイズ表記は確認しましたか？	ヤフオク 仕入れ場所	ヤフオク まとめ売り	ヤフオク まとめ売り	正面 / 背面 / ブランドタグ / 素材タグ / サイズタグ / 脇 / 襟 / 袖口 / 裾 / ダメージ箇所	原則見送り
v4	RULE_0168	BRD_0168	CAT_008	TRUE	SCORE_V1	https://jp.mercari.com/search?keyword=Yahoo%21%E3%83%95%E3%83%AA%E3%83%9E%20%E9%81%8B%E7%94%A8%E3%83%AB%E3%83%BC%E3%83%AB	https://jp.mercari.com/search?keyword=Yahoo%21%E3%83%95%E3%83%AA%E3%83%9E%20%E3%82%AF%E3%83%BC%E3%83%9D%E3%83%B3%E6%B4%BB%E7%94%A8%E4%BB%95%E5%85%A5%E3%82%8C	https://jp.mercari.com/search?keyword=Yahoo%21%E3%83%95%E3%83%AA%E3%83%9E%20%E3%82%AF%E3%83%BC%E3%83%9D%E3%83%B3%E6%B4%BB%E7%94%A8%E4%BB%95%E5%85%A5%E3%82%8C	仕入れ場所	運用	Yahoo!フリマ	Yahoo!フリマ	運用ルール	クーポン活用仕入れ	通年			特になし	特になし	標準サイズは相場確認	標準	-			-			-							B					運用		低〜中	-		-					運用ルール	運用ルールとして常時確認	ブランド/状態次第	相場次第	-	特になし	相場確認必須	Yahoo!フリマ	5	-	必ず実行	安仕入れ・美品・相場あり限定。	ブランド / 服種類 / 仕入れ値 / サイズ / 素材タグ写真 / ブランドタグ写真 / 全体写真 / 状態 / メルカリ売切相場	脇汗 / 黄ばみ / 目立つシミ / 虫食い / 穴/破れ / ファスナー不良 / 強い臭い	ヴィンテージ/希少ブランドで状態込み相場が確認できる場合のみ	脇汗、黄ばみ、シミ、虫食い、穴、毛玉、素材タグ、サイズ表記は確認しましたか？	Yahoo!フリマ 運用ルール	Yahoo!フリマ クーポン活用仕入れ	Yahoo!フリマ クーポン活用仕入れ	正面 / 背面 / ブランドタグ / 素材タグ / サイズタグ / 脇 / 襟 / 袖口 / 裾 / ダメージ箇所	原則見送り
v4	RULE_0169	BRD_0169	CAT_008	TRUE	SCORE_V1	https://jp.mercari.com/search?keyword=%E3%82%BE%E3%82%BE%E3%83%A6%E3%83%BC%E3%82%BA%E3%83%89%20%E9%81%8B%E7%94%A8%E3%83%AB%E3%83%BC%E3%83%AB	https://jp.mercari.com/search?keyword=ZOZOUSED%20%E3%83%96%E3%83%A9%E3%83%B3%E3%83%89%E5%8F%A4%E7%9D%80	https://jp.mercari.com/search?keyword=%E3%82%BE%E3%82%BE%E3%83%A6%E3%83%BC%E3%82%BA%E3%83%89%20%E3%83%96%E3%83%A9%E3%83%B3%E3%83%89%E5%8F%A4%E7%9D%80	仕入れ場所	運用	ZOZOUSED	ゾゾユーズド	運用ルール	ブランド古着・品番確認	通年			特になし	特になし	標準サイズは相場確認	標準	-			-			-							A					運用		中	-		-					運用ルール	運用ルールとして常時確認	人気品番/近年モデル	相場次第	-	特になし	相場確認必須	ゾゾユーズド	3	-	必ず実行	条件一致時のみ仕入れ候補。	ブランド / 服種類 / 仕入れ値 / サイズ / 素材タグ写真 / ブランドタグ写真 / 全体写真 / 状態 / メルカリ売切相場	脇汗 / 黄ばみ / 目立つシミ / 虫食い / 穴/破れ / ファスナー不良 / 強い臭い	ヴィンテージ/希少ブランドで状態込み相場が確認できる場合のみ	脇汗、黄ばみ、シミ、虫食い、穴、毛玉、素材タグ、サイズ表記は確認しましたか？	ゾゾユーズド 運用ルール	ZOZOUSED ブランド古着	ゾゾユーズド ブランド古着	正面 / 背面 / ブランドタグ / 素材タグ / サイズタグ / 脇 / 襟 / 袖口 / 裾 / ダメージ箇所	原則見送り
v4	RULE_0170	BRD_0170	CAT_008	TRUE	SCORE_V1	https://jp.mercari.com/search?keyword=%E3%82%BB%E3%82%AB%E3%83%B3%E3%83%89%E3%82%B9%E3%83%88%E3%83%AA%E3%83%BC%E3%83%88%E3%82%AA%E3%83%B3%E3%83%A9%E3%82%A4%E3%83%B3%20%E3%83%90%E3%83%83%E3%82%B0	https://jp.mercari.com/search?keyword=%E3%82%BB%E3%82%AB%E3%83%B3%E3%83%89%E3%82%B9%E3%83%88%E3%83%AA%E3%83%BC%E3%83%88%E3%82%AA%E3%83%B3%E3%83%A9%E3%82%A4%E3%83%B3%20%E3%83%90%E3%83%83%E3%82%B0	https://jp.mercari.com/search?keyword=%E3%82%BB%E3%82%AB%E3%83%B3%E3%83%89%E3%82%B9%E3%83%88%E3%83%AA%E3%83%BC%E3%83%88%E3%82%AA%E3%83%B3%E3%83%A9%E3%82%A4%E3%83%B3%20%E3%83%90%E3%83%83%E3%82%B0%E3%83%BB%E6%9C%8D%E3%83%BB%E3%82%A2%E3%82%A6%E3%83%88%E3%83%89%E3%82%A2%E3%83%BB%E5%BA%97%E8%88%97%E5%9C%A8%E5%BA%AB%E7%A2%BA%E8%AA%8D	仕入れ場所	運用	セカンドストリートオンライン	セカンドストリートオンライン	バッグ	バッグ・服・アウトドア・店舗在庫確認	通年			特になし	特になし	標準サイズは相場確認	標準	-			-			-							S					運用		高	-		-					運用ルール	運用ルールとして常時確認	ブランド/状態次第	通年需要	-	特になし	送料高 / 相場確認必須	セカンドストリートオンライン バッグ	3	正面 / 背面 / 角4カ所 / 内側 / ブランドタグ/ロゴ / ショルダー/付属品	必ず実行	優先確認。利益が出れば仕入れ候補。	ブランド / 服種類 / 仕入れ値 / サイズ / 素材タグ写真 / ブランドタグ写真 / 全体写真 / 状態 / メルカリ売切相場	内側ベタつき / 粉吹き / 合皮剥がれ / 強い臭い / ファスナー不良 / ショルダー欠品※2WAY/斜め掛け前提品	高単価ブランドで補修・清掃後も粗利が十分ある場合のみ再検討	角スレ、内側ベタつき、臭い、ファスナー不良、ショルダー/付属品欠品はありますか？	セカンドストリートオンライン バッグ	セカンドストリートオンライン バッグ	セカンドストリートオンライン バッグ・服・アウトドア・店舗在庫確認	正面 / 背面 / 底角4カ所 / 持ち手 / 内側 / ロゴ / 金具 / ファスナー / 付属品	原則見送り
v4	RULE_0171	BRD_0171	CAT_008	TRUE	SCORE_V1	https://jp.mercari.com/search?keyword=%E3%83%99%E3%82%AF%E3%83%88%E3%83%AB%E3%83%91%E3%83%BC%E3%82%AF%20%E9%81%8B%E7%94%A8%E3%83%AB%E3%83%BC%E3%83%AB	https://jp.mercari.com/search?keyword=%E3%83%99%E3%82%AF%E3%83%88%E3%83%AB%E3%83%91%E3%83%BC%E3%82%AF%20%E3%83%96%E3%83%A9%E3%83%B3%E3%83%89%E5%8F%A4%E7%9D%80	https://jp.mercari.com/search?keyword=%E3%83%99%E3%82%AF%E3%83%88%E3%83%AB%E3%83%91%E3%83%BC%E3%82%AF%20%E3%83%96%E3%83%A9%E3%83%B3%E3%83%89%E5%8F%A4%E7%9D%80	仕入れ場所	運用	ベクトルパーク	ベクトルパーク	運用ルール	ブランド古着・高級アパレル	通年			特になし	特になし	標準サイズは相場確認	標準	-			-			-							A					運用		中	-		-					運用ルール	運用ルールとして常時確認	ブランド/状態次第	相場次第	-	特になし	相場確認必須	ベクトルパーク	3	-	必ず実行	条件一致時のみ仕入れ候補。	ブランド / 服種類 / 仕入れ値 / サイズ / 素材タグ写真 / ブランドタグ写真 / 全体写真 / 状態 / メルカリ売切相場	脇汗 / 黄ばみ / 目立つシミ / 虫食い / 穴/破れ / ファスナー不良 / 強い臭い	ヴィンテージ/希少ブランドで状態込み相場が確認できる場合のみ	脇汗、黄ばみ、シミ、虫食い、穴、毛玉、素材タグ、サイズ表記は確認しましたか？	ベクトルパーク 運用ルール	ベクトルパーク ブランド古着	ベクトルパーク ブランド古着	正面 / 背面 / ブランドタグ / 素材タグ / サイズタグ / 脇 / 襟 / 袖口 / 裾 / ダメージ箇所	原則見送り
v4	RULE_0172	BRD_0172	CAT_008	TRUE	SCORE_V1	https://jp.mercari.com/search?keyword=%E6%A5%BD%E5%A4%A9%E5%B8%82%E5%A0%B4%E5%8F%A4%E7%9D%80%20%E9%81%8B%E7%94%A8%E3%83%AB%E3%83%BC%E3%83%AB	https://jp.mercari.com/search?keyword=%E6%A5%BD%E5%A4%A9%E5%B8%82%E5%A0%B4%E5%8F%A4%E7%9D%80%20%E3%82%AF%E3%83%BC%E3%83%9D%E3%83%B3	https://jp.mercari.com/search?keyword=%E6%A5%BD%E5%A4%A9%E5%B8%82%E5%A0%B4%E5%8F%A4%E7%9D%80%20%E3%82%AF%E3%83%BC%E3%83%9D%E3%83%B3	仕入れ場所	運用	楽天市場古着	楽天市場古着	運用ルール	クーポン・ポイント込み仕入れ	通年			特になし	特になし	標準サイズは相場確認	標準	-			-			-							B					運用		低〜中	-		-					運用ルール	運用ルールとして常時確認	ブランド/状態次第	相場次第	-	特になし	相場確認必須	楽天市場古着	5	-	必ず実行	安仕入れ・美品・相場あり限定。	ブランド / 服種類 / 仕入れ値 / サイズ / 素材タグ写真 / ブランドタグ写真 / 全体写真 / 状態 / メルカリ売切相場	脇汗 / 黄ばみ / 目立つシミ / 虫食い / 穴/破れ / ファスナー不良 / 強い臭い	ヴィンテージ/希少ブランドで状態込み相場が確認できる場合のみ	脇汗、黄ばみ、シミ、虫食い、穴、毛玉、素材タグ、サイズ表記は確認しましたか？	楽天市場古着 運用ルール	楽天市場古着 クーポン	楽天市場古着 クーポン	正面 / 背面 / ブランドタグ / 素材タグ / サイズタグ / 脇 / 襟 / 袖口 / 裾 / ダメージ箇所	原則見送り
v4	RULE_0173	BRD_0173	CAT_008	TRUE	SCORE_V1	https://jp.mercari.com/search?keyword=%E3%83%88%E3%83%AC%E3%83%95%E3%82%A1%E3%82%AF%E3%82%AA%E3%83%B3%E3%83%A9%E3%82%A4%E3%83%B3%20%E3%83%90%E3%83%83%E3%82%B0	https://jp.mercari.com/search?keyword=%E3%83%88%E3%83%AC%E3%83%95%E3%82%A1%E3%82%AF%E3%82%AA%E3%83%B3%E3%83%A9%E3%82%A4%E3%83%B3%20%E3%83%96%E3%83%A9%E3%83%B3%E3%83%89%E6%9C%8D	https://jp.mercari.com/search?keyword=%E3%83%88%E3%83%AC%E3%83%95%E3%82%A1%E3%82%AF%E3%82%AA%E3%83%B3%E3%83%A9%E3%82%A4%E3%83%B3%20%E3%83%96%E3%83%A9%E3%83%B3%E3%83%89%E6%9C%8D	仕入れ場所	運用	トレファクオンライン	トレファクオンライン	バッグ	ブランド服・バッグ	通年			特になし	特になし	標準サイズは相場確認	標準	-			-			-							A					運用		中	-		-					運用ルール	運用ルールとして常時確認	ブランド/状態次第	通年需要	-	特になし	送料高 / 相場確認必須	トレファクオンライン バッグ	3	正面 / 背面 / 角4カ所 / 内側 / ブランドタグ/ロゴ / ショルダー/付属品	必ず実行	条件一致時のみ仕入れ候補。	ブランド / 服種類 / 仕入れ値 / サイズ / 素材タグ写真 / ブランドタグ写真 / 全体写真 / 状態 / メルカリ売切相場	内側ベタつき / 粉吹き / 合皮剥がれ / 強い臭い / ファスナー不良 / ショルダー欠品※2WAY/斜め掛け前提品	高単価ブランドで補修・清掃後も粗利が十分ある場合のみ再検討	角スレ、内側ベタつき、臭い、ファスナー不良、ショルダー/付属品欠品はありますか？	トレファクオンライン バッグ	トレファクオンライン ブランド服	トレファクオンライン ブランド服	正面 / 背面 / 底角4カ所 / 持ち手 / 内側 / ロゴ / 金具 / ファスナー / 付属品	原則見送り
v4	RULE_0174	BRD_0174	CAT_008	TRUE	SCORE_V1	https://jp.mercari.com/search?keyword=%E3%83%96%E3%83%83%E3%82%AF%E3%82%AA%E3%83%95%E3%82%AA%E3%83%B3%E3%83%A9%E3%82%A4%E3%83%B3%20%E3%83%90%E3%83%83%E3%82%B0	https://jp.mercari.com/search?keyword=%E3%83%96%E3%83%83%E3%82%AF%E3%82%AA%E3%83%95%E3%82%AA%E3%83%B3%E3%83%A9%E3%82%A4%E3%83%B3%20%E6%9C%AC%E4%BB%A5%E5%A4%96%E3%81%AB%E6%9C%8D	https://jp.mercari.com/search?keyword=%E3%83%96%E3%83%83%E3%82%AF%E3%82%AA%E3%83%95%E3%82%AA%E3%83%B3%E3%83%A9%E3%82%A4%E3%83%B3%20%E6%9C%AC%E4%BB%A5%E5%A4%96%E3%81%AB%E6%9C%8D	仕入れ場所	運用	ブックオフオンライン	ブックオフオンライン	バッグ	本以外に服・バッグも確認	通年			特になし	特になし	標準サイズは相場確認	標準	-			-			-							B					運用		低〜中	-		-					運用ルール	運用ルールとして常時確認	ブランド/状態次第	通年需要	-	特になし	送料高 / 相場確認必須	ブックオフオンライン バッグ	5	正面 / 背面 / 角4カ所 / 内側 / ブランドタグ/ロゴ / ショルダー/付属品	必ず実行	安仕入れ・美品・相場あり限定。	ブランド / 服種類 / 仕入れ値 / サイズ / 素材タグ写真 / ブランドタグ写真 / 全体写真 / 状態 / メルカリ売切相場	内側ベタつき / 粉吹き / 合皮剥がれ / 強い臭い / ファスナー不良 / ショルダー欠品※2WAY/斜め掛け前提品	高単価ブランドで補修・清掃後も粗利が十分ある場合のみ再検討	角スレ、内側ベタつき、臭い、ファスナー不良、ショルダー/付属品欠品はありますか？	ブックオフオンライン バッグ	ブックオフオンライン 本以外に服	ブックオフオンライン 本以外に服	正面 / 背面 / 底角4カ所 / 持ち手 / 内側 / ロゴ / 金具 / ファスナー / 付属品	原則見送り
v4	RULE_0175	BRD_0175	CAT_008	TRUE	SCORE_V1	https://jp.mercari.com/search?keyword=%E3%83%A1%E3%83%AB%E3%82%AB%E3%83%AAShops%20%E9%81%8B%E7%94%A8%E3%83%AB%E3%83%BC%E3%83%AB	https://jp.mercari.com/search?keyword=%E3%83%A1%E3%83%AB%E3%82%AB%E3%83%AAShops%20%E6%A5%AD%E8%80%85%E5%9C%A8%E5%BA%AB	https://jp.mercari.com/search?keyword=%E3%83%A1%E3%83%AB%E3%82%AB%E3%83%AAShops%20%E6%A5%AD%E8%80%85%E5%9C%A8%E5%BA%AB	仕入れ場所	運用	メルカリShops	メルカリShops	運用ルール	業者在庫・古着まとめ	通年			特になし	特になし	標準サイズは相場確認	標準	-			-			-							B					運用		低〜中	-		-					運用ルール	運用ルールとして常時確認	ブランド/状態次第	相場次第	-	特になし	送料高 / 相場確認必須	メルカリShops	5	-	必ず実行	安仕入れ・美品・相場あり限定。	ブランド / 服種類 / 仕入れ値 / サイズ / 素材タグ写真 / ブランドタグ写真 / 全体写真 / 状態 / メルカリ売切相場	脇汗 / 黄ばみ / 目立つシミ / 虫食い / 穴/破れ / ファスナー不良 / 強い臭い	ヴィンテージ/希少ブランドで状態込み相場が確認できる場合のみ	脇汗、黄ばみ、シミ、虫食い、穴、毛玉、素材タグ、サイズ表記は確認しましたか？	メルカリShops 運用ルール	メルカリShops 業者在庫	メルカリShops 業者在庫	正面 / 背面 / ブランドタグ / 素材タグ / サイズタグ / 脇 / 襟 / 袖口 / 裾 / ダメージ箇所	原則見送り
v4	RULE_0176	BRD_0176	CAT_008	TRUE	SCORE_V1	https://jp.mercari.com/search?keyword=%E3%83%96%E3%83%A9%E3%83%B3%E3%83%89%E3%82%AA%E3%83%95%20%E3%83%90%E3%83%83%E3%82%B0	https://jp.mercari.com/search?keyword=%E3%83%96%E3%83%A9%E3%83%B3%E3%83%89%E3%82%AA%E3%83%95%20%E3%83%96%E3%83%A9%E3%83%B3%E3%83%89%E3%83%90%E3%83%83%E3%82%B0	https://jp.mercari.com/search?keyword=%E3%83%96%E3%83%A9%E3%83%B3%E3%83%89%E3%82%AA%E3%83%95%20%E3%83%96%E3%83%A9%E3%83%B3%E3%83%89%E3%83%90%E3%83%83%E3%82%B0	仕入れ場所	運用	ブランドオフ	ブランドオフ	バッグ	ブランドバッグ・財布	通年			特になし	特になし	標準サイズは相場確認	標準	-			-			-							B					運用		低〜中	-		-					運用ルール	運用ルールとして常時確認	ブランド/状態次第	通年需要	-	真贋不明	真贋注意 / 送料高 / 相場確認必須	ブランドオフ バッグ	5	正面 / 背面 / 角4カ所 / 内側 / ブランドタグ/ロゴ / ショルダー/付属品	必ず実行	安仕入れ・美品・相場あり限定。	ブランド / 服種類 / 仕入れ値 / サイズ / 素材タグ写真 / ブランドタグ写真 / 全体写真 / 状態 / メルカリ売切相場	内側ベタつき / 粉吹き / 合皮剥がれ / 強い臭い / ファスナー不良 / ショルダー欠品※2WAY/斜め掛け前提品 / 真贋不明 / 内タグ/シリアル/品質タグ欠損	高単価ブランドで補修・清掃後も粗利が十分ある場合のみ再検討 / 鑑定済み・正規タグ確認・購入元信頼性ありの場合のみ	角スレ、内側ベタつき、臭い、ファスナー不良、ショルダー/付属品欠品はありますか？	ブランドオフ バッグ	ブランドオフ ブランドバッグ	ブランドオフ ブランドバッグ	正面 / 背面 / 底角4カ所 / 持ち手 / 内側 / ロゴ / 金具 / ファスナー / 付属品	原則見送り
v4	RULE_0177	BRD_0177	CAT_008	TRUE	SCORE_V1	https://jp.mercari.com/search?keyword=%E3%82%B3%E3%83%A1%E5%85%B5%E3%82%AA%E3%83%B3%E3%83%A9%E3%82%A4%E3%83%B3%20%E3%83%90%E3%83%83%E3%82%B0	https://jp.mercari.com/search?keyword=%E3%82%B3%E3%83%A1%E5%85%B5%E3%82%AA%E3%83%B3%E3%83%A9%E3%82%A4%E3%83%B3%20%E9%AB%98%E7%B4%9A%E3%83%96%E3%83%A9%E3%83%B3%E3%83%89	https://jp.mercari.com/search?keyword=%E3%82%B3%E3%83%A1%E5%85%B5%E3%82%AA%E3%83%B3%E3%83%A9%E3%82%A4%E3%83%B3%20%E9%AB%98%E7%B4%9A%E3%83%96%E3%83%A9%E3%83%B3%E3%83%89	仕入れ場所	運用	コメ兵オンライン	コメ兵オンライン	バッグ	高級ブランド・バッグ・ジュエリー	通年			特になし	特になし	標準サイズは相場確認	標準	-			-			-							B					運用		低〜中	-		-					運用ルール	運用ルールとして常時確認	ブランド/状態次第	通年需要	-	特になし	送料高 / 相場確認必須	コメ兵オンライン バッグ	5	正面 / 背面 / 角4カ所 / 内側 / ブランドタグ/ロゴ / ショルダー/付属品	必ず実行	安仕入れ・美品・相場あり限定。	ブランド / 服種類 / 仕入れ値 / サイズ / 素材タグ写真 / ブランドタグ写真 / 全体写真 / 状態 / メルカリ売切相場	内側ベタつき / 粉吹き / 合皮剥がれ / 強い臭い / ファスナー不良 / ショルダー欠品※2WAY/斜め掛け前提品	高単価ブランドで補修・清掃後も粗利が十分ある場合のみ再検討	角スレ、内側ベタつき、臭い、ファスナー不良、ショルダー/付属品欠品はありますか？	コメ兵オンライン バッグ	コメ兵オンライン 高級ブランド	コメ兵オンライン 高級ブランド	正面 / 背面 / 底角4カ所 / 持ち手 / 内側 / ロゴ / 金具 / ファスナー / 付属品	原則見送り
v4	RULE_0178	BRD_0178	CAT_008	TRUE	SCORE_V1	https://jp.mercari.com/search?keyword=%E3%83%AA%E3%82%AF%E3%83%AD%20%E4%BB%95%E5%85%A5%E3%82%8C%E5%A0%B4%E6%89%80	https://jp.mercari.com/search?keyword=RECLO%20%E9%AB%98%E7%B4%9A%E3%83%96%E3%83%A9%E3%83%B3%E3%83%89%E7%9B%B8%E5%A0%B4%E7%A2%BA%E8%AA%8D	https://jp.mercari.com/search?keyword=%E3%83%AA%E3%82%AF%E3%83%AD%20%E9%AB%98%E7%B4%9A%E3%83%96%E3%83%A9%E3%83%B3%E3%83%89%E7%9B%B8%E5%A0%B4%E7%A2%BA%E8%AA%8D	仕入れ場所	運用	RECLO	リクロ	仕入れ場所	高級ブランド相場確認	通年			特になし	特になし	標準サイズは相場確認	標準	-			-			-							B					運用		低〜中	-		-					運用ルール	運用ルールとして常時確認	ブランド/状態次第	相場次第	-	特になし	相場確認必須	リクロ	5	-	必ず実行	安仕入れ・美品・相場あり限定。	ブランド / 服種類 / 仕入れ値 / サイズ / 素材タグ写真 / ブランドタグ写真 / 全体写真 / 状態 / メルカリ売切相場	脇汗 / 黄ばみ / 目立つシミ / 虫食い / 穴/破れ / ファスナー不良 / 強い臭い	ヴィンテージ/希少ブランドで状態込み相場が確認できる場合のみ	脇汗、黄ばみ、シミ、虫食い、穴、毛玉、素材タグ、サイズ表記は確認しましたか？	リクロ 仕入れ場所	RECLO 高級ブランド相場確認	リクロ 高級ブランド相場確認	正面 / 背面 / ブランドタグ / 素材タグ / サイズタグ / 脇 / 襟 / 袖口 / 裾 / ダメージ箇所	原則見送り
v4	RULE_0179	BRD_0179	CAT_008	TRUE	SCORE_V1	https://jp.mercari.com/search?keyword=%E3%83%A9%E3%82%B0%E3%82%BF%E3%82%B0%20%E4%BB%95%E5%85%A5%E3%82%8C%E5%A0%B4%E6%89%80	https://jp.mercari.com/search?keyword=RAGTAG%20%E3%83%87%E3%82%B6%E3%82%A4%E3%83%8A%E3%83%BC%E3%82%BA%E5%8F%A4%E7%9D%80%E7%9B%B8%E5%A0%B4%E7%A2%BA%E8%AA%8D	https://jp.mercari.com/search?keyword=%E3%83%A9%E3%82%B0%E3%82%BF%E3%82%B0%20%E3%83%87%E3%82%B6%E3%82%A4%E3%83%8A%E3%83%BC%E3%82%BA%E5%8F%A4%E7%9D%80%E7%9B%B8%E5%A0%B4%E7%A2%BA%E8%AA%8D	仕入れ場所	運用	RAGTAG	ラグタグ	仕入れ場所	デザイナーズ古着相場確認	通年			特になし	特になし	標準サイズは相場確認	標準	-			-			-							B					運用		低〜中	-		-					運用ルール	運用ルールとして常時確認	ブランド/状態次第	相場次第	-	特になし	相場確認必須	ラグタグ	5	-	必ず実行	安仕入れ・美品・相場あり限定。	ブランド / 服種類 / 仕入れ値 / サイズ / 素材タグ写真 / ブランドタグ写真 / 全体写真 / 状態 / メルカリ売切相場	脇汗 / 黄ばみ / 目立つシミ / 虫食い / 穴/破れ / ファスナー不良 / 強い臭い	ヴィンテージ/希少ブランドで状態込み相場が確認できる場合のみ	脇汗、黄ばみ、シミ、虫食い、穴、毛玉、素材タグ、サイズ表記は確認しましたか？	ラグタグ 仕入れ場所	RAGTAG デザイナーズ古着相場確認	ラグタグ デザイナーズ古着相場確認	正面 / 背面 / ブランドタグ / 素材タグ / サイズタグ / 脇 / 襟 / 袖口 / 裾 / ダメージ箇所	原則見送り
v4	RULE_0180	BRD_0180	CAT_009	TRUE	SCORE_V1	https://jp.mercari.com/search?keyword=%E5%85%A8%E5%95%86%E5%93%81%20%E9%81%8B%E7%94%A8%E3%83%AB%E3%83%BC%E3%83%AB	https://jp.mercari.com/search?keyword=%E5%85%A8%E5%95%86%E5%93%81%20%E8%B2%A9%E5%A3%B2%E4%BE%A1%E6%A0%BC%C3%970.9%E2%88%92%E4%BB%95%E5%85%A5%E3%82%8C%E9%A1%8D%E3%81%A7%E5%88%A9%E7%9B%8A%E8%A8%88%E7%AE%97	https://jp.mercari.com/search?keyword=%E5%85%A8%E5%95%86%E5%93%81%20%E8%B2%A9%E5%A3%B2%E4%BE%A1%E6%A0%BC%C3%970.9%E2%88%92%E4%BB%95%E5%85%A5%E3%82%8C%E9%A1%8D%E3%81%A7%E5%88%A9%E7%9B%8A%E8%A8%88%E7%AE%97	仕入れ判断	運用	全商品	全商品	運用ルール	販売価格×0.9−仕入れ額で利益計算	通年			特になし	特になし	標準サイズは相場確認	標準	-			-			-							S					運用		高	-		-					運用ルール	運用ルールとして常時確認	ブランド/状態次第	相場次第	-	特になし	相場確認必須	全商品	3	-	必ず実行	優先確認。利益が出れば仕入れ候補。	ブランド / 服種類 / 仕入れ値 / サイズ / 素材タグ写真 / ブランドタグ写真 / 全体写真 / 状態 / メルカリ売切相場	脇汗 / 黄ばみ / 目立つシミ / 虫食い / 穴/破れ / ファスナー不良 / 強い臭い	ヴィンテージ/希少ブランドで状態込み相場が確認できる場合のみ	脇汗、黄ばみ、シミ、虫食い、穴、毛玉、素材タグ、サイズ表記は確認しましたか？	全商品 運用ルール	全商品 販売価格×0.9−仕入れ額で利益計算	全商品 販売価格×0.9−仕入れ額で利益計算	正面 / 背面 / ブランドタグ / 素材タグ / サイズタグ / 脇 / 襟 / 袖口 / 裾 / ダメージ箇所	原則見送り
v4	RULE_0181	BRD_0180	CAT_009	TRUE	SCORE_V1	https://jp.mercari.com/search?keyword=%E5%85%A8%E5%95%86%E5%93%81%20%E9%81%8B%E7%94%A8%E3%83%AB%E3%83%BC%E3%83%AB	https://jp.mercari.com/search?keyword=%E5%85%A8%E5%95%86%E5%93%81%20%E9%80%81%E6%96%99%E3%82%92%E5%BF%85%E3%81%9A%E5%BC%95%E3%81%8F	https://jp.mercari.com/search?keyword=%E5%85%A8%E5%95%86%E5%93%81%20%E9%80%81%E6%96%99%E3%82%92%E5%BF%85%E3%81%9A%E5%BC%95%E3%81%8F	仕入れ判断	運用	全商品	全商品	運用ルール	送料を必ず引く	通年			特になし	特になし	標準サイズは相場確認	標準	-			-			-							S					運用		高	-		-					運用ルール	運用ルールとして常時確認	ブランド/状態次第	通年需要	-	特になし	送料高 / 相場確認必須	全商品	3	-	必ず実行	優先確認。利益が出れば仕入れ候補。	ブランド / 服種類 / 仕入れ値 / サイズ / 素材タグ写真 / ブランドタグ写真 / 全体写真 / 状態 / メルカリ売切相場	脇汗 / 黄ばみ / 目立つシミ / 虫食い / 穴/破れ / ファスナー不良 / 強い臭い	ヴィンテージ/希少ブランドで状態込み相場が確認できる場合のみ	脇汗、黄ばみ、シミ、虫食い、穴、毛玉、素材タグ、サイズ表記は確認しましたか？	全商品 運用ルール	全商品 送料を必ず引く	全商品 送料を必ず引く	正面 / 背面 / ブランドタグ / 素材タグ / サイズタグ / 脇 / 襟 / 袖口 / 裾 / ダメージ箇所	原則見送り
v4	RULE_0182	BRD_0180	CAT_009	TRUE	SCORE_V1	https://jp.mercari.com/search?keyword=%E5%85%A8%E5%95%86%E5%93%81%20%E9%81%8B%E7%94%A8%E3%83%AB%E3%83%BC%E3%83%AB	https://jp.mercari.com/search?keyword=%E5%85%A8%E5%95%86%E5%93%81%20%E5%A3%B2%E3%82%8A%E5%88%87%E3%82%8C%E5%B1%A5%E6%AD%B43%E4%BB%B6%E4%BB%A5%E4%B8%8A%E3%82%92%E8%A6%8B%E3%82%8B	https://jp.mercari.com/search?keyword=%E5%85%A8%E5%95%86%E5%93%81%20%E5%A3%B2%E3%82%8A%E5%88%87%E3%82%8C%E5%B1%A5%E6%AD%B43%E4%BB%B6%E4%BB%A5%E4%B8%8A%E3%82%92%E8%A6%8B%E3%82%8B	仕入れ判断	運用	全商品	全商品	運用ルール	売り切れ履歴3件以上を見る	通年			特になし	特になし	標準サイズは相場確認	標準	-			-			-							S					運用		高	-		-					運用ルール	運用ルールとして常時確認	ブランド/状態次第	相場次第	-	特になし	相場確認必須	全商品	3	-	必ず実行	優先確認。利益が出れば仕入れ候補。	ブランド / 服種類 / 仕入れ値 / サイズ / 素材タグ写真 / ブランドタグ写真 / 全体写真 / 状態 / メルカリ売切相場	脇汗 / 黄ばみ / 目立つシミ / 虫食い / 穴/破れ / ファスナー不良 / 強い臭い	ヴィンテージ/希少ブランドで状態込み相場が確認できる場合のみ	脇汗、黄ばみ、シミ、虫食い、穴、毛玉、素材タグ、サイズ表記は確認しましたか？	全商品 運用ルール	全商品 売り切れ履歴3件以上を見る	全商品 売り切れ履歴3件以上を見る	正面 / 背面 / ブランドタグ / 素材タグ / サイズタグ / 脇 / 襟 / 袖口 / 裾 / ダメージ箇所	原則見送り
v4	RULE_0183	BRD_0180	CAT_009	TRUE	SCORE_V1	https://jp.mercari.com/search?keyword=%E5%85%A8%E5%95%86%E5%93%81%20%E9%81%8B%E7%94%A8%E3%83%AB%E3%83%BC%E3%83%AB	https://jp.mercari.com/search?keyword=%E5%85%A8%E5%95%86%E5%93%81%20%E5%87%BA%E5%93%81%E6%95%B0%E3%81%8C%E5%A4%9A%E3%81%99%E3%81%8E%E3%82%8B%E5%95%86%E5%93%81%E3%81%AF%E9%81%BF%E3%81%91%E3%82%8B	https://jp.mercari.com/search?keyword=%E5%85%A8%E5%95%86%E5%93%81%20%E5%87%BA%E5%93%81%E6%95%B0%E3%81%8C%E5%A4%9A%E3%81%99%E3%81%8E%E3%82%8B%E5%95%86%E5%93%81%E3%81%AF%E9%81%BF%E3%81%91%E3%82%8B	仕入れ判断	運用	全商品	全商品	運用ルール	出品数が多すぎる商品は避ける	通年			特になし	特になし	標準サイズは相場確認	標準	-			-			-							A					運用		中	-		-					運用ルール	運用ルールとして常時確認	ブランド/状態次第	相場次第	-	特になし	相場確認必須	全商品	3	-	必ず実行	条件一致時のみ仕入れ候補。	ブランド / 服種類 / 仕入れ値 / サイズ / 素材タグ写真 / ブランドタグ写真 / 全体写真 / 状態 / メルカリ売切相場	脇汗 / 黄ばみ / 目立つシミ / 虫食い / 穴/破れ / ファスナー不良 / 強い臭い	ヴィンテージ/希少ブランドで状態込み相場が確認できる場合のみ	脇汗、黄ばみ、シミ、虫食い、穴、毛玉、素材タグ、サイズ表記は確認しましたか？	全商品 運用ルール	全商品 出品数が多すぎる商品は避ける	全商品 出品数が多すぎる商品は避ける	正面 / 背面 / ブランドタグ / 素材タグ / サイズタグ / 脇 / 襟 / 袖口 / 裾 / ダメージ箇所	原則見送り
v4	RULE_0184	BRD_0180	CAT_009	TRUE	SCORE_V1	https://jp.mercari.com/search?keyword=%E5%85%A8%E5%95%86%E5%93%81%20%E9%81%8B%E7%94%A8%E3%83%AB%E3%83%BC%E3%83%AB	https://jp.mercari.com/search?keyword=%E5%85%A8%E5%95%86%E5%93%81%20%E3%81%84%E3%81%84%E3%81%AD%E6%95%B0%E3%82%88%E3%82%8A%E5%A3%B2%E3%82%8A%E5%88%87%E3%82%8C%E9%80%9F%E5%BA%A6%E3%82%92%E8%A6%8B%E3%82%8B	https://jp.mercari.com/search?keyword=%E5%85%A8%E5%95%86%E5%93%81%20%E3%81%84%E3%81%84%E3%81%AD%E6%95%B0%E3%82%88%E3%82%8A%E5%A3%B2%E3%82%8A%E5%88%87%E3%82%8C%E9%80%9F%E5%BA%A6%E3%82%92%E8%A6%8B%E3%82%8B	仕入れ判断	運用	全商品	全商品	運用ルール	いいね数より売り切れ速度を見る	通年			特になし	特になし	標準サイズは相場確認	標準	-			-			-							A					運用		中	-		-					運用ルール	運用ルールとして常時確認	ブランド/状態次第	相場次第	-	特になし	相場確認必須	全商品	3	-	必ず実行	条件一致時のみ仕入れ候補。	ブランド / 服種類 / 仕入れ値 / サイズ / 素材タグ写真 / ブランドタグ写真 / 全体写真 / 状態 / メルカリ売切相場	脇汗 / 黄ばみ / 目立つシミ / 虫食い / 穴/破れ / ファスナー不良 / 強い臭い	ヴィンテージ/希少ブランドで状態込み相場が確認できる場合のみ	脇汗、黄ばみ、シミ、虫食い、穴、毛玉、素材タグ、サイズ表記は確認しましたか？	全商品 運用ルール	全商品 いいね数より売り切れ速度を見る	全商品 いいね数より売り切れ速度を見る	正面 / 背面 / ブランドタグ / 素材タグ / サイズタグ / 脇 / 襟 / 袖口 / 裾 / ダメージ箇所	原則見送り
v4	RULE_0185	BRD_0181	CAT_009	TRUE	SCORE_V1	https://jp.mercari.com/search?keyword=%E6%9C%8D%20%E9%81%8B%E7%94%A8%E3%83%AB%E3%83%BC%E3%83%AB	https://jp.mercari.com/search?keyword=%E6%9C%8D%20%E5%9E%8B%E7%95%AA	https://jp.mercari.com/search?keyword=%E6%9C%8D%20%E5%9E%8B%E7%95%AA	仕入れ判断	運用	服	服	運用ルール	型番・品番検索する	通年			特になし	特になし	標準サイズは相場確認	標準	-			-			-							S					運用		高	-		-					運用ルール	運用ルールとして常時確認	人気品番/近年モデル	相場次第	-	特になし	相場確認必須	服	3	-	必ず実行	優先確認。利益が出れば仕入れ候補。	ブランド / 服種類 / 仕入れ値 / サイズ / 素材タグ写真 / ブランドタグ写真 / 全体写真 / 状態 / メルカリ売切相場	脇汗 / 黄ばみ / 目立つシミ / 虫食い / 穴/破れ / ファスナー不良 / 強い臭い	ヴィンテージ/希少ブランドで状態込み相場が確認できる場合のみ	脇汗、黄ばみ、シミ、虫食い、穴、毛玉、素材タグ、サイズ表記は確認しましたか？	服 運用ルール	服 型番	服 型番	正面 / 背面 / ブランドタグ / 素材タグ / サイズタグ / 脇 / 襟 / 袖口 / 裾 / ダメージ箇所	原則見送り
v4	RULE_0186	BRD_0182	CAT_009	TRUE	SCORE_V1	https://jp.mercari.com/search?keyword=%E3%83%90%E3%83%83%E3%82%B0%20%E3%83%90%E3%83%83%E3%82%B0	https://jp.mercari.com/search?keyword=%E3%83%90%E3%83%83%E3%82%B0%20%E8%A7%92%E3%82%B9%E3%83%AC	https://jp.mercari.com/search?keyword=%E3%83%90%E3%83%83%E3%82%B0%20%E8%A7%92%E3%82%B9%E3%83%AC	仕入れ判断	運用	バッグ	バッグ	バッグ	角スレ・内側・臭い・付属品確認	通年			特になし	特になし	標準サイズは相場確認	標準	-			-			-							S					運用		高	-		-					運用ルール	運用ルールとして常時確認	ブランド/状態次第	通年需要	-	角スレ / 内側劣化 / 臭い / 欠品	経年劣化 / 送料高 / 相場確認必須	バッグ バッグ	3	正面 / 背面 / 角4カ所 / 内側 / ブランドタグ/ロゴ / ショルダー/付属品	必ず実行	優先確認。利益が出れば仕入れ候補。	ブランド / 服種類 / 仕入れ値 / サイズ / 素材タグ写真 / ブランドタグ写真 / 全体写真 / 状態 / メルカリ売切相場	内側ベタつき / 粉吹き / 合皮剥がれ / 強い臭い / ファスナー不良 / ショルダー欠品※2WAY/斜め掛け前提品	高単価ブランドで補修・清掃後も粗利が十分ある場合のみ再検討	角スレ、内側ベタつき、臭い、ファスナー不良、ショルダー/付属品欠品はありますか？	バッグ バッグ	バッグ 角スレ	バッグ 角スレ	正面 / 背面 / 底角4カ所 / 持ち手 / 内側 / ロゴ / 金具 / ファスナー / 付属品	原則見送り
v4	RULE_0187	BRD_0183	CAT_009	TRUE	SCORE_V1	https://jp.mercari.com/search?keyword=%E9%9D%B4%20%E9%9D%B4	https://jp.mercari.com/search?keyword=%E9%9D%B4%20%E3%82%BD%E3%83%BC%E3%83%AB%E6%B8%9B%E3%82%8A	https://jp.mercari.com/search?keyword=%E9%9D%B4%20%E3%82%BD%E3%83%BC%E3%83%AB%E6%B8%9B%E3%82%8A	仕入れ判断	運用	靴	靴	靴	ソール減り・サイズ・臭い確認	通年			特になし	特になし	標準サイズは相場確認	標準	-			-			-							S					運用		高	-		-					運用ルール	運用ルールとして常時確認	ブランド/状態次第	相場次第	-	臭い	送料高 / 相場確認必須	靴	3	左右正面 / 側面 / ソール裏 / かかと / サイズ表記 / 傷/汚れ	必ず実行	優先確認。利益が出れば仕入れ候補。	ブランド / 服種類 / 仕入れ値 / サイズ / 素材タグ写真 / ブランドタグ写真 / 全体写真 / 状態 / メルカリ売切相場	ソール大幅減り / 加水分解 / 革割れ / 強い臭い / サイズ表記不明	Paraboot等の高単価靴で修理費込みでも粗利が残る場合のみ	ソール減り、かかと減り、革割れ、臭い、サイズ表記は確認できますか？	靴 靴	靴 ソール減り	靴 ソール減り	左右全体 / つま先 / かかと / ソール裏 / サイズ表記 / 中敷き / ダメージ箇所	原則見送り
v4	RULE_0188	BRD_0184	CAT_009	TRUE	SCORE_V1	https://jp.mercari.com/search?keyword=%E9%AB%98%E7%B4%9A%E3%83%96%E3%83%A9%E3%83%B3%E3%83%89%20%E9%81%8B%E7%94%A8%E3%83%AB%E3%83%BC%E3%83%AB	https://jp.mercari.com/search?keyword=%E9%AB%98%E7%B4%9A%E3%83%96%E3%83%A9%E3%83%B3%E3%83%89%20%E7%9C%9F%E8%B4%8B%E4%B8%8D%E6%98%8E%E3%81%AF%E7%84%A1%E7%90%86%E3%81%AB%E8%B2%B7%E3%82%8F%E3%81%AA%E3%81%84	https://jp.mercari.com/search?keyword=%E9%AB%98%E7%B4%9A%E3%83%96%E3%83%A9%E3%83%B3%E3%83%89%20%E7%9C%9F%E8%B4%8B%E4%B8%8D%E6%98%8E%E3%81%AF%E7%84%A1%E7%90%86%E3%81%AB%E8%B2%B7%E3%82%8F%E3%81%AA%E3%81%84	仕入れ判断	運用	高級ブランド	高級ブランド	運用ルール	真贋不明は無理に買わない	通年			特になし	特になし	標準サイズは相場確認	標準	-			-			-							S					運用		高	-		-					運用ルール	運用ルールとして常時確認	ブランド/状態次第	相場次第	-	真贋不明	真贋注意 / 相場確認必須	高級ブランド	3	-	必ず実行	優先確認。利益が出れば仕入れ候補。	ブランド / 服種類 / 仕入れ値 / サイズ / 素材タグ写真 / ブランドタグ写真 / 全体写真 / 状態 / メルカリ売切相場	脇汗 / 黄ばみ / 目立つシミ / 虫食い / 穴/破れ / ファスナー不良 / 強い臭い / 真贋不明 / 内タグ/シリアル/品質タグ欠損	ヴィンテージ/希少ブランドで状態込み相場が確認できる場合のみ / 鑑定済み・正規タグ確認・購入元信頼性ありの場合のみ	脇汗、黄ばみ、シミ、虫食い、穴、毛玉、素材タグ、サイズ表記は確認しましたか？	高級ブランド 運用ルール	高級ブランド 真贋不明は無理に買わない	高級ブランド 真贋不明は無理に買わない	正面 / 背面 / ブランドタグ / 素材タグ / サイズタグ / 脇 / 襟 / 袖口 / 裾 / ダメージ箇所	原則見送り
v4	RULE_0189	BRD_0185	CAT_009	TRUE	SCORE_V1	https://jp.mercari.com/search?keyword=%E5%8F%A4%E7%9D%80%20%E9%81%8B%E7%94%A8%E3%83%AB%E3%83%BC%E3%83%AB	https://jp.mercari.com/search?keyword=%E5%8F%A4%E7%9D%80%20%E6%B4%97%E6%BF%AF%E3%81%A7%E8%90%BD%E3%81%A1%E3%81%AA%E3%81%84%E6%B1%9A%E3%82%8C%E3%82%92%E9%81%BF%E3%81%91%E3%82%8B	https://jp.mercari.com/search?keyword=%E5%8F%A4%E7%9D%80%20%E6%B4%97%E6%BF%AF%E3%81%A7%E8%90%BD%E3%81%A1%E3%81%AA%E3%81%84%E6%B1%9A%E3%82%8C%E3%82%92%E9%81%BF%E3%81%91%E3%82%8B	仕入れ判断	運用	古着	古着	運用ルール	洗濯で落ちない汚れを避ける	通年			特になし	特になし	標準サイズは相場確認	標準	-			-			-							S					運用		高	-		-					運用ルール	運用ルールとして常時確認	ブランド/状態次第	相場次第	-	脇汗 / 黄ばみ	汚れリスク / 相場確認必須	古着	3	-	必ず実行	優先確認。利益が出れば仕入れ候補。	ブランド / 服種類 / 仕入れ値 / サイズ / 素材タグ写真 / ブランドタグ写真 / 全体写真 / 状態 / メルカリ売切相場	脇汗 / 黄ばみ / 目立つシミ / 虫食い / 穴/破れ / ファスナー不良 / 強い臭い	ヴィンテージ/希少ブランドで状態込み相場が確認できる場合のみ	脇汗、黄ばみ、シミ、虫食い、穴、毛玉、素材タグ、サイズ表記は確認しましたか？	古着 運用ルール	古着 洗濯で落ちない汚れを避ける	古着 洗濯で落ちない汚れを避ける	正面 / 背面 / ブランドタグ / 素材タグ / サイズタグ / 脇 / 襟 / 袖口 / 裾 / ダメージ箇所	原則見送り
v4	RULE_0190	BRD_0186	CAT_009	TRUE	SCORE_V1	https://jp.mercari.com/search?keyword=%E3%82%A2%E3%82%A6%E3%82%BF%E3%83%BC%20%E3%82%A2%E3%82%A6%E3%82%BF%E3%83%BC	https://jp.mercari.com/search?keyword=%E3%82%A2%E3%82%A6%E3%82%BF%E3%83%BC%20%E5%AD%A3%E7%AF%80%E5%89%8D%E3%81%AB%E4%BB%95%E8%BE%BC%E3%82%80	https://jp.mercari.com/search?keyword=%E3%82%A2%E3%82%A6%E3%82%BF%E3%83%BC%20%E5%AD%A3%E7%AF%80%E5%89%8D%E3%81%AB%E4%BB%95%E8%BE%BC%E3%82%80	仕入れ判断	運用	アウター	アウター	アウター	季節前に仕込む	秋冬			特になし	特になし	標準サイズは相場確認	標準	-			-			-							A					運用		中	-		-					運用ルール	運用ルールとして常時確認	ブランド/状態次第	秋冬需要	-	特になし	送料高 / 相場確認必須	アウター	3	正面 / 背面 / ブランドタグ / 素材タグ / サイズタグ / 実寸が分かる写真 / ダメージ箇所	必ず実行	条件一致時のみ仕入れ候補。	ブランド / 服種類 / 仕入れ値 / サイズ / 素材タグ写真 / ブランドタグ写真 / 全体写真 / 状態 / メルカリ売切相場	脇汗 / 黄ばみ / 目立つシミ / 虫食い / 穴/破れ / ファスナー不良 / 強い臭い	ヴィンテージ/希少ブランドで状態込み相場が確認できる場合のみ	脇汗、黄ばみ、シミ、虫食い、穴、毛玉、素材タグ、サイズ表記は確認しましたか？	アウター アウター	アウター 季節前に仕込む	アウター 季節前に仕込む	正面 / 背面 / ブランドタグ / 素材タグ / サイズタグ / 脇 / 襟 / 袖口 / 裾 / ダメージ箇所	原則見送り
v4	RULE_0191	BRD_0187	CAT_010	TRUE	SCORE_V1	https://jp.mercari.com/search?keyword=%E3%82%BF%E3%82%A4%E3%83%88%E3%83%AB%20%E5%87%BA%E5%93%81%E4%BD%9C%E6%A5%AD	https://jp.mercari.com/search?keyword=%E3%82%BF%E3%82%A4%E3%83%88%E3%83%AB%20%E3%83%96%E3%83%A9%E3%83%B3%E3%83%89%E5%90%8D%EF%BC%8B%E5%95%86%E5%93%81%E5%90%8D%EF%BC%8B%E7%89%B9%E5%BE%B4%EF%BC%8B%E3%82%B5%E3%82%A4%E3%82%BA	https://jp.mercari.com/search?keyword=%E3%82%BF%E3%82%A4%E3%83%88%E3%83%AB%20%E3%83%96%E3%83%A9%E3%83%B3%E3%83%89%E5%90%8D%EF%BC%8B%E5%95%86%E5%93%81%E5%90%8D%EF%BC%8B%E7%89%B9%E5%BE%B4%EF%BC%8B%E3%82%B5%E3%82%A4%E3%82%BA	出品テンプレ	運用	タイトル	タイトル	出品作業	ブランド名＋商品名＋特徴＋サイズ	通年			特になし	特になし	38/40は需要あり	標準	-			-			-							S					運用		高	-		-					運用ルール	運用ルールとして常時確認	ブランド/状態次第	相場次第	-	特になし	低	タイトル	3	-	出品品質を統一	優先確認。利益が出れば仕入れ候補。	ブランド / 服種類 / 仕入れ値 / サイズ / 素材タグ写真 / ブランドタグ写真 / 全体写真 / 状態 / メルカリ売切相場	脇汗 / 黄ばみ / 目立つシミ / 虫食い / 穴/破れ / ファスナー不良 / 強い臭い	ヴィンテージ/希少ブランドで状態込み相場が確認できる場合のみ	脇汗、黄ばみ、シミ、虫食い、穴、毛玉、素材タグ、サイズ表記は確認しましたか？	タイトル 出品作業	タイトル ブランド名＋商品名＋特徴＋サイズ	タイトル ブランド名＋商品名＋特徴＋サイズ	正面 / 背面 / ブランドタグ / 素材タグ / サイズタグ / 脇 / 襟 / 袖口 / 裾 / ダメージ箇所	原則見送り
v4	RULE_0192	BRD_0188	CAT_010	TRUE	SCORE_V1	https://jp.mercari.com/search?keyword=%E5%86%99%E7%9C%9F%20%E5%87%BA%E5%93%81%E4%BD%9C%E6%A5%AD	https://jp.mercari.com/search?keyword=%E5%86%99%E7%9C%9F%201%E6%9E%9A%E7%9B%AE%E3%81%AF%E6%98%8E%E3%82%8B%E3%81%8F%E5%85%A8%E4%BD%93%E5%86%99%E7%9C%9F	https://jp.mercari.com/search?keyword=%E5%86%99%E7%9C%9F%201%E6%9E%9A%E7%9B%AE%E3%81%AF%E6%98%8E%E3%82%8B%E3%81%8F%E5%85%A8%E4%BD%93%E5%86%99%E7%9C%9F	出品テンプレ	運用	写真	写真	出品作業	1枚目は明るく全体写真	通年			特になし	特になし	標準サイズは相場確認	標準	-			-			-							S					運用		高	-		-					運用ルール	運用ルールとして常時確認	ブランド/状態次第	相場次第	-	特になし	相場確認必須	写真	3	-	出品品質を統一	優先確認。利益が出れば仕入れ候補。	ブランド / 服種類 / 仕入れ値 / サイズ / 素材タグ写真 / ブランドタグ写真 / 全体写真 / 状態 / メルカリ売切相場	脇汗 / 黄ばみ / 目立つシミ / 虫食い / 穴/破れ / ファスナー不良 / 強い臭い	ヴィンテージ/希少ブランドで状態込み相場が確認できる場合のみ	脇汗、黄ばみ、シミ、虫食い、穴、毛玉、素材タグ、サイズ表記は確認しましたか？	写真 出品作業	写真 1枚目は明るく全体写真	写真 1枚目は明るく全体写真	正面 / 背面 / ブランドタグ / 素材タグ / サイズタグ / 脇 / 襟 / 袖口 / 裾 / ダメージ箇所	原則見送り
v4	RULE_0193	BRD_0188	CAT_010	TRUE	SCORE_V1	https://jp.mercari.com/search?keyword=%E5%86%99%E7%9C%9F%20%E5%87%BA%E5%93%81%E4%BD%9C%E6%A5%AD	https://jp.mercari.com/search?keyword=%E5%86%99%E7%9C%9F%20%E3%82%BF%E3%82%B0	https://jp.mercari.com/search?keyword=%E5%86%99%E7%9C%9F%20%E3%82%BF%E3%82%B0	出品テンプレ	運用	写真	写真	出品作業	タグ・素材・ダメージを撮る	通年			特になし	特になし	標準サイズは相場確認	標準	-			-			-							S					運用		高	-		-					運用ルール	運用ルールとして常時確認	ブランド/状態次第	相場次第	-	特になし	相場確認必須	写真	3	-	出品品質を統一	優先確認。利益が出れば仕入れ候補。	ブランド / 服種類 / 仕入れ値 / サイズ / 素材タグ写真 / ブランドタグ写真 / 全体写真 / 状態 / メルカリ売切相場	脇汗 / 黄ばみ / 目立つシミ / 虫食い / 穴/破れ / ファスナー不良 / 強い臭い	ヴィンテージ/希少ブランドで状態込み相場が確認できる場合のみ	脇汗、黄ばみ、シミ、虫食い、穴、毛玉、素材タグ、サイズ表記は確認しましたか？	写真 出品作業	写真 タグ	写真 タグ	正面 / 背面 / ブランドタグ / 素材タグ / サイズタグ / 脇 / 襟 / 袖口 / 裾 / ダメージ箇所	原則見送り
v4	RULE_0194	BRD_0189	CAT_010	TRUE	SCORE_V1	https://jp.mercari.com/search?keyword=%E8%AA%AC%E6%98%8E%E6%96%87%20%E5%87%BA%E5%93%81%E4%BD%9C%E6%A5%AD	https://jp.mercari.com/search?keyword=%E8%AA%AC%E6%98%8E%E6%96%87%20%E3%82%B5%E3%82%A4%E3%82%BA	https://jp.mercari.com/search?keyword=%E8%AA%AC%E6%98%8E%E6%96%87%20%E3%82%B5%E3%82%A4%E3%82%BA	出品テンプレ	運用	説明文	説明文	出品作業	サイズ・実寸・状態・購入元を書く	通年			特になし	特になし	標準サイズは相場確認	標準	-			-			-							S					運用		高	-		-					運用ルール	運用ルールとして常時確認	ブランド/状態次第	相場次第	-	特になし	相場確認必須	説明文	3	-	出品品質を統一	優先確認。利益が出れば仕入れ候補。	ブランド / 服種類 / 仕入れ値 / サイズ / 素材タグ写真 / ブランドタグ写真 / 全体写真 / 状態 / メルカリ売切相場	脇汗 / 黄ばみ / 目立つシミ / 虫食い / 穴/破れ / ファスナー不良 / 強い臭い	ヴィンテージ/希少ブランドで状態込み相場が確認できる場合のみ	脇汗、黄ばみ、シミ、虫食い、穴、毛玉、素材タグ、サイズ表記は確認しましたか？	説明文 出品作業	説明文 サイズ	説明文 サイズ	正面 / 背面 / ブランドタグ / 素材タグ / サイズタグ / 脇 / 襟 / 袖口 / 裾 / ダメージ箇所	原則見送り
v4	RULE_0195	BRD_0190	CAT_010	TRUE	SCORE_V1	https://jp.mercari.com/search?keyword=%E4%BE%A1%E6%A0%BC%20%E5%87%BA%E5%93%81%E4%BD%9C%E6%A5%AD	https://jp.mercari.com/search?keyword=%E4%BE%A1%E6%A0%BC%20%E6%9C%80%E5%88%9D%E3%81%AF%E7%9B%B8%E5%A0%B4%E3%82%88%E3%82%8A%E5%B0%91%E3%81%97%E9%AB%98%E3%82%81	https://jp.mercari.com/search?keyword=%E4%BE%A1%E6%A0%BC%20%E6%9C%80%E5%88%9D%E3%81%AF%E7%9B%B8%E5%A0%B4%E3%82%88%E3%82%8A%E5%B0%91%E3%81%97%E9%AB%98%E3%82%81	出品テンプレ	運用	価格	価格	出品作業	最初は相場より少し高め	通年			特になし	特になし	標準サイズは相場確認	標準	-			-			-							A					運用		中	-		-					運用ルール	運用ルールとして常時確認	ブランド/状態次第	相場次第	-	特になし	相場確認必須	価格	3	-	出品品質を統一	条件一致時のみ仕入れ候補。	ブランド / 服種類 / 仕入れ値 / サイズ / 素材タグ写真 / ブランドタグ写真 / 全体写真 / 状態 / メルカリ売切相場	脇汗 / 黄ばみ / 目立つシミ / 虫食い / 穴/破れ / ファスナー不良 / 強い臭い	ヴィンテージ/希少ブランドで状態込み相場が確認できる場合のみ	脇汗、黄ばみ、シミ、虫食い、穴、毛玉、素材タグ、サイズ表記は確認しましたか？	価格 出品作業	価格 最初は相場より少し高め	価格 最初は相場より少し高め	正面 / 背面 / ブランドタグ / 素材タグ / サイズタグ / 脇 / 襟 / 袖口 / 裾 / ダメージ箇所	原則見送り
v4	RULE_0196	BRD_0191	CAT_010	TRUE	SCORE_V1	https://jp.mercari.com/search?keyword=%E5%80%A4%E4%B8%8B%E3%81%92%20%E5%87%BA%E5%93%81%E4%BD%9C%E6%A5%AD	https://jp.mercari.com/search?keyword=%E5%80%A4%E4%B8%8B%E3%81%92%20%E9%96%B2%E8%A6%A7%E6%95%B0%E3%81%8C%E4%BD%8E%E3%81%84%E3%81%AA%E3%82%89%E5%86%99%E7%9C%9F	https://jp.mercari.com/search?keyword=%E5%80%A4%E4%B8%8B%E3%81%92%20%E9%96%B2%E8%A6%A7%E6%95%B0%E3%81%8C%E4%BD%8E%E3%81%84%E3%81%AA%E3%82%89%E5%86%99%E7%9C%9F	出品テンプレ	運用	値下げ	値下げ	出品作業	閲覧数が低いなら写真・タイトル修正	通年			特になし	特になし	標準サイズは相場確認	標準	-			-			-							A					運用		中	-		-					運用ルール	運用ルールとして常時確認	ブランド/状態次第	相場次第	-	特になし	相場確認必須	値下げ	3	-	出品品質を統一	条件一致時のみ仕入れ候補。	ブランド / 服種類 / 仕入れ値 / サイズ / 素材タグ写真 / ブランドタグ写真 / 全体写真 / 状態 / メルカリ売切相場	脇汗 / 黄ばみ / 目立つシミ / 虫食い / 穴/破れ / ファスナー不良 / 強い臭い	ヴィンテージ/希少ブランドで状態込み相場が確認できる場合のみ	脇汗、黄ばみ、シミ、虫食い、穴、毛玉、素材タグ、サイズ表記は確認しましたか？	値下げ 出品作業	値下げ 閲覧数が低いなら写真	値下げ 閲覧数が低いなら写真	正面 / 背面 / ブランドタグ / 素材タグ / サイズタグ / 脇 / 襟 / 袖口 / 裾 / ダメージ箇所	原則見送り
v4	RULE_0197	BRD_0192	CAT_010	TRUE	SCORE_V1	https://jp.mercari.com/search?keyword=%E5%86%8D%E5%87%BA%E5%93%81%20%E5%87%BA%E5%93%81%E4%BD%9C%E6%A5%AD	https://jp.mercari.com/search?keyword=%E5%86%8D%E5%87%BA%E5%93%81%202%E3%80%9C3%E9%80%B1%E9%96%93%E5%8B%95%E3%81%8B%E3%81%AA%E3%81%91%E3%82%8C%E3%81%B0%E5%86%8D%E5%87%BA%E5%93%81	https://jp.mercari.com/search?keyword=%E5%86%8D%E5%87%BA%E5%93%81%202%E3%80%9C3%E9%80%B1%E9%96%93%E5%8B%95%E3%81%8B%E3%81%AA%E3%81%91%E3%82%8C%E3%81%B0%E5%86%8D%E5%87%BA%E5%93%81	出品テンプレ	運用	再出品	再出品	出品作業	2〜3週間動かなければ再出品	通年			特になし	特になし	標準サイズは相場確認	標準	-			-			-							B					運用		低〜中	-		-					運用ルール	運用ルールとして常時確認	ブランド/状態次第	相場次第	-	特になし	相場確認必須	再出品	5	-	出品品質を統一	安仕入れ・美品・相場あり限定。	ブランド / 服種類 / 仕入れ値 / サイズ / 素材タグ写真 / ブランドタグ写真 / 全体写真 / 状態 / メルカリ売切相場	脇汗 / 黄ばみ / 目立つシミ / 虫食い / 穴/破れ / ファスナー不良 / 強い臭い	ヴィンテージ/希少ブランドで状態込み相場が確認できる場合のみ	脇汗、黄ばみ、シミ、虫食い、穴、毛玉、素材タグ、サイズ表記は確認しましたか？	再出品 出品作業	再出品 2〜3週間動かなければ再出品	再出品 2〜3週間動かなければ再出品	正面 / 背面 / ブランドタグ / 素材タグ / サイズタグ / 脇 / 襟 / 袖口 / 裾 / ダメージ箇所	原則見送り
v4	RULE_0198	BRD_0193	CAT_002	TRUE	SCORE_V1	https://jp.mercari.com/search?keyword=%E3%83%93%E3%83%BC%E3%83%A0%E3%82%B9%E3%83%9C%E3%83%BC%E3%82%A4%20%E3%83%96%E3%83%A9%E3%82%A6%E3%82%B9%E3%83%BB%E3%82%B7%E3%83%A3%E3%83%84	https://jp.mercari.com/search?keyword=BEAMS%20BOY%20%E3%83%AA%E3%83%8D%E3%83%B3%E7%B4%A0%E6%9D%90%E3%83%95%E3%83%AA%E3%83%AB%E3%83%96%E3%83%A9%E3%82%A6%E3%82%B9	https://jp.mercari.com/search?keyword=%E3%83%93%E3%83%BC%E3%83%A0%E3%82%B9%E3%83%9C%E3%83%BC%E3%82%A4%20%E3%83%AA%E3%83%8D%E3%83%B3%E7%B4%A0%E6%9D%90%E3%83%95%E3%83%AA%E3%83%AB%E3%83%96%E3%83%A9%E3%82%A6%E3%82%B9%20%E3%83%AA%E3%83%8D%E3%83%B3%20%E3%83%AC%E3%83%BC%E3%82%B9	レディース服	レディース	BEAMS BOY	ビームスボーイ	ブラウス・シャツ	リネン素材フリルブラウス	春夏	3〜8月	2〜6週間	リネン/麻 / 刺繍/レース/ビジュー	リネン / レース / 刺繍	標準サイズは相場確認	標準	1100〜3000	1100	3000	8000〜10000以上	8000	10000	約6100〜7900	4200	7900	210	450	ネコポス/ゆうパケットポスト	低〜中	A	70	75	80	60	普通	60	中	低	0	中	-20	50	45	慎重	要検証	リネン/麻 / 刺繍/レース/ビジュー / 春夏需要	デザイン強め	春夏需要 / ナチュラル系	脇汗 / 黄ばみ / 目立つシミ / 強い香水臭	シミ / 脇汗 / 黄ばみ	汚れリスク / 相場確認必須	ビームスボーイ ブラウス シャツ リネン レース	3	正面 / 背面 / ブランドタグ / 素材タグ / サイズタグ / 実寸が分かる写真 / ダメージ箇所	条件が合えばリサーチ	条件一致時のみ仕入れ候補。	ブランド / 服種類 / 仕入れ値 / サイズ / 素材タグ写真 / ブランドタグ写真 / 全体写真 / 状態 / メルカリ売切相場	脇汗 / 黄ばみ / 目立つシミ / 虫食い / 穴/破れ / ファスナー不良 / 強い臭い	ヴィンテージ/希少ブランドで状態込み相場が確認できる場合のみ	脇汗、黄ばみ、シミ、虫食い、穴、毛玉、素材タグ、サイズ表記は確認しましたか？	ビームスボーイ ブラウス・シャツ	BEAMS BOY リネン素材フリルブラウス	ビームスボーイ リネン素材フリルブラウス リネン レース	正面 / 背面 / ブランドタグ / 素材タグ / サイズタグ / 脇 / 襟 / 袖口 / 裾 / ダメージ箇所	条件が揃う場合のみ。迷ったら見送り
v4	RULE_0199	BRD_0031	CAT_002	TRUE	SCORE_V1	https://jp.mercari.com/search?keyword=%E3%82%A8%E3%83%A0%E3%82%BA%E3%82%B0%E3%83%AC%E3%82%A4%E3%82%B7%E3%83%BC%20%E3%83%AF%E3%83%B3%E3%83%94%E3%83%BC%E3%82%B9	https://jp.mercari.com/search?keyword=M%27S%20GRACY%2050%25%E3%82%AA%E3%83%95%E4%BB%95%E5%85%A5%E3%82%8C%E3%83%AF%E3%83%B3%E3%83%94%E3%83%BC%E3%82%B9	https://jp.mercari.com/search?keyword=%E3%82%A8%E3%83%A0%E3%82%BA%E3%82%B0%E3%83%AC%E3%82%A4%E3%82%B7%E3%83%BC%2050%25%E3%82%AA%E3%83%95%E4%BB%95%E5%85%A5%E3%82%8C%E3%83%AF%E3%83%B3%E3%83%94%E3%83%BC%E3%82%B9	レディース服	レディース	M'S GRACY	エムズグレイシー	ワンピース	50%オフ仕入れワンピース	春夏寄り	3〜8月	1〜3週間	特になし	特になし	38/40は需要あり	標準	2200〜5000	2200	5000	8500〜12000	8500	12000	約5650〜8600	2650	8600	230	750	ゆうパケットポスト〜宅急便コンパクト	中	S	85	75	50	75	早い	80	高	低	0	中	-20	75	60	条件付き買い	高	38/40は需要あり	デザイン強め	相場次第	脇汗 / 黄ばみ / 目立つシミ / 強い香水臭	シミ / 脇汗 / 黄ばみ	汚れリスク	エムズグレイシー ワンピース	3	正面 / 背面 / ブランドタグ / 素材タグ / サイズタグ / 実寸が分かる写真 / ダメージ箇所	見つけたら即リサーチ	優先確認。利益が出れば仕入れ候補。	ブランド / 服種類 / 仕入れ値 / サイズ / 素材タグ写真 / ブランドタグ写真 / 全体写真 / 状態 / メルカリ売切相場	脇汗 / 黄ばみ / 目立つシミ / 虫食い / 穴/破れ / ファスナー不良 / 強い臭い	ヴィンテージ/希少ブランドで状態込み相場が確認できる場合のみ	脇汗、黄ばみ、シミ、虫食い、穴、毛玉、素材タグ、サイズ表記は確認しましたか？	エムズグレイシー ワンピース	M'S GRACY 50%オフ仕入れワンピース	エムズグレイシー 50%オフ仕入れワンピース	正面 / 背面 / ブランドタグ / 素材タグ / サイズタグ / 脇 / 襟 / 袖口 / 裾 / ダメージ箇所	利益3000円以上または低仕入れなら購入候補
v4	RULE_0200	BRD_0079	CAT_002	TRUE	SCORE_V1	https://jp.mercari.com/search?keyword=%E3%83%95%E3%83%AC%E3%83%BC%E3%83%A0%E3%83%AF%E3%83%BC%E3%82%AF%20%E3%83%96%E3%83%A9%E3%82%A6%E3%82%B9%E3%83%BB%E3%82%B7%E3%83%A3%E3%83%84	https://jp.mercari.com/search?keyword=FRAMeWORK%20%E3%83%AF%E3%82%A4%E3%83%89%E3%82%B7%E3%83%A3%E3%83%84	https://jp.mercari.com/search?keyword=%E3%83%95%E3%83%AC%E3%83%BC%E3%83%A0%E3%83%AF%E3%83%BC%E3%82%AF%20%E3%83%AF%E3%82%A4%E3%83%89%E3%82%B7%E3%83%A3%E3%83%84	レディース服	レディース	FRAMeWORK	フレームワーク	ブラウス・シャツ	ワイドシャツ	春夏寄り	3〜8月	1〜3週間	特になし	特になし	標準サイズは相場確認	標準	1650〜4000	1650	4000	8000前後	8000	8000	約5550前後	3200	5550	210	450	ネコポス/ゆうパケットポスト	低〜中	S	85	75	50	60	早い	80	高	低	0	中	-20	60	56	慎重	要検証	美品・相場あり・利益あり	人気品番/近年モデル	相場次第	脇汗 / 黄ばみ / 目立つシミ / 強い香水臭	シミ / 脇汗 / 黄ばみ	汚れリスク / 相場確認必須	フレームワーク ブラウス シャツ	3	正面 / 背面 / ブランドタグ / 素材タグ / サイズタグ / 実寸が分かる写真 / ダメージ箇所	見つけたら即リサーチ	優先確認。利益が出れば仕入れ候補。	ブランド / 服種類 / 仕入れ値 / サイズ / 素材タグ写真 / ブランドタグ写真 / 全体写真 / 状態 / メルカリ売切相場	脇汗 / 黄ばみ / 目立つシミ / 虫食い / 穴/破れ / ファスナー不良 / 強い臭い	ヴィンテージ/希少ブランドで状態込み相場が確認できる場合のみ	脇汗、黄ばみ、シミ、虫食い、穴、毛玉、素材タグ、サイズ表記は確認しましたか？	フレームワーク ブラウス・シャツ	FRAMeWORK ワイドシャツ	フレームワーク ワイドシャツ	正面 / 背面 / ブランドタグ / 素材タグ / サイズタグ / 脇 / 襟 / 袖口 / 裾 / ダメージ箇所	条件が揃う場合のみ。迷ったら見送り
v4	RULE_0201	BRD_0194	CAT_002	TRUE	SCORE_V1	https://jp.mercari.com/search?keyword=%E3%83%A6%E3%83%8B%E3%82%AF%E3%83%AD%20%2BJ%20%E3%83%96%E3%83%A9%E3%82%A6%E3%82%B9%E3%83%BB%E3%82%B7%E3%83%A3%E3%83%84	https://jp.mercari.com/search?keyword=UNIQLO%20%2BJ%20%E3%82%B7%E3%83%AB%E3%82%AF100%25%E3%83%88%E3%83%83%E3%83%97%E3%82%B9	https://jp.mercari.com/search?keyword=%E3%83%A6%E3%83%8B%E3%82%AF%E3%83%AD%20%2BJ%20%E3%82%B7%E3%83%AB%E3%82%AF100%25%E3%83%88%E3%83%83%E3%83%97%E3%82%B9%20%E3%82%B7%E3%83%AB%E3%82%AF	レディース服	レディース	UNIQLO +J	ユニクロ +J	ブラウス・シャツ	シルク100%トップス	春夏寄り	3〜8月	2〜6週間	シルク	シルク	標準サイズは相場確認	標準	500〜1500	500	1500	4000〜5000	4000	5000	約3100〜3500	2100	4000	210	450	ネコポス/ゆうパケットポスト	低〜中	A	70	85	80	60	普通	60	中	低	0	高	-35	50	31	見送り	要検証	シルク	ブランド/状態次第	相場次第	脇汗 / 黄ばみ / 目立つシミ / 強い香水臭 / 経年劣化	シミ / 脇汗 / 黄ばみ / 内側劣化	経年劣化 / 汚れリスク / 相場確認必須	ユニクロ +J ブラウス シャツ シルク	3	正面 / 背面 / ブランドタグ / 素材タグ / サイズタグ / 実寸が分かる写真 / ダメージ箇所	条件が合えばリサーチ	条件一致時のみ仕入れ候補。	ブランド / 服種類 / 仕入れ値 / サイズ / 素材タグ写真 / ブランドタグ写真 / 全体写真 / 状態 / メルカリ売切相場	脇汗 / 黄ばみ / 目立つシミ / 虫食い / 穴/破れ / ファスナー不良 / 強い臭い	ヴィンテージ/希少ブランドで状態込み相場が確認できる場合のみ	脇汗、黄ばみ、シミ、虫食い、穴、毛玉、素材タグ、サイズ表記は確認しましたか？	ユニクロ +J ブラウス・シャツ	UNIQLO +J シルク100%トップス	ユニクロ +J シルク100%トップス シルク	正面 / 背面 / ブランドタグ / 素材タグ / サイズタグ / 脇 / 襟 / 袖口 / 裾 / ダメージ箇所	原則見送り
v4	RULE_0202	BRD_0195	CAT_002	TRUE	SCORE_V1	https://jp.mercari.com/search?keyword=%E3%82%AF%E3%83%AA%E3%83%BC%E3%83%A0%20%E3%83%96%E3%83%A9%E3%82%A6%E3%82%B9%E3%83%BB%E3%82%B7%E3%83%A3%E3%83%84	https://jp.mercari.com/search?keyword=Cream%20%E3%83%AF%E3%82%A4%E3%83%89%E3%82%B7%E3%83%A3%E3%83%84	https://jp.mercari.com/search?keyword=%E3%82%AF%E3%83%AA%E3%83%BC%E3%83%A0%20%E3%83%AF%E3%82%A4%E3%83%89%E3%82%B7%E3%83%A3%E3%83%84%20%E3%83%AA%E3%83%8D%E3%83%B3	レディース服	レディース	Cream	クリーム	ブラウス・シャツ	ワイドシャツ	春夏	3〜8月	3〜10週間	リネン/麻	リネン	標準サイズは相場確認	標準	500〜2000	500	2000	リサーチ推奨			-			210	450	ネコポス/ゆうパケットポスト	低〜中	B	55	75	80	60	遅め	60	低〜中	低	0	中	-20	35	40	慎重	要検証	リネン/麻	ブランド/状態次第	春夏需要 / ナチュラル系	脇汗 / 黄ばみ / 目立つシミ / 強い香水臭	シミ / 脇汗 / 黄ばみ	汚れリスク / 相場確認必須	クリーム ブラウス シャツ リネン	5	正面 / 背面 / ブランドタグ / 素材タグ / サイズタグ / 実寸が分かる写真 / ダメージ箇所	安値のみ確認	安仕入れ・美品・相場あり限定。 回転遅めのため価格設定を保守的に。	ブランド / 服種類 / 仕入れ値 / サイズ / 素材タグ写真 / ブランドタグ写真 / 全体写真 / 状態 / メルカリ売切相場	脇汗 / 黄ばみ / 目立つシミ / 虫食い / 穴/破れ / ファスナー不良 / 強い臭い	ヴィンテージ/希少ブランドで状態込み相場が確認できる場合のみ	脇汗、黄ばみ、シミ、虫食い、穴、毛玉、素材タグ、サイズ表記は確認しましたか？	クリーム ブラウス・シャツ	Cream ワイドシャツ	クリーム ワイドシャツ リネン	正面 / 背面 / ブランドタグ / 素材タグ / サイズタグ / 脇 / 襟 / 袖口 / 裾 / ダメージ箇所	条件が揃う場合のみ。迷ったら見送り
v4	RULE_0203	BRD_0157	CAT_002	TRUE	SCORE_V1	https://jp.mercari.com/search?keyword=%E3%83%90%E3%83%BC%E3%83%90%E3%83%AA%E3%83%BC%20%E3%83%96%E3%83%AB%E3%83%BC%E3%83%AC%E3%83%BC%E3%83%99%E3%83%AB%20%E3%83%AF%E3%83%B3%E3%83%94%E3%83%BC%E3%82%B9	https://jp.mercari.com/search?keyword=BURBERRY%20BLUE%20LABEL%20%E3%83%81%E3%82%A7%E3%83%83%E3%82%AF%E6%9F%84%E3%83%AD%E3%83%B3%E3%82%B0%E4%B8%88%E3%82%BB%E3%83%83%E3%83%88%E3%82%A2%E3%83%83%E3%83%97%E3%83%AF%E3%83%B3%E3%83%94%E3%83%BC%E3%82%B9	https://jp.mercari.com/search?keyword=%E3%83%90%E3%83%BC%E3%83%90%E3%83%AA%E3%83%BC%20%E3%83%96%E3%83%AB%E3%83%BC%E3%83%AC%E3%83%BC%E3%83%99%E3%83%AB%20%E3%83%81%E3%82%A7%E3%83%83%E3%82%AF%E6%9F%84%E3%83%AD%E3%83%B3%E3%82%B0%E4%B8%88%E3%82%BB%E3%83%83%E3%83%88%E3%82%A2%E3%83%83%E3%83%97%E3%83%AF%E3%83%B3%E3%83%94%E3%83%BC%E3%82%B9	レディース服	レディース	BURBERRY BLUE LABEL	バーバリー ブルーレーベル	ワンピース	チェック柄ロング丈セットアップワンピース	通年	通年	1〜3週間	特になし	特になし	標準サイズは相場確認	標準	4000〜7000	4000	7000	14310前後	14310	14310	約7880前後	5879	8879	230	750	ゆうパケットポスト〜宅急便コンパクト	中	S	85	75	50	60	早い	80	高	高	-40	中	-20	60	16	見送り	要検証	チェック柄	ロング丈	相場次第	脇汗 / 黄ばみ / 目立つシミ / 強い香水臭 / 真贋不明	シミ / 脇汗 / 黄ばみ / 真贋不明	真贋注意 / 汚れリスク / 相場確認必須	バーバリー ブルーレーベル ワンピース	5	正面 / 背面 / ブランドタグ / 素材タグ / サイズタグ / 実寸が分かる写真 / ダメージ箇所 / 真贋判断用タグ/刻印	見つけたら即リサーチ	優先確認。利益が出れば仕入れ候補。 真贋・タグ確認を必須にする。	ブランド / 服種類 / 仕入れ値 / サイズ / 素材タグ写真 / ブランドタグ写真 / 全体写真 / 状態 / メルカリ売切相場 / 真贋確認情報	脇汗 / テカリ強い / 股スレ / 裾破れ / 上下サイズ違い / 真贋不明 / 内タグ/シリアル/品質タグ欠損	新品タグ付き・大きいサイズ・低単価なら慎重に再確認 / 鑑定済み・正規タグ確認・購入元信頼性ありの場合のみ	脇汗、襟汚れ、袖口汚れ、パンツ股スレ、上下サイズ一致は確認しましたか？	バーバリー ブルーレーベル ワンピース	BURBERRY BLUE LABEL チェック柄ロング丈セットアップワンピース	バーバリー ブルーレーベル チェック柄ロング丈セットアップワンピース	上下全体 / ブランドタグ / 素材タグ / 脇 / 襟 / 袖口 / パンツ股 / 裾 / サイズ表記	真贋確認できるまで購入不可
v4	RULE_0204	BRD_0061	CAT_002	TRUE	SCORE_V1	https://jp.mercari.com/search?keyword=%E3%83%8D%E3%82%B9%E3%83%88%E3%83%AD%E3%83%BC%E3%83%96%20%E3%83%AF%E3%83%B3%E3%83%94%E3%83%BC%E3%82%B9	https://jp.mercari.com/search?keyword=nest%20Robe%20%E3%83%AA%E3%83%8D%E3%83%B3	https://jp.mercari.com/search?keyword=%E3%83%8D%E3%82%B9%E3%83%88%E3%83%AD%E3%83%BC%E3%83%96%20%E3%83%AA%E3%83%8D%E3%83%B3%20%E3%83%AA%E3%83%8D%E3%83%B3	レディース服	レディース	nest Robe	ネストローブ	ワンピース	リネン/コットン2WAYワンピース	春夏	3〜8月	1〜3週間	リネン/麻	リネン / コットン	標準サイズは相場確認	標準	4000〜8000	4000	8000	16500前後	16500	16500	約6850〜10850	6850	10850	230	750	ゆうパケットポスト〜宅急便コンパクト	中	S	85	75	80	60	早い	80	高	低	0	中	-20	60	60	条件付き買い	要検証	リネン/麻 / 春夏需要	ブランド/状態次第	春夏需要 / ナチュラル系	脇汗 / 黄ばみ / 目立つシミ / 強い香水臭	シミ / 脇汗 / 黄ばみ	汚れリスク / 相場確認必須	ネストローブ ワンピース リネン	3	正面 / 背面 / ブランドタグ / 素材タグ / サイズタグ / 実寸が分かる写真 / ダメージ箇所	見つけたら即リサーチ	優先確認。利益が出れば仕入れ候補。	ブランド / 服種類 / 仕入れ値 / サイズ / 素材タグ写真 / ブランドタグ写真 / 全体写真 / 状態 / メルカリ売切相場	脇汗 / 黄ばみ / 目立つシミ / 虫食い / 穴/破れ / ファスナー不良 / 強い臭い	ヴィンテージ/希少ブランドで状態込み相場が確認できる場合のみ	脇汗、黄ばみ、シミ、虫食い、穴、毛玉、素材タグ、サイズ表記は確認しましたか？	ネストローブ ワンピース	nest Robe リネン	ネストローブ リネン リネン	正面 / 背面 / ブランドタグ / 素材タグ / サイズタグ / 脇 / 襟 / 袖口 / 裾 / ダメージ箇所	利益3000円以上または低仕入れなら購入候補
v4	RULE_0205	BRD_0196	CAT_002	TRUE	SCORE_V1	https://jp.mercari.com/search?keyword=%E3%83%A6%E3%83%8B%20%E3%83%AF%E3%83%B3%E3%83%94%E3%83%BC%E3%82%B9	https://jp.mercari.com/search?keyword=yuni%20%E3%82%B3%E3%83%83%E3%83%88%E3%83%B3%E3%83%AA%E3%83%8D%E3%83%B3	https://jp.mercari.com/search?keyword=%E3%83%A6%E3%83%8B%20%E3%82%B3%E3%83%83%E3%83%88%E3%83%B3%E3%83%AA%E3%83%8D%E3%83%B3%20%E3%83%AA%E3%83%8D%E3%83%B3	レディース服	レディース	yuni	ユニ	ワンピース	コットンリネン ビッグカラーワンピース	春夏	3〜8月	2〜6週間	リネン/麻 / リネン混/コットンリネン	リネン / コットン	標準サイズは相場確認	標準	1000〜2500	1000	2500	6400前後	6400	6400	約3260〜4760	3260	4760	230	750	ゆうパケットポスト〜宅急便コンパクト	中	A	70	75	80	60	普通	60	中	低	0	中	-20	50	45	慎重	要検証	リネン/麻 / リネン混/コットンリネン / 春夏需要	ブランド/状態次第	春夏需要 / ナチュラル系	脇汗 / 黄ばみ / 目立つシミ / 強い香水臭	シミ / 脇汗 / 黄ばみ	汚れリスク / 相場確認必須	ユニ ワンピース リネン	3	正面 / 背面 / ブランドタグ / 素材タグ / サイズタグ / 実寸が分かる写真 / ダメージ箇所	条件が合えばリサーチ	条件一致時のみ仕入れ候補。	ブランド / 服種類 / 仕入れ値 / サイズ / 素材タグ写真 / ブランドタグ写真 / 全体写真 / 状態 / メルカリ売切相場	脇汗 / 黄ばみ / 目立つシミ / 虫食い / 穴/破れ / ファスナー不良 / 強い臭い	ヴィンテージ/希少ブランドで状態込み相場が確認できる場合のみ	脇汗、黄ばみ、シミ、虫食い、穴、毛玉、素材タグ、サイズ表記は確認しましたか？	ユニ ワンピース	yuni コットンリネン	ユニ コットンリネン リネン	正面 / 背面 / ブランドタグ / 素材タグ / サイズタグ / 脇 / 襟 / 袖口 / 裾 / ダメージ箇所	条件が揃う場合のみ。迷ったら見送り
v4	RULE_0206	BRD_0197	CAT_002	TRUE	SCORE_V1	https://jp.mercari.com/search?keyword=%E3%83%9E%E3%83%BC%E3%82%AC%E3%83%AC%E3%83%83%E3%83%88%E3%83%8F%E3%82%A6%E3%82%A8%E3%83%AB%20%E3%82%B9%E3%82%AB%E3%83%BC%E3%83%88	https://jp.mercari.com/search?keyword=MARGARET%20HOWELL%20%E3%83%97%E3%83%AA%E3%83%BC%E3%83%84%E3%83%AD%E3%83%B3%E3%82%B0%E3%82%B9%E3%82%AB%E3%83%BC%E3%83%88	https://jp.mercari.com/search?keyword=%E3%83%9E%E3%83%BC%E3%82%AC%E3%83%AC%E3%83%83%E3%83%88%E3%83%8F%E3%82%A6%E3%82%A8%E3%83%AB%20%E3%83%97%E3%83%AA%E3%83%BC%E3%83%84%E3%83%AD%E3%83%B3%E3%82%B0%E3%82%B9%E3%82%AB%E3%83%BC%E3%83%88%20%E3%83%AA%E3%83%8D%E3%83%B3	レディース服	レディース	MARGARET HOWELL	マーガレットハウエル	スカート	プリーツロングスカート	春夏	3〜8月	1〜4週間	リネン/麻 / プリーツ/特殊加工	リネン / プリーツ	標準サイズは相場確認	標準	3000〜5000	3000	5000	13500前後	13500	13500	約7150〜9150	7150	9150	210	450	ネコポス/ゆうパケットポスト	低〜中	S	85	60	80	60	普通〜早い	60	高	低	0	高	-35	60	39	見送り	要検証	リネン/麻 / プリーツ/特殊加工	ロング丈	春夏需要 / ナチュラル系	脇汗 / 黄ばみ / 目立つシミ / 強い香水臭 / 経年劣化	シミ / 脇汗 / 黄ばみ / 内側劣化	経年劣化 / 汚れリスク / 相場確認必須	マーガレットハウエル リネン スカート	3	正面 / 背面 / ブランドタグ / 素材タグ / サイズタグ / 実寸が分かる写真 / ダメージ箇所	見つけたら即リサーチ	優先確認。利益が出れば仕入れ候補。	ブランド / 服種類 / 仕入れ値 / サイズ / 素材タグ写真 / ブランドタグ写真 / 全体写真 / 状態 / メルカリ売切相場	脇汗 / 黄ばみ / 目立つシミ / 虫食い / 穴/破れ / ファスナー不良 / 強い臭い	ヴィンテージ/希少ブランドで状態込み相場が確認できる場合のみ	脇汗、黄ばみ、シミ、虫食い、穴、毛玉、素材タグ、サイズ表記は確認しましたか？	マーガレットハウエル スカート	MARGARET HOWELL プリーツロングスカート	マーガレットハウエル プリーツロングスカート リネン	正面 / 背面 / ブランドタグ / 素材タグ / サイズタグ / 脇 / 襟 / 袖口 / 裾 / ダメージ箇所	原則見送り
v4	RULE_0207	BRD_0198	CAT_002	TRUE	SCORE_V1	https://jp.mercari.com/search?keyword=%E3%83%95%E3%83%AA%E3%83%BC%E3%83%80%20%E3%83%AF%E3%83%B3%E3%83%94%E3%83%BC%E3%82%B9	https://jp.mercari.com/search?keyword=Freada%20%E3%82%A4%E3%83%B3%E3%83%89%E7%B6%BF%E3%82%AB%E3%83%83%E3%83%88%E3%83%AF%E3%83%BC%E3%82%AF%E5%88%BA%E7%B9%8D%E3%83%AF%E3%83%B3%E3%83%94%E3%83%BC%E3%82%B9	https://jp.mercari.com/search?keyword=%E3%83%95%E3%83%AA%E3%83%BC%E3%83%80%20%E3%82%A4%E3%83%B3%E3%83%89%E7%B6%BF%E3%82%AB%E3%83%83%E3%83%88%E3%83%AF%E3%83%BC%E3%82%AF%E5%88%BA%E7%B9%8D%E3%83%AF%E3%83%B3%E3%83%94%E3%83%BC%E3%82%B9%20%E3%83%AC%E3%83%BC%E3%82%B9%20%E5%88%BA%E7%B9%8D	レディース服	レディース	Freada	フリーダ	ワンピース	インド綿カットワーク刺繍ワンピース	春夏	3〜8月	2〜6週間	刺繍/レース/ビジュー	コットン / レース / 刺繍	標準サイズは相場確認	標準	3000〜5500	3000	5500	11200前後	11200	11200	約4580〜7080	4580	7080	230	750	ゆうパケットポスト〜宅急便コンパクト	中	A	70	75	80	60	普通	60	中	低	0	中〜高	-10	50	55	慎重	要検証	刺繍/レース/ビジュー / デザイン性	デザイン強め	相場次第	脇汗 / 黄ばみ / 目立つシミ / 強い香水臭 / 経年劣化	シミ / 脇汗 / 黄ばみ / 内側劣化	経年劣化 / 汚れリスク / 相場確認必須	フリーダ ワンピース レース 刺繍	3	正面 / 背面 / ブランドタグ / 素材タグ / サイズタグ / 実寸が分かる写真 / ダメージ箇所	条件が合えばリサーチ	条件一致時のみ仕入れ候補。	ブランド / 服種類 / 仕入れ値 / サイズ / 素材タグ写真 / ブランドタグ写真 / 全体写真 / 状態 / メルカリ売切相場	脇汗 / 黄ばみ / 目立つシミ / 虫食い / 穴/破れ / ファスナー不良 / 強い臭い	ヴィンテージ/希少ブランドで状態込み相場が確認できる場合のみ	脇汗、黄ばみ、シミ、虫食い、穴、毛玉、素材タグ、サイズ表記は確認しましたか？	フリーダ ワンピース	Freada インド綿カットワーク刺繍ワンピース	フリーダ インド綿カットワーク刺繍ワンピース レース 刺繍	正面 / 背面 / ブランドタグ / 素材タグ / サイズタグ / 脇 / 襟 / 袖口 / 裾 / ダメージ箇所	条件が揃う場合のみ。迷ったら見送り
v4	RULE_0208	BRD_0155	CAT_002	TRUE	SCORE_V1	https://jp.mercari.com/search?keyword=%E3%82%B5%E3%83%AB%E3%83%B4%E3%82%A1%E3%83%88%E3%83%BC%E3%83%AC%20%E3%83%95%E3%82%A7%E3%83%A9%E3%82%AC%E3%83%A2%20%E3%83%AF%E3%83%B3%E3%83%94%E3%83%BC%E3%82%B9	https://jp.mercari.com/search?keyword=Salvatore%20Ferragamo%20%E3%82%B7%E3%83%AB%E3%82%AF%E3%82%B7%E3%83%A3%E3%83%84%E3%83%AF%E3%83%B3%E3%83%94%E3%83%BC%E3%82%B9	https://jp.mercari.com/search?keyword=%E3%82%B5%E3%83%AB%E3%83%B4%E3%82%A1%E3%83%88%E3%83%BC%E3%83%AC%20%E3%83%95%E3%82%A7%E3%83%A9%E3%82%AC%E3%83%A2%20%E3%82%B7%E3%83%AB%E3%82%AF%E3%82%B7%E3%83%A3%E3%83%84%E3%83%AF%E3%83%B3%E3%83%94%E3%83%BC%E3%82%B9%20%E3%82%B7%E3%83%AB%E3%82%AF	レディース服	レディース	Salvatore Ferragamo	サルヴァトーレ フェラガモ	ワンピース	シルクシャツワンピース	春夏寄り	3〜8月	2〜6週間	シルク	シルク	標準サイズは相場確認	標準	2000〜5000	2000	5000	10900前後	10900	10900	約4810〜7810	4810	7810	230	750	ゆうパケットポスト〜宅急便コンパクト	中	A	70	85	80	60	普通	60	中	高	-40	高	-35	50	0	見送り	要検証	シルク	ブランド/状態次第	相場次第	脇汗 / 黄ばみ / 目立つシミ / 強い香水臭 / 真贋不明	シミ / 脇汗 / 黄ばみ / 真贋不明	真贋注意 / 汚れリスク / 相場確認必須	サルヴァトーレ フェラガモ ワンピース シャツ シルク	3	正面 / 背面 / ブランドタグ / 素材タグ / サイズタグ / 実寸が分かる写真 / ダメージ箇所 / 真贋判断用タグ/刻印	条件が合えばリサーチ	条件一致時のみ仕入れ候補。 真贋・タグ確認を必須にする。	ブランド / 服種類 / 仕入れ値 / サイズ / 素材タグ写真 / ブランドタグ写真 / 全体写真 / 状態 / メルカリ売切相場 / 真贋確認情報	脇汗 / 黄ばみ / 目立つシミ / 虫食い / 穴/破れ / ファスナー不良 / 強い臭い / 真贋不明 / 内タグ/シリアル/品質タグ欠損	ヴィンテージ/希少ブランドで状態込み相場が確認できる場合のみ / 鑑定済み・正規タグ確認・購入元信頼性ありの場合のみ	脇汗、黄ばみ、シミ、虫食い、穴、毛玉、素材タグ、サイズ表記は確認しましたか？	サルヴァトーレ フェラガモ ワンピース	Salvatore Ferragamo シルクシャツワンピース	サルヴァトーレ フェラガモ シルクシャツワンピース シルク	正面 / 背面 / ブランドタグ / 素材タグ / サイズタグ / 脇 / 襟 / 袖口 / 裾 / ダメージ箇所	真贋確認できるまで購入不可
v4	RULE_0209	BRD_0036	CAT_002	TRUE	SCORE_V1	https://jp.mercari.com/search?keyword=%E3%82%BB%E3%83%AB%E3%83%95%E3%82%A9%E3%83%BC%E3%83%89%20%E3%83%AF%E3%83%B3%E3%83%94%E3%83%BC%E3%82%B9	https://jp.mercari.com/search?keyword=CELFORD%20%E7%B7%8F%E3%83%AC%E3%83%BC%E3%82%B9	https://jp.mercari.com/search?keyword=%E3%82%BB%E3%83%AB%E3%83%95%E3%82%A9%E3%83%BC%E3%83%89%20%E7%B7%8F%E3%83%AC%E3%83%BC%E3%82%B9%20%E3%83%AC%E3%83%BC%E3%82%B9%20%E5%88%BA%E7%B9%8D	レディース服	レディース	CELFORD	セルフォード	ワンピース	総レース オケージョンワンピース	通年	2〜4月 / 9〜11月	1〜3週間	刺繍/レース/ビジュー	レース / 刺繍	標準サイズは相場確認	標準	3000〜6000	3000	6000	15500前後	15500	15500	約7950〜10950	7950	10950	230	750	ゆうパケットポスト〜宅急便コンパクト	中	S	85	85	80	60	早い	80	高	低	0	中〜高	-10	60	71	条件付き買い	要検証	刺繍/レース/ビジュー / 式典・結婚式需要	オケージョン / デザイン強め	相場次第	脇汗 / 黄ばみ / 目立つシミ / 強い香水臭 / 経年劣化	シミ / 脇汗 / 黄ばみ / 内側劣化 / 穴/破れ	経年劣化 / 汚れリスク / 相場確認必須	セルフォード ワンピース レース 刺繍	3	正面 / 背面 / ブランドタグ / 素材タグ / サイズタグ / 実寸が分かる写真 / ダメージ箇所	見つけたら即リサーチ	優先確認。利益が出れば仕入れ候補。	ブランド / 服種類 / 仕入れ値 / サイズ / 素材タグ写真 / ブランドタグ写真 / 全体写真 / 状態 / メルカリ売切相場	脇汗 / 黄ばみ / 目立つシミ / 虫食い / 穴/破れ / ファスナー不良 / 強い臭い	ヴィンテージ/希少ブランドで状態込み相場が確認できる場合のみ	レースほつれ、ビジュー欠け、脇汗、裏地汚れ、ファスナー不良はありますか？	セルフォード ワンピース	CELFORD 総レース	セルフォード 総レース レース 刺繍	正面 / 背面 / ブランドタグ / 素材タグ / サイズタグ / 脇 / 襟 / 袖口 / 裾 / ダメージ箇所	利益3000円以上または低仕入れなら購入候補
v4	RULE_0210	BRD_0199	CAT_002	TRUE	SCORE_V1	https://jp.mercari.com/search?keyword=%E3%82%A2%E3%83%8A%E3%82%A4%20%E3%82%B9%E3%82%AB%E3%83%BC%E3%83%88	https://jp.mercari.com/search?keyword=ANAYI%20%E3%83%AD%E3%83%B3%E3%82%B0%E4%B8%88%E3%83%87%E3%83%8B%E3%83%A0%E3%82%B9%E3%82%AB%E3%83%BC%E3%83%88	https://jp.mercari.com/search?keyword=%E3%82%A2%E3%83%8A%E3%82%A4%20%E3%83%AD%E3%83%B3%E3%82%B0%E4%B8%88%E3%83%87%E3%83%8B%E3%83%A0%E3%82%B9%E3%82%AB%E3%83%BC%E3%83%88	レディース服	レディース	ANAYI	アナイ	スカート	ロング丈デニムスカート	春夏寄り	3〜8月	2〜6週間	特になし	デニム	標準サイズは相場確認	標準	3000〜6000	3000	6000	13500前後	13500	13500	約6150〜9150	6150	9150	210	450	ネコポス/ゆうパケットポスト	低〜中	A	70	60	65	60	普通	60	中	低	0	低〜中	-10	50	51	慎重	要検証	美品・相場あり・利益あり	ロング丈	大人きれいめ	脇汗 / 黄ばみ / 目立つシミ / 強い香水臭	シミ / 脇汗 / 黄ばみ	汚れリスク / 相場確認必須	アナイ スカート	3	正面 / 背面 / ブランドタグ / 素材タグ / サイズタグ / 実寸が分かる写真 / ダメージ箇所	条件が合えばリサーチ	条件一致時のみ仕入れ候補。	ブランド / 服種類 / 仕入れ値 / サイズ / 素材タグ写真 / ブランドタグ写真 / 全体写真 / 状態 / メルカリ売切相場	脇汗 / 黄ばみ / 目立つシミ / 虫食い / 穴/破れ / ファスナー不良 / 強い臭い	ヴィンテージ/希少ブランドで状態込み相場が確認できる場合のみ	脇汗、黄ばみ、シミ、虫食い、穴、毛玉、素材タグ、サイズ表記は確認しましたか？	アナイ スカート	ANAYI ロング丈デニムスカート	アナイ ロング丈デニムスカート	正面 / 背面 / ブランドタグ / 素材タグ / サイズタグ / 脇 / 襟 / 袖口 / 裾 / ダメージ箇所	条件が揃う場合のみ。迷ったら見送り
v4	RULE_0211	BRD_0200	CAT_002	TRUE	SCORE_V1	https://jp.mercari.com/search?keyword=%E3%83%84%E3%83%BC%E3%83%90%E3%82%A4%20%E3%82%A2%E3%83%8B%E3%82%A8%E3%82%B9%E3%83%99%E3%83%BC%20%E3%83%AF%E3%83%B3%E3%83%94%E3%83%BC%E3%82%B9	https://jp.mercari.com/search?keyword=2%20by%20agn%C3%A8s%20b.%20%E3%83%AD%E3%82%B4%E5%85%A5%E3%82%8A%E3%82%AB%E3%83%83%E3%83%88%E3%82%BD%E3%83%BC%E3%83%AD%E3%83%B3%E3%82%B0%E3%83%AF%E3%83%B3%E3%83%94%E3%83%BC%E3%82%B9	https://jp.mercari.com/search?keyword=%E3%83%84%E3%83%BC%E3%83%90%E3%82%A4%20%E3%82%A2%E3%83%8B%E3%82%A8%E3%82%B9%E3%83%99%E3%83%BC%20%E3%83%AD%E3%82%B4%E5%85%A5%E3%82%8A%E3%82%AB%E3%83%83%E3%83%88%E3%82%BD%E3%83%BC%E3%83%AD%E3%83%B3%E3%82%B0%E3%83%AF%E3%83%B3%E3%83%94%E3%83%BC%E3%82%B9	レディース服	レディース	2 by agnès b.	ツーバイ アニエスベー	ワンピース	ロゴ入りカットソーロングワンピース	春夏寄り	3〜8月	2〜6週間	特になし	特になし	標準サイズは相場確認	標準	500〜1500	500	1500	6660前後	6660	6660	約4494〜5494	4494	5494	230	750	ゆうパケットポスト〜宅急便コンパクト	中	A	70	75	50	60	普通	60	中	低	0	中	-20	50	42	慎重	要検証	美品・相場あり・利益あり	ロング丈	相場次第	脇汗 / 黄ばみ / 目立つシミ / 強い香水臭	シミ / 脇汗 / 黄ばみ	汚れリスク / 相場確認必須	ツーバイ アニエスベー ワンピース	3	正面 / 背面 / ブランドタグ / 素材タグ / サイズタグ / 実寸が分かる写真 / ダメージ箇所	条件が合えばリサーチ	条件一致時のみ仕入れ候補。	ブランド / 服種類 / 仕入れ値 / サイズ / 素材タグ写真 / ブランドタグ写真 / 全体写真 / 状態 / メルカリ売切相場	脇汗 / 黄ばみ / 目立つシミ / 虫食い / 穴/破れ / ファスナー不良 / 強い臭い	ヴィンテージ/希少ブランドで状態込み相場が確認できる場合のみ	脇汗、黄ばみ、シミ、虫食い、穴、毛玉、素材タグ、サイズ表記は確認しましたか？	ツーバイ アニエスベー ワンピース	2 by agnès b. ロゴ入りカットソーロングワンピース	ツーバイ アニエスベー ロゴ入りカットソーロングワンピース	正面 / 背面 / ブランドタグ / 素材タグ / サイズタグ / 脇 / 襟 / 袖口 / 裾 / ダメージ箇所	条件が揃う場合のみ。迷ったら見送り
v4	RULE_0212	BRD_0095	CAT_002	TRUE	SCORE_V1	https://jp.mercari.com/search?keyword=%E3%83%97%E3%83%A9%E3%83%BC%E3%82%B8%E3%83%A5%20%E3%82%B9%E3%83%BC%E3%83%84%E3%83%BB%E3%82%BB%E3%83%83%E3%83%88%E3%82%A2%E3%83%83%E3%83%97	https://jp.mercari.com/search?keyword=Plage%20%E3%83%AA%E3%83%8D%E3%83%B3%E7%B4%A0%E6%9D%90%E3%82%BB%E3%83%83%E3%83%88%E3%82%A2%E3%83%83%E3%83%97	https://jp.mercari.com/search?keyword=%E3%83%97%E3%83%A9%E3%83%BC%E3%82%B8%E3%83%A5%20%E3%83%AA%E3%83%8D%E3%83%B3%E7%B4%A0%E6%9D%90%E3%82%BB%E3%83%83%E3%83%88%E3%82%A2%E3%83%83%E3%83%97%20%E3%83%AA%E3%83%8D%E3%83%B3	レディース服	レディース	Plage	プラージュ	スーツ・セットアップ	リネン素材セットアップ	春夏	3〜8月	1〜3週間	リネン/麻	リネン	標準サイズは相場確認	標準	1500〜5000	1500	5000	12000前後	12000	12000	約5800〜9300	5800	9300	750	1200	宅急便60〜100	高	S	85	75	80	60	早い	80	高	低	0	中	-20	60	60	条件付き買い	要検証	リネン/麻 / 春夏需要	人気品番/近年モデル	春夏需要 / ナチュラル系	脇汗 / 黄ばみ / 目立つシミ / 強い香水臭	シミ / 脇汗 / 黄ばみ	汚れリスク / 相場確認必須	プラージュ リネン スーツ	3	正面 / 背面 / ブランドタグ / 素材タグ / サイズタグ / 実寸が分かる写真 / ダメージ箇所	見つけたら即リサーチ	優先確認。利益が出れば仕入れ候補。	ブランド / 服種類 / 仕入れ値 / サイズ / 素材タグ写真 / ブランドタグ写真 / 全体写真 / 状態 / メルカリ売切相場	脇汗 / テカリ強い / 股スレ / 裾破れ / 上下サイズ違い	新品タグ付き・大きいサイズ・低単価なら慎重に再確認	脇汗、襟汚れ、袖口汚れ、パンツ股スレ、上下サイズ一致は確認しましたか？	プラージュ スーツ・セットアップ	Plage リネン素材セットアップ	プラージュ リネン素材セットアップ リネン	上下全体 / ブランドタグ / 素材タグ / 脇 / 襟 / 袖口 / パンツ股 / 裾 / サイズ表記	利益3000円以上または低仕入れなら購入候補
v4	RULE_0213	BRD_0201	CAT_002	TRUE	SCORE_V1	https://jp.mercari.com/search?keyword=%E3%83%9E%E3%83%AA%E3%83%8F%20%E3%83%AF%E3%83%B3%E3%83%94%E3%83%BC%E3%82%B9	https://jp.mercari.com/search?keyword=MARIHA%20%E5%A4%8F%E3%81%AE%E3%83%AC%E3%83%87%E3%82%A3%E3%83%89%E3%83%AC%E3%82%B9%E7%B3%BB%E3%83%9E%E3%82%AD%E3%82%B7%E3%83%AF%E3%83%B3%E3%83%94%E3%83%BC%E3%82%B9	https://jp.mercari.com/search?keyword=%E3%83%9E%E3%83%AA%E3%83%8F%20%E5%A4%8F%E3%81%AE%E3%83%AC%E3%83%87%E3%82%A3%E3%83%89%E3%83%AC%E3%82%B9%E7%B3%BB%E3%83%9E%E3%82%AD%E3%82%B7%E3%83%AF%E3%83%B3%E3%83%94%E3%83%BC%E3%82%B9	レディース服	レディース	MARIHA	マリハ	ワンピース	夏のレディドレス系マキシワンピース	春夏	3〜8月	1〜3週間	特になし	特になし	標準サイズは相場確認	標準	3000〜7000	3000	7000	13800前後	13800	13800	約5420〜9420	5420	9420	230	750	ゆうパケットポスト〜宅急便コンパクト	中	S	85	75	50	60	早い	80	高	中	-20	中	-20	60	36	見送り	要検証	式典・結婚式需要 / 春夏需要	オケージョン / ロング丈	春夏需要	脇汗 / 黄ばみ / 目立つシミ / 強い香水臭	シミ / 脇汗 / 黄ばみ	真贋注意 / 汚れリスク / 相場確認必須	マリハ ワンピース ドレス	3	正面 / 背面 / ブランドタグ / 素材タグ / サイズタグ / 実寸が分かる写真 / ダメージ箇所	見つけたら即リサーチ	優先確認。利益が出れば仕入れ候補。	ブランド / 服種類 / 仕入れ値 / サイズ / 素材タグ写真 / ブランドタグ写真 / 全体写真 / 状態 / メルカリ売切相場 / 真贋確認情報	脇汗 / 黄ばみ / 目立つシミ / 虫食い / 穴/破れ / ファスナー不良 / 強い臭い / 真贋不明 / 内タグ/シリアル/品質タグ欠損	ヴィンテージ/希少ブランドで状態込み相場が確認できる場合のみ / 鑑定済み・正規タグ確認・購入元信頼性ありの場合のみ	レースほつれ、ビジュー欠け、脇汗、裏地汚れ、ファスナー不良はありますか？	マリハ ワンピース	MARIHA 夏のレディドレス系マキシワンピース	マリハ 夏のレディドレス系マキシワンピース	正面 / 背面 / ブランドタグ / 素材タグ / サイズタグ / 脇 / 襟 / 袖口 / 裾 / ダメージ箇所	原則見送り
v4	RULE_0214	BRD_0078	CAT_002	TRUE	SCORE_V1	https://jp.mercari.com/search?keyword=%E3%82%B9%E3%83%94%E3%83%83%E3%82%AF%E3%82%A2%E3%83%B3%E3%83%89%E3%82%B9%E3%83%91%E3%83%B3%20%E3%83%96%E3%83%A9%E3%82%A6%E3%82%B9%E3%83%BB%E3%82%B7%E3%83%A3%E3%83%84	https://jp.mercari.com/search?keyword=Spick%20%26%20Span%20%E3%83%AA%E3%83%8D%E3%83%B3%E3%82%AA%E3%83%BC%E3%83%90%E3%83%BC%E3%82%B5%E3%82%A4%E3%82%BA%E3%82%B7%E3%83%A3%E3%83%84	https://jp.mercari.com/search?keyword=%E3%82%B9%E3%83%94%E3%83%83%E3%82%AF%E3%82%A2%E3%83%B3%E3%83%89%E3%82%B9%E3%83%91%E3%83%B3%20%E3%83%AA%E3%83%8D%E3%83%B3%E3%82%AA%E3%83%BC%E3%83%90%E3%83%BC%E3%82%B5%E3%82%A4%E3%82%BA%E3%82%B7%E3%83%A3%E3%83%84%20%E3%83%AA%E3%83%8D%E3%83%B3	レディース服	レディース	Spick & Span	スピックアンドスパン	ブラウス・シャツ	リネンオーバーサイズシャツ	春夏	3〜8月	1〜3週間	リネン/麻	リネン	標準サイズは相場確認	標準	1500〜4000	1500	4000	10260前後	10260	10260	約5234〜7734	5234	7734	210	450	ネコポス/ゆうパケットポスト	低〜中	S	85	75	80	60	早い	80	高	低	0	中	-20	60	60	条件付き買い	要検証	リネン/麻 / 春夏需要	ブランド/状態次第	春夏需要 / ナチュラル系	脇汗 / 黄ばみ / 目立つシミ / 強い香水臭	シミ / 脇汗 / 黄ばみ	汚れリスク / 相場確認必須	スピックアンドスパン ブラウス シャツ リネン	3	正面 / 背面 / ブランドタグ / 素材タグ / サイズタグ / 実寸が分かる写真 / ダメージ箇所	見つけたら即リサーチ	優先確認。利益が出れば仕入れ候補。	ブランド / 服種類 / 仕入れ値 / サイズ / 素材タグ写真 / ブランドタグ写真 / 全体写真 / 状態 / メルカリ売切相場	脇汗 / 黄ばみ / 目立つシミ / 虫食い / 穴/破れ / ファスナー不良 / 強い臭い	ヴィンテージ/希少ブランドで状態込み相場が確認できる場合のみ	脇汗、黄ばみ、シミ、虫食い、穴、毛玉、素材タグ、サイズ表記は確認しましたか？	スピックアンドスパン ブラウス・シャツ	Spick & Span リネンオーバーサイズシャツ	スピックアンドスパン リネンオーバーサイズシャツ リネン	正面 / 背面 / ブランドタグ / 素材タグ / サイズタグ / 脇 / 襟 / 袖口 / 裾 / ダメージ箇所	利益3000円以上または低仕入れなら購入候補
v4	RULE_0215	BRD_0202	CAT_002	TRUE	SCORE_V1	https://jp.mercari.com/search?keyword=%E3%82%B8%E3%82%A7%E3%83%B3%E3%83%8C%20%E3%83%AF%E3%83%B3%E3%83%94%E3%83%BC%E3%82%B9	https://jp.mercari.com/search?keyword=JENNE%20%E7%B7%8F%E6%9F%84%E3%82%B7%E3%83%A3%E3%83%84%E3%83%AF%E3%83%B3%E3%83%94%E3%83%BC%E3%82%B9	https://jp.mercari.com/search?keyword=%E3%82%B8%E3%82%A7%E3%83%B3%E3%83%8C%20%E7%B7%8F%E6%9F%84%E3%82%B7%E3%83%A3%E3%83%84%E3%83%AF%E3%83%B3%E3%83%94%E3%83%BC%E3%82%B9	レディース服	レディース	JENNE	ジェンヌ	ワンピース	総柄シャツワンピース	春夏寄り	3〜8月	2〜6週間	特になし	特になし	標準サイズは相場確認	標準	3000〜7000	3000	7000	13500前後	13500	13500	約5150〜9150	5150	9150	230	750	ゆうパケットポスト〜宅急便コンパクト	中	A	70	75	50	60	普通	60	中	低	0	中	-20	50	42	慎重	要検証	デザイン性	デザイン強め	大人きれいめ	脇汗 / 黄ばみ / 目立つシミ / 強い香水臭	シミ / 脇汗 / 黄ばみ / 穴/破れ	汚れリスク / 相場確認必須	ジェンヌ ワンピース シャツ	3	正面 / 背面 / ブランドタグ / 素材タグ / サイズタグ / 実寸が分かる写真 / ダメージ箇所	条件が合えばリサーチ	条件一致時のみ仕入れ候補。	ブランド / 服種類 / 仕入れ値 / サイズ / 素材タグ写真 / ブランドタグ写真 / 全体写真 / 状態 / メルカリ売切相場	脇汗 / 黄ばみ / 目立つシミ / 虫食い / 穴/破れ / ファスナー不良 / 強い臭い	ヴィンテージ/希少ブランドで状態込み相場が確認できる場合のみ	脇汗、黄ばみ、シミ、虫食い、穴、毛玉、素材タグ、サイズ表記は確認しましたか？	ジェンヌ ワンピース	JENNE 総柄シャツワンピース	ジェンヌ 総柄シャツワンピース	正面 / 背面 / ブランドタグ / 素材タグ / サイズタグ / 脇 / 襟 / 袖口 / 裾 / ダメージ箇所	条件が揃う場合のみ。迷ったら見送り
v4	RULE_0216	BRD_0203	CAT_002	TRUE	SCORE_V1	https://jp.mercari.com/search?keyword=%E3%82%A8%E3%83%9D%E3%82%AB%20%E3%83%AF%E3%83%B3%E3%83%94%E3%83%BC%E3%82%B9	https://jp.mercari.com/search?keyword=EPOCA%20%E3%82%B7%E3%83%AB%E3%82%AF100%25%E3%83%AD%E3%83%B3%E3%82%B0%E3%83%AF%E3%83%B3%E3%83%94%E3%83%BC%E3%82%B9	https://jp.mercari.com/search?keyword=%E3%82%A8%E3%83%9D%E3%82%AB%20%E3%82%B7%E3%83%AB%E3%82%AF100%25%E3%83%AD%E3%83%B3%E3%82%B0%E3%83%AF%E3%83%B3%E3%83%94%E3%83%BC%E3%82%B9%20%E3%82%B7%E3%83%AB%E3%82%AF	レディース服	レディース	EPOCA	エポカ	ワンピース	シルク100%ロングワンピース	春夏寄り	3〜8月	2〜6週間	シルク	シルク	標準サイズは相場確認	標準	1500〜4000	1500	4000	8000前後	8000	8000	約3200〜5700	3200	5700	230	750	ゆうパケットポスト〜宅急便コンパクト	中	A	70	85	80	60	普通	60	中	低	0	高	-35	50	31	見送り	要検証	シルク	ロング丈	相場次第	脇汗 / 黄ばみ / 目立つシミ / 強い香水臭 / 経年劣化	シミ / 脇汗 / 黄ばみ / 内側劣化	経年劣化 / 汚れリスク / 相場確認必須	エポカ ワンピース シルク	3	正面 / 背面 / ブランドタグ / 素材タグ / サイズタグ / 実寸が分かる写真 / ダメージ箇所	条件が合えばリサーチ	条件一致時のみ仕入れ候補。	ブランド / 服種類 / 仕入れ値 / サイズ / 素材タグ写真 / ブランドタグ写真 / 全体写真 / 状態 / メルカリ売切相場	脇汗 / 黄ばみ / 目立つシミ / 虫食い / 穴/破れ / ファスナー不良 / 強い臭い	ヴィンテージ/希少ブランドで状態込み相場が確認できる場合のみ	脇汗、黄ばみ、シミ、虫食い、穴、毛玉、素材タグ、サイズ表記は確認しましたか？	エポカ ワンピース	EPOCA シルク100%ロングワンピース	エポカ シルク100%ロングワンピース シルク	正面 / 背面 / ブランドタグ / 素材タグ / サイズタグ / 脇 / 襟 / 袖口 / 裾 / ダメージ箇所	原則見送り
v4	RULE_0217	BRD_0119	CAT_002	TRUE	SCORE_V1	https://jp.mercari.com/search?keyword=%E3%83%9D%E3%83%AD%20%E3%83%A9%E3%83%AB%E3%83%95%E3%83%AD%E3%83%BC%E3%83%AC%E3%83%B3%20%E3%83%AF%E3%83%B3%E3%83%94%E3%83%BC%E3%82%B9	https://jp.mercari.com/search?keyword=Polo%20Ralph%20Lauren%20%E3%83%9D%E3%83%AD%E3%82%B7%E3%83%A3%E3%83%84%E3%83%AF%E3%83%B3%E3%83%94%E3%83%BC%E3%82%B9	https://jp.mercari.com/search?keyword=%E3%83%9D%E3%83%AD%20%E3%83%A9%E3%83%AB%E3%83%95%E3%83%AD%E3%83%BC%E3%83%AC%E3%83%B3%20%E3%83%9D%E3%83%AD%E3%82%B7%E3%83%A3%E3%83%84%E3%83%AF%E3%83%B3%E3%83%94%E3%83%BC%E3%82%B9%20%E3%83%AC%E3%83%BC%E3%82%B9%20%E5%88%BA%E7%B9%8D	レディース服	レディース	Polo Ralph Lauren	ポロ ラルフローレン	ワンピース	ポロシャツワンピース	春夏	3〜8月	2〜6週間	刺繍/レース/ビジュー	レース / 刺繍	標準サイズは相場確認	標準	1500〜4000	1500	4000	10620前後	10620	10620	約5558〜8058	5558	8058	230	750	ゆうパケットポスト〜宅急便コンパクト	中	A	70	75	80	60	普通	60	中	低	0	中〜高	-10	50	55	慎重	要検証	刺繍/レース/ビジュー	デザイン強め	相場次第	脇汗 / 黄ばみ / 目立つシミ / 強い香水臭 / 経年劣化	シミ / 脇汗 / 黄ばみ / 内側劣化	経年劣化 / 汚れリスク / 相場確認必須	ポロ ラルフローレン ワンピース シャツ レース 刺繍	3	正面 / 背面 / ブランドタグ / 素材タグ / サイズタグ / 実寸が分かる写真 / ダメージ箇所	条件が合えばリサーチ	条件一致時のみ仕入れ候補。	ブランド / 服種類 / 仕入れ値 / サイズ / 素材タグ写真 / ブランドタグ写真 / 全体写真 / 状態 / メルカリ売切相場	脇汗 / 黄ばみ / 目立つシミ / 虫食い / 穴/破れ / ファスナー不良 / 強い臭い	ヴィンテージ/希少ブランドで状態込み相場が確認できる場合のみ	脇汗、黄ばみ、シミ、虫食い、穴、毛玉、素材タグ、サイズ表記は確認しましたか？	ポロ ラルフローレン ワンピース	Polo Ralph Lauren ポロシャツワンピース	ポロ ラルフローレン ポロシャツワンピース レース 刺繍	正面 / 背面 / ブランドタグ / 素材タグ / サイズタグ / 脇 / 襟 / 袖口 / 裾 / ダメージ箇所	条件が揃う場合のみ。迷ったら見送り
v4	RULE_0218	BRD_0092	CAT_002	TRUE	SCORE_V1	https://jp.mercari.com/search?keyword=%E3%82%AB%E3%82%AA%E3%82%B9%20%E3%83%96%E3%83%A9%E3%82%A6%E3%82%B9%E3%83%BB%E3%82%B7%E3%83%A3%E3%83%84	https://jp.mercari.com/search?keyword=Chaos%20%E5%85%89%E6%B2%A2%E6%84%9F%E3%82%B7%E3%83%AB%E3%82%AF%E3%82%B7%E3%83%A3%E3%83%84	https://jp.mercari.com/search?keyword=%E3%82%AB%E3%82%AA%E3%82%B9%20%E5%85%89%E6%B2%A2%E6%84%9F%E3%82%B7%E3%83%AB%E3%82%AF%E3%82%B7%E3%83%A3%E3%83%84%20%E3%82%B7%E3%83%AB%E3%82%AF	レディース服	レディース	Chaos	カオス	ブラウス・シャツ	光沢感シルクシャツ	春夏寄り	3〜8月	2〜6週間	シルク	シルク	標準サイズは相場確認	標準	3000〜6000	3000	6000	12500前後	12500	12500	約5250〜8250	5250	8250	210	450	ネコポス/ゆうパケットポスト	低〜中	A	70	85	80	60	普通	60	中	低	0	高	-35	50	31	見送り	要検証	シルク	人気品番/近年モデル	相場次第	脇汗 / 黄ばみ / 目立つシミ / 強い香水臭 / 経年劣化	シミ / 脇汗 / 黄ばみ / 内側劣化	経年劣化 / 汚れリスク / 相場確認必須	カオス ブラウス シャツ シルク	3	正面 / 背面 / ブランドタグ / 素材タグ / サイズタグ / 実寸が分かる写真 / ダメージ箇所	条件が合えばリサーチ	条件一致時のみ仕入れ候補。	ブランド / 服種類 / 仕入れ値 / サイズ / 素材タグ写真 / ブランドタグ写真 / 全体写真 / 状態 / メルカリ売切相場	脇汗 / 黄ばみ / 目立つシミ / 虫食い / 穴/破れ / ファスナー不良 / 強い臭い	ヴィンテージ/希少ブランドで状態込み相場が確認できる場合のみ	脇汗、黄ばみ、シミ、虫食い、穴、毛玉、素材タグ、サイズ表記は確認しましたか？	カオス ブラウス・シャツ	Chaos 光沢感シルクシャツ	カオス 光沢感シルクシャツ シルク	正面 / 背面 / ブランドタグ / 素材タグ / サイズタグ / 脇 / 襟 / 袖口 / 裾 / ダメージ箇所	原則見送り
v4	RULE_0219	BRD_0069	CAT_002	TRUE	SCORE_V1	https://jp.mercari.com/search?keyword=23%E5%8C%BA%20%E3%83%AF%E3%83%B3%E3%83%94%E3%83%BC%E3%82%B9	https://jp.mercari.com/search?keyword=23%E5%8C%BA%20L%E3%82%B5%E3%82%A4%E3%82%BA	https://jp.mercari.com/search?keyword=23%E5%8C%BA%20L%E3%82%B5%E3%82%A4%E3%82%BA%20%E5%A4%A7%E3%81%8D%E3%81%84%E3%82%B5%E3%82%A4%E3%82%BA	レディース服	レディース	23区	23区	ワンピース	Lサイズ フォーマルプリーツワンピース	通年	2〜4月 / 9〜11月	2〜8週間	プリーツ/特殊加工	プリーツ	大きいサイズ加点	大きいサイズ加点	2000〜5000	2000	5000	11000前後	11000	11000	約4900〜7900	4900	7900	230	750	ゆうパケットポスト〜宅急便コンパクト	中	A	70	75	65	75	普通	60	中	低	0	高	-35	65	31	見送り	中〜高	プリーツ/特殊加工 / 大きいサイズ加点 / 式典・結婚式需要	大きいサイズ / オケージョン	相場次第	脇汗 / 黄ばみ / 目立つシミ / 強い香水臭 / 経年劣化	シミ / 脇汗 / 黄ばみ / 内側劣化	経年劣化 / 汚れリスク	23区 ワンピース 大きいサイズ フォーマル	3	正面 / 背面 / ブランドタグ / 素材タグ / サイズタグ / 実寸が分かる写真 / ダメージ箇所	条件が合えばリサーチ	条件一致時のみ仕入れ候補。	ブランド / 服種類 / 仕入れ値 / サイズ / 素材タグ写真 / ブランドタグ写真 / 全体写真 / 状態 / メルカリ売切相場	脇汗 / 黄ばみ / 目立つシミ / 虫食い / 穴/破れ / ファスナー不良 / 強い臭い	ヴィンテージ/希少ブランドで状態込み相場が確認できる場合のみ	レースほつれ、ビジュー欠け、脇汗、裏地汚れ、ファスナー不良はありますか？	23区 ワンピース	23区 Lサイズ	23区 Lサイズ 大きいサイズ	正面 / 背面 / ブランドタグ / 素材タグ / サイズタグ / 脇 / 襟 / 袖口 / 裾 / ダメージ箇所	原則見送り
v4	RULE_0220	BRD_0204	CAT_002	TRUE	SCORE_V1	https://jp.mercari.com/search?keyword=%E3%82%BD%E3%82%A6%E3%83%AB%E3%83%99%E3%83%AA%E3%83%BC%20%E3%83%AF%E3%83%B3%E3%83%94%E3%83%BC%E3%82%B9	https://jp.mercari.com/search?keyword=soulberry%20%E3%83%8A%E3%83%81%E3%83%A5%E3%83%A9%E3%83%AB%E7%B3%BB%E3%83%AA%E3%83%8D%E3%83%B3%E3%83%AF%E3%83%B3%E3%83%94%E3%83%BC%E3%82%B9	https://jp.mercari.com/search?keyword=%E3%82%BD%E3%82%A6%E3%83%AB%E3%83%99%E3%83%AA%E3%83%BC%20%E3%83%8A%E3%83%81%E3%83%A5%E3%83%A9%E3%83%AB%E7%B3%BB%E3%83%AA%E3%83%8D%E3%83%B3%E3%83%AF%E3%83%B3%E3%83%94%E3%83%BC%E3%82%B9%20%E3%83%AA%E3%83%8D%E3%83%B3	レディース服	レディース	soulberry	ソウルベリー	ワンピース	ナチュラル系リネンワンピース	春夏	3〜8月	2〜6週間	リネン/麻	リネン	標準サイズは相場確認	標準	500〜1500	500	1500	6000前後	6000	6000	約3900〜4900	3900	4900	230	750	ゆうパケットポスト〜宅急便コンパクト	中	A	70	85	80	60	普通	60	中	低	0	中	-20	50	46	慎重	要検証	リネン/麻 / 春夏需要	ブランド/状態次第	春夏需要 / ナチュラル系	脇汗 / 黄ばみ / 目立つシミ / 強い香水臭	シミ / 脇汗 / 黄ばみ	汚れリスク / 相場確認必須	ソウルベリー ワンピース リネン	3	正面 / 背面 / ブランドタグ / 素材タグ / サイズタグ / 実寸が分かる写真 / ダメージ箇所	条件が合えばリサーチ	条件一致時のみ仕入れ候補。	ブランド / 服種類 / 仕入れ値 / サイズ / 素材タグ写真 / ブランドタグ写真 / 全体写真 / 状態 / メルカリ売切相場	脇汗 / 黄ばみ / 目立つシミ / 虫食い / 穴/破れ / ファスナー不良 / 強い臭い	ヴィンテージ/希少ブランドで状態込み相場が確認できる場合のみ	脇汗、黄ばみ、シミ、虫食い、穴、毛玉、素材タグ、サイズ表記は確認しましたか？	ソウルベリー ワンピース	soulberry ナチュラル系リネンワンピース	ソウルベリー ナチュラル系リネンワンピース リネン	正面 / 背面 / ブランドタグ / 素材タグ / サイズタグ / 脇 / 襟 / 袖口 / 裾 / ダメージ箇所	条件が揃う場合のみ。迷ったら見送り
v4	RULE_0221	BRD_0071	CAT_002	TRUE	SCORE_V1	https://jp.mercari.com/search?keyword=%E3%82%BB%E3%82%AA%E3%83%AA%E3%83%BC%20%E3%83%91%E3%83%B3%E3%83%84	https://jp.mercari.com/search?keyword=Theory%20%E3%82%B8%E3%83%A3%E3%83%B3%E3%83%97%E3%82%B9%E3%83%BC%E3%83%84	https://jp.mercari.com/search?keyword=%E3%82%BB%E3%82%AA%E3%83%AA%E3%83%BC%20%E3%82%B8%E3%83%A3%E3%83%B3%E3%83%97%E3%82%B9%E3%83%BC%E3%83%84	レディース服	レディース	Theory	セオリー	パンツ	ジャンプスーツ	通年	2〜4月 / 9〜11月	2〜6週間	特になし	特になし	標準サイズは相場確認	標準	2000〜5000	2000	5000	11000前後	11000	11000	約4900〜7900	4900	7900	750	1200	宅急便60〜100	高	A	70	75	50	60	普通	60	中	低	0	低〜中	0	50	62	条件付き買い	要検証	美品・相場あり・利益あり	ブランド/状態次第	相場次第	状態難・相場なし・利益不足	特になし	汚れリスク / 相場確認必須	セオリー スーツ パンツ	3	正面 / 背面 / ブランドタグ / 素材タグ / サイズタグ / 実寸が分かる写真 / ダメージ箇所	条件が合えばリサーチ	条件一致時のみ仕入れ候補。	ブランド / 服種類 / 仕入れ値 / サイズ / 素材タグ写真 / ブランドタグ写真 / 全体写真 / 状態 / メルカリ売切相場	脇汗 / テカリ強い / 股スレ / 裾破れ / 上下サイズ違い	新品タグ付き・大きいサイズ・低単価なら慎重に再確認	脇汗、襟汚れ、袖口汚れ、パンツ股スレ、上下サイズ一致は確認しましたか？	セオリー パンツ	Theory ジャンプスーツ	セオリー ジャンプスーツ	上下全体 / ブランドタグ / 素材タグ / 脇 / 襟 / 袖口 / パンツ股 / 裾 / サイズ表記	利益3000円以上または低仕入れなら購入候補
v4	RULE_0222	BRD_0205	CAT_002	TRUE	SCORE_V1	https://jp.mercari.com/search?keyword=%E3%83%89%E3%82%A5%E3%83%AD%E3%83%AF%E3%83%BC%20%E3%83%AF%E3%83%B3%E3%83%94%E3%83%BC%E3%82%B9	https://jp.mercari.com/search?keyword=Drawer%20%E3%82%B7%E3%83%AB%E3%82%AF%E3%83%AF%E3%83%B3%E3%83%94%E3%83%BC%E3%82%B9	https://jp.mercari.com/search?keyword=%E3%83%89%E3%82%A5%E3%83%AD%E3%83%AF%E3%83%BC%20%E3%82%B7%E3%83%AB%E3%82%AF%E3%83%AF%E3%83%B3%E3%83%94%E3%83%BC%E3%82%B9%20%E3%82%B7%E3%83%AB%E3%82%AF	レディース服	レディース	Drawer	ドゥロワー	ワンピース	シルクワンピース	春夏寄り	3〜8月	2〜6週間	シルク	シルク	標準サイズは相場確認	標準	7000〜12000	7000	12000	20000前後	20000	20000	約6000〜11000	6000	11000	230	750	ゆうパケットポスト〜宅急便コンパクト	中	A	70	85	80	60	普通	60	高	低	0	高	-35	50	38	見送り	要検証	シルク	人気品番/近年モデル	相場次第	脇汗 / 黄ばみ / 目立つシミ / 強い香水臭 / 経年劣化	シミ / 脇汗 / 黄ばみ / 内側劣化	経年劣化 / 汚れリスク / 相場確認必須	ドゥロワー ワンピース シルク	3	正面 / 背面 / ブランドタグ / 素材タグ / サイズタグ / 実寸が分かる写真 / ダメージ箇所	条件が合えばリサーチ	条件一致時のみ仕入れ候補。	ブランド / 服種類 / 仕入れ値 / サイズ / 素材タグ写真 / ブランドタグ写真 / 全体写真 / 状態 / メルカリ売切相場	脇汗 / 黄ばみ / 目立つシミ / 虫食い / 穴/破れ / ファスナー不良 / 強い臭い	ヴィンテージ/希少ブランドで状態込み相場が確認できる場合のみ	脇汗、黄ばみ、シミ、虫食い、穴、毛玉、素材タグ、サイズ表記は確認しましたか？	ドゥロワー ワンピース	Drawer シルクワンピース	ドゥロワー シルクワンピース シルク	正面 / 背面 / ブランドタグ / 素材タグ / サイズタグ / 脇 / 襟 / 袖口 / 裾 / ダメージ箇所	原則見送り
v4	RULE_0223	BRD_0080	CAT_002	TRUE	SCORE_V1	https://jp.mercari.com/search?keyword=%E3%82%B8%E3%83%A3%E3%83%BC%E3%83%8A%E3%83%AB%E3%82%B9%E3%82%BF%E3%83%B3%E3%83%80%E3%83%BC%E3%83%89%20%E3%83%96%E3%83%A9%E3%82%A6%E3%82%B9%E3%83%BB%E3%82%B7%E3%83%A3%E3%83%84	https://jp.mercari.com/search?keyword=JOURNAL%20STANDARD%20%E3%83%AA%E3%83%8D%E3%83%B3%E6%B7%B7%E3%82%AA%E3%83%BC%E3%83%90%E3%83%BC%E3%82%B5%E3%82%A4%E3%82%BA%E3%82%B7%E3%83%A3%E3%83%84	https://jp.mercari.com/search?keyword=%E3%82%B8%E3%83%A3%E3%83%BC%E3%83%8A%E3%83%AB%E3%82%B9%E3%82%BF%E3%83%B3%E3%83%80%E3%83%BC%E3%83%89%20%E3%83%AA%E3%83%8D%E3%83%B3%E6%B7%B7%E3%82%AA%E3%83%BC%E3%83%90%E3%83%BC%E3%82%B5%E3%82%A4%E3%82%BA%E3%82%B7%E3%83%A3%E3%83%84%20%E3%83%AA%E3%83%8D%E3%83%B3	レディース服	レディース	JOURNAL STANDARD	ジャーナルスタンダード	ブラウス・シャツ	リネン混オーバーサイズシャツ	春夏	3〜8月	2〜6週間	リネン/麻 / リネン混/コットンリネン	リネン / コットン	標準サイズは相場確認	標準	1000〜3000	1000	3000	5000〜6000	5000	6000	約2500〜4400	1500	4400	210	450	ネコポス/ゆうパケットポスト	低〜中	A	70	75	80	60	普通	60	中	低	0	中	-20	50	45	慎重	要検証	リネン/麻 / リネン混/コットンリネン / 春夏需要	ブランド/状態次第	春夏需要 / ナチュラル系	脇汗 / 黄ばみ / 目立つシミ / 強い香水臭	シミ / 脇汗 / 黄ばみ	汚れリスク / 相場確認必須	ジャーナルスタンダード ブラウス シャツ リネン	3	正面 / 背面 / ブランドタグ / 素材タグ / サイズタグ / 実寸が分かる写真 / ダメージ箇所	条件が合えばリサーチ	条件一致時のみ仕入れ候補。	ブランド / 服種類 / 仕入れ値 / サイズ / 素材タグ写真 / ブランドタグ写真 / 全体写真 / 状態 / メルカリ売切相場	脇汗 / 黄ばみ / 目立つシミ / 虫食い / 穴/破れ / ファスナー不良 / 強い臭い	ヴィンテージ/希少ブランドで状態込み相場が確認できる場合のみ	脇汗、黄ばみ、シミ、虫食い、穴、毛玉、素材タグ、サイズ表記は確認しましたか？	ジャーナルスタンダード ブラウス・シャツ	JOURNAL STANDARD リネン混オーバーサイズシャツ	ジャーナルスタンダード リネン混オーバーサイズシャツ リネン	正面 / 背面 / ブランドタグ / 素材タグ / サイズタグ / 脇 / 襟 / 袖口 / 裾 / ダメージ箇所	条件が揃う場合のみ。迷ったら見送り
v4	RULE_0224	BRD_0206	CAT_002	TRUE	SCORE_V1	https://jp.mercari.com/search?keyword=%E3%82%BF%E3%82%A4%E3%83%88%E3%83%AB%20%E3%83%AF%E3%83%B3%E3%83%94%E3%83%BC%E3%82%B9	https://jp.mercari.com/search?keyword=Title%20L%E3%82%B5%E3%82%A4%E3%82%BA	https://jp.mercari.com/search?keyword=%E3%82%BF%E3%82%A4%E3%83%88%E3%83%AB%20L%E3%82%B5%E3%82%A4%E3%82%BA%20%E5%A4%A7%E3%81%8D%E3%81%84%E3%82%B5%E3%82%A4%E3%82%BA	レディース服	レディース	Title	タイトル	ワンピース	Lサイズ ワンピース	春夏寄り	3〜8月	2〜6週間	特になし	特になし	大きいサイズ加点	大きいサイズ加点	1000〜2000	1000	2000	9000前後	9000	9000	約6100〜7100	6100	7100	230	750	ゆうパケットポスト〜宅急便コンパクト	中	A	70	75	50	75	普通	60	中	低	0	中	-20	50	43	慎重	要検証	大きいサイズ加点	大きいサイズ	相場次第	脇汗 / 黄ばみ / 目立つシミ / 強い香水臭	シミ / 脇汗 / 黄ばみ	汚れリスク / 相場確認必須	タイトル ワンピース 大きいサイズ	3	正面 / 背面 / ブランドタグ / 素材タグ / サイズタグ / 実寸が分かる写真 / ダメージ箇所	条件が合えばリサーチ	条件一致時のみ仕入れ候補。	ブランド / 服種類 / 仕入れ値 / サイズ / 素材タグ写真 / ブランドタグ写真 / 全体写真 / 状態 / メルカリ売切相場	脇汗 / 黄ばみ / 目立つシミ / 虫食い / 穴/破れ / ファスナー不良 / 強い臭い	ヴィンテージ/希少ブランドで状態込み相場が確認できる場合のみ	脇汗、黄ばみ、シミ、虫食い、穴、毛玉、素材タグ、サイズ表記は確認しましたか？	タイトル ワンピース	Title Lサイズ	タイトル Lサイズ 大きいサイズ	正面 / 背面 / ブランドタグ / 素材タグ / サイズタグ / 脇 / 襟 / 袖口 / 裾 / ダメージ箇所	条件が揃う場合のみ。迷ったら見送り
v4	RULE_0225	BRD_0207	CAT_002	TRUE	SCORE_V1	https://jp.mercari.com/search?keyword=%E3%83%8E%E3%82%A8%E3%83%A9%20%E3%83%AF%E3%83%B3%E3%83%94%E3%83%BC%E3%82%B9	https://jp.mercari.com/search?keyword=Noela%20%E8%8A%B1%E6%9F%84%E3%83%AF%E3%83%B3%E3%83%94%E3%83%BC%E3%82%B9	https://jp.mercari.com/search?keyword=%E3%83%8E%E3%82%A8%E3%83%A9%20%E8%8A%B1%E6%9F%84%E3%83%AF%E3%83%B3%E3%83%94%E3%83%BC%E3%82%B9	レディース服	レディース	Noela	ノエラ	ワンピース	花柄ワンピース	春夏寄り	3〜8月	2〜6週間	特になし	特になし	標準サイズは相場確認	標準	1000〜2500	1000	2500	5000〜6000	5000	6000	約2500〜4400	2000	4400	230	750	ゆうパケットポスト〜宅急便コンパクト	中	A	70	75	50	60	普通	60	中	低	0	中	-20	50	42	慎重	要検証	デザイン性	デザイン強め	相場次第	脇汗 / 黄ばみ / 目立つシミ / 強い香水臭	シミ / 脇汗 / 黄ばみ	汚れリスク / 相場確認必須	ノエラ ワンピース	3	正面 / 背面 / ブランドタグ / 素材タグ / サイズタグ / 実寸が分かる写真 / ダメージ箇所	条件が合えばリサーチ	条件一致時のみ仕入れ候補。	ブランド / 服種類 / 仕入れ値 / サイズ / 素材タグ写真 / ブランドタグ写真 / 全体写真 / 状態 / メルカリ売切相場	脇汗 / 黄ばみ / 目立つシミ / 虫食い / 穴/破れ / ファスナー不良 / 強い臭い	ヴィンテージ/希少ブランドで状態込み相場が確認できる場合のみ	脇汗、黄ばみ、シミ、虫食い、穴、毛玉、素材タグ、サイズ表記は確認しましたか？	ノエラ ワンピース	Noela 花柄ワンピース	ノエラ 花柄ワンピース	正面 / 背面 / ブランドタグ / 素材タグ / サイズタグ / 脇 / 襟 / 袖口 / 裾 / ダメージ箇所	条件が揃う場合のみ。迷ったら見送り
v4	RULE_0226	BRD_0121	CAT_002	TRUE	SCORE_V1	https://jp.mercari.com/search?keyword=%E3%83%9D%E3%83%BC%E3%83%AB%E3%82%B9%E3%83%9F%E3%82%B9%20%E3%83%91%E3%83%B3%E3%83%84	https://jp.mercari.com/search?keyword=Paul%20Smith%20%E8%A3%8F%E5%9C%B0%E6%B4%BE%E6%89%8B%E3%83%91%E3%83%B3%E3%83%84%E3%82%B9%E3%83%BC%E3%83%84	https://jp.mercari.com/search?keyword=%E3%83%9D%E3%83%BC%E3%83%AB%E3%82%B9%E3%83%9F%E3%82%B9%20%E8%A3%8F%E5%9C%B0%E6%B4%BE%E6%89%8B%E3%83%91%E3%83%B3%E3%83%84%E3%82%B9%E3%83%BC%E3%83%84	レディース服	レディース	Paul Smith	ポールスミス	パンツ	裏地派手パンツスーツ	通年	2〜4月 / 9〜11月	2〜6週間	特になし	特になし	標準サイズは相場確認	標準	4000〜8000	4000	8000	22000前後	22000	22000	約11800〜15800	11800	15800	750	1200	宅急便60〜100	高	A	70	75	50	60	普通	60	高	低	0	低〜中	0	50	69	条件付き買い	要検証	デザイン性	デザイン強め	相場次第	状態難・相場なし・利益不足	特になし	相場確認必須	ポールスミス スーツ パンツ	3	正面 / 背面 / ブランドタグ / 素材タグ / サイズタグ / 実寸が分かる写真 / ダメージ箇所	条件が合えばリサーチ	条件一致時のみ仕入れ候補。	ブランド / 服種類 / 仕入れ値 / サイズ / 素材タグ写真 / ブランドタグ写真 / 全体写真 / 状態 / メルカリ売切相場	脇汗 / テカリ強い / 股スレ / 裾破れ / 上下サイズ違い	新品タグ付き・大きいサイズ・低単価なら慎重に再確認	脇汗、襟汚れ、袖口汚れ、パンツ股スレ、上下サイズ一致は確認しましたか？	ポールスミス パンツ	Paul Smith 裏地派手パンツスーツ	ポールスミス 裏地派手パンツスーツ	上下全体 / ブランドタグ / 素材タグ / 脇 / 襟 / 袖口 / パンツ股 / 裾 / サイズ表記	利益3000円以上または低仕入れなら購入候補
v4	RULE_0227	BRD_0208	CAT_002	TRUE	SCORE_V1	https://jp.mercari.com/search?keyword=%E3%83%AD%E3%83%9A%E3%83%94%E3%82%AF%E3%83%8B%E3%83%83%E3%82%AF%20%E3%83%91%E3%83%B3%E3%83%84	https://jp.mercari.com/search?keyword=ROP%C3%89%20PICNIC%20%E6%96%B0%E5%93%81%E3%82%BF%E3%82%B0%E4%BB%98%E3%81%8D	https://jp.mercari.com/search?keyword=%E3%83%AD%E3%83%9A%E3%83%94%E3%82%AF%E3%83%8B%E3%83%83%E3%82%AF%20%E6%96%B0%E5%93%81%E3%82%BF%E3%82%B0%E4%BB%98%E3%81%8D%20%E6%96%B0%E5%93%81%E3%82%BF%E3%82%B0%E4%BB%98%E3%81%8D%20%E5%A4%A7%E3%81%8D%E3%81%84%E3%82%B5%E3%82%A4%E3%82%BA	レディース服	レディース	ROPÉ PICNIC	ロペピクニック	パンツ	新品タグ付き 大きいサイズパンツスーツ	通年	2〜4月 / 9〜11月	3〜10週間	特になし	特になし	大きいサイズ加点	大きいサイズ加点	500〜2000	500	2000	8000前後	8000	8000	約5200〜6700	5200	6700	750	1200	宅急便60〜100	高	B	55	75	50	75	遅め	60	低〜中	低	0	低〜中	0	35	58	慎重	中	大きいサイズ加点 / 新品タグ付き	新品タグ付き / 大きいサイズ	相場次第	状態難・相場なし・利益不足	特になし	低	ロペピクニック スーツ パンツ 大きいサイズ 新品タグ付き	5	正面 / 背面 / ブランドタグ / 素材タグ / サイズタグ / 実寸が分かる写真 / ダメージ箇所	安値のみ確認	安仕入れ・美品・相場あり限定。 回転遅めのため価格設定を保守的に。	ブランド / 服種類 / 仕入れ値 / サイズ / 素材タグ写真 / ブランドタグ写真 / 全体写真 / 状態 / メルカリ売切相場	脇汗 / テカリ強い / 股スレ / 裾破れ / 上下サイズ違い	新品タグ付き・大きいサイズ・低単価なら慎重に再確認	脇汗、襟汚れ、袖口汚れ、パンツ股スレ、上下サイズ一致は確認しましたか？	ロペピクニック パンツ	ROPÉ PICNIC 新品タグ付き	ロペピクニック 新品タグ付き 新品タグ付き 大きいサイズ	上下全体 / ブランドタグ / 素材タグ / 脇 / 襟 / 袖口 / パンツ股 / 裾 / サイズ表記	条件が揃う場合のみ。迷ったら見送り
v4	RULE_0228	BRD_0209	CAT_002	TRUE	SCORE_V1	https://jp.mercari.com/search?keyword=%E3%82%B7%E3%83%93%E3%83%A9%20%E3%83%AF%E3%83%B3%E3%83%94%E3%83%BC%E3%82%B9	https://jp.mercari.com/search?keyword=Sybilla%20%E3%82%AA%E3%82%B1%E3%83%BC%E3%82%B8%E3%83%A7%E3%83%B3%E3%83%89%E3%83%AC%E3%82%B9	https://jp.mercari.com/search?keyword=%E3%82%B7%E3%83%93%E3%83%A9%20%E3%82%AA%E3%82%B1%E3%83%BC%E3%82%B8%E3%83%A7%E3%83%B3%E3%83%89%E3%83%AC%E3%82%B9	レディース服	レディース	Sybilla	シビラ	ワンピース	オケージョンドレス	通年	2〜4月 / 9〜11月	2〜6週間	特になし	特になし	標準サイズは相場確認	標準	1000〜3000	1000	3000	10000前後	10000	10000	約6000〜8000	6000	8000	230	750	ゆうパケットポスト〜宅急便コンパクト	中	A	70	85	50	60	普通	60	中	低	0	中〜高	-10	50	53	慎重	要検証	式典・結婚式需要	オケージョン	相場次第	脇汗 / 黄ばみ / 目立つシミ / 強い香水臭 / 経年劣化	シミ / 脇汗 / 黄ばみ / 内側劣化	経年劣化 / 汚れリスク / 相場確認必須	シビラ ワンピース ドレス	3	正面 / 背面 / ブランドタグ / 素材タグ / サイズタグ / 実寸が分かる写真 / ダメージ箇所	条件が合えばリサーチ	条件一致時のみ仕入れ候補。	ブランド / 服種類 / 仕入れ値 / サイズ / 素材タグ写真 / ブランドタグ写真 / 全体写真 / 状態 / メルカリ売切相場	脇汗 / 黄ばみ / 目立つシミ / 虫食い / 穴/破れ / ファスナー不良 / 強い臭い	ヴィンテージ/希少ブランドで状態込み相場が確認できる場合のみ	レースほつれ、ビジュー欠け、脇汗、裏地汚れ、ファスナー不良はありますか？	シビラ ワンピース	Sybilla オケージョンドレス	シビラ オケージョンドレス	正面 / 背面 / ブランドタグ / 素材タグ / サイズタグ / 脇 / 襟 / 袖口 / 裾 / ダメージ箇所	条件が揃う場合のみ。迷ったら見送り
v4	RULE_0229	BRD_0210	CAT_004	TRUE	SCORE_V1	https://jp.mercari.com/search?keyword=%E3%83%8A%E3%82%A4%E3%82%AD%20%E3%82%B8%E3%83%A7%E3%83%BC%E3%83%80%E3%83%B3%20%E9%9D%B4	https://jp.mercari.com/search?keyword=NIKE%20JORDAN%20%E3%82%B9%E3%83%8B%E3%83%BC%E3%82%AB%E3%83%BC	https://jp.mercari.com/search?keyword=%E3%83%8A%E3%82%A4%E3%82%AD%20%E3%82%B8%E3%83%A7%E3%83%BC%E3%83%80%E3%83%B3%20%E3%82%B9%E3%83%8B%E3%83%BC%E3%82%AB%E3%83%BC	スポーツ・アウトドア	ユニセックス	NIKE JORDAN	ナイキ ジョーダン	靴	スニーカー	通年	通年	2〜6週間	特になし	特になし	標準サイズは相場確認	標準	2000〜5000	2000	5000	10000〜15000	10000	15000	約5000〜11500	4000	11500	750	1050	宅急便60〜80	高	A	70	75	50	60	普通	60	中	高	-40	高	-35	50	0	見送り	要検証	美品・相場あり・利益あり	ブランド/状態次第	相場次第	ソール大減り / 加水分解 / 強い臭い / 真贋不明 / 経年劣化	内側劣化 / 臭い / 真贋不明	真贋注意 / 経年劣化 / 送料高 / 相場確認必須	ナイキ ジョーダン	3	左右正面 / 側面 / ソール裏 / かかと / サイズ表記 / 傷/汚れ / 真贋判断用タグ/刻印	条件が合えばリサーチ	条件一致時のみ仕入れ候補。 真贋・タグ確認を必須にする。	ブランド / 服種類 / 仕入れ値 / サイズ / 素材タグ写真 / ブランドタグ写真 / 全体写真 / 状態 / メルカリ売切相場 / 真贋確認情報	ソール大幅減り / 加水分解 / 革割れ / 強い臭い / サイズ表記不明 / 真贋不明 / 内タグ/シリアル/品質タグ欠損	Paraboot等の高単価靴で修理費込みでも粗利が残る場合のみ / 鑑定済み・正規タグ確認・購入元信頼性ありの場合のみ	ソール減り、かかと減り、革割れ、臭い、サイズ表記は確認できますか？	ナイキ ジョーダン 靴	NIKE JORDAN スニーカー	ナイキ ジョーダン スニーカー	左右全体 / つま先 / かかと / ソール裏 / サイズ表記 / 中敷き / ダメージ箇所	真贋確認できるまで購入不可
v4	RULE_0230	BRD_0211	CAT_002	TRUE	SCORE_V1	https://jp.mercari.com/search?keyword=%E3%82%B6%E3%83%A9%20%E3%82%A6%E3%83%BC%E3%83%9E%E3%83%B3%20%E3%83%AF%E3%83%B3%E3%83%94%E3%83%BC%E3%82%B9	https://jp.mercari.com/search?keyword=ZARA%20Woman%20%E5%A4%A7%E8%8A%B1%E6%9F%84	https://jp.mercari.com/search?keyword=%E3%82%B6%E3%83%A9%20%E3%82%A6%E3%83%BC%E3%83%9E%E3%83%B3%20%E5%A4%A7%E8%8A%B1%E6%9F%84	レディース服	レディース	ZARA Woman	ザラ ウーマン	ワンピース	大花柄/チャイナボタンワンピース	春夏寄り	3〜8月	2〜6週間	特になし	特になし	標準サイズは相場確認	標準	500〜1500	500	1500	6000前後	6000	6000	約3900〜4900	3900	4900	230	750	ゆうパケットポスト〜宅急便コンパクト	中	A	70	75	50	60	普通	60	中	低	0	中	-20	50	42	慎重	要検証	デザイン性	デザイン強め	相場次第	脇汗 / 黄ばみ / 目立つシミ / 強い香水臭	シミ / 脇汗 / 黄ばみ	汚れリスク / 相場確認必須	ザラ ウーマン ワンピース	3	正面 / 背面 / ブランドタグ / 素材タグ / サイズタグ / 実寸が分かる写真 / ダメージ箇所	条件が合えばリサーチ	条件一致時のみ仕入れ候補。	ブランド / 服種類 / 仕入れ値 / サイズ / 素材タグ写真 / ブランドタグ写真 / 全体写真 / 状態 / メルカリ売切相場	脇汗 / 黄ばみ / 目立つシミ / 虫食い / 穴/破れ / ファスナー不良 / 強い臭い	ヴィンテージ/希少ブランドで状態込み相場が確認できる場合のみ	脇汗、黄ばみ、シミ、虫食い、穴、毛玉、素材タグ、サイズ表記は確認しましたか？	ザラ ウーマン ワンピース	ZARA Woman 大花柄	ザラ ウーマン 大花柄	正面 / 背面 / ブランドタグ / 素材タグ / サイズタグ / 脇 / 襟 / 袖口 / 裾 / ダメージ箇所	条件が揃う場合のみ。迷ったら見送り
v4	RULE_0231	BRD_0212	CAT_002	TRUE	SCORE_V1	https://jp.mercari.com/search?keyword=%E3%82%B0%E3%83%A9%E3%83%A0%E3%83%AA%E3%83%83%E3%83%97%E3%82%B9%20%E8%A6%81%E7%A2%BA%E8%AA%8D	https://jp.mercari.com/search?keyword=Gram%20Lips%20%E3%82%B5%E3%83%86%E3%83%B3%E9%A2%A8%E3%82%A2%E3%82%A4%E3%83%86%E3%83%A0	https://jp.mercari.com/search?keyword=%E3%82%B0%E3%83%A9%E3%83%A0%E3%83%AA%E3%83%83%E3%83%97%E3%82%B9%20%E3%82%B5%E3%83%86%E3%83%B3%E9%A2%A8%E3%82%A2%E3%82%A4%E3%83%86%E3%83%A0	レディース服	レディース	Gram Lips	グラムリップス	要確認	サテン風アイテム	通年	通年	2〜6週間	特になし	特になし	標準サイズは相場確認	標準	2000〜5000	2000	5000	9500前後	9500	9500	約3550〜6550	3550	6550	230	750	ゆうパケットポスト〜宅急便コンパクト	中	A	70	60	50	60	普通	60	中	低	0	低〜中	0	50	60	条件付き買い	要検証	美品・相場あり・利益あり	ブランド/状態次第	インフルエンサー需要	状態難・相場なし・利益不足	特になし	相場確認必須	グラムリップス	3	正面 / 背面 / タグ / 素材タグ / 状態	条件が合えばリサーチ	条件一致時のみ仕入れ候補。	ブランド / 服種類 / 仕入れ値 / サイズ / 素材タグ写真 / ブランドタグ写真 / 全体写真 / 状態 / メルカリ売切相場	脇汗 / 黄ばみ / 目立つシミ / 虫食い / 穴/破れ / ファスナー不良 / 強い臭い	ヴィンテージ/希少ブランドで状態込み相場が確認できる場合のみ	脇汗、黄ばみ、シミ、虫食い、穴、毛玉、素材タグ、サイズ表記は確認しましたか？	グラムリップス 要確認	Gram Lips サテン風アイテム	グラムリップス サテン風アイテム	正面 / 背面 / ブランドタグ / 素材タグ / サイズタグ / 脇 / 襟 / 袖口 / 裾 / ダメージ箇所	利益3000円以上または低仕入れなら購入候補
v4	RULE_0232	BRD_0213	CAT_002	TRUE	SCORE_V1	https://jp.mercari.com/search?keyword=%E3%82%A2%E3%83%AB%E3%82%A2%E3%83%90%E3%82%A4%E3%83%AB%20%E3%83%AF%E3%83%B3%E3%83%94%E3%83%BC%E3%82%B9	https://jp.mercari.com/search?keyword=allureville%20%E3%83%AD%E3%83%B3%E3%82%B0%E4%B8%88%E3%83%AF%E3%83%B3%E3%83%94%E3%83%BC%E3%82%B9	https://jp.mercari.com/search?keyword=%E3%82%A2%E3%83%AB%E3%82%A2%E3%83%90%E3%82%A4%E3%83%AB%20%E3%83%AD%E3%83%B3%E3%82%B0%E4%B8%88%E3%83%AF%E3%83%B3%E3%83%94%E3%83%BC%E3%82%B9	レディース服	レディース	allureville	アルアバイル	ワンピース	ロング丈ワンピース	春夏寄り	3〜8月	2〜6週間	特になし	特になし	標準サイズは相場確認	標準	500〜3000	500	3000	8300前後	8300	8300	約4470〜6970	4470	6970	230	750	ゆうパケットポスト〜宅急便コンパクト	中	A	70	75	50	60	普通	60	中	低	0	中	-20	50	42	慎重	要検証	美品・相場あり・利益あり	ロング丈	大人きれいめ	脇汗 / 黄ばみ / 目立つシミ / 強い香水臭	シミ / 脇汗 / 黄ばみ	汚れリスク / 相場確認必須	アルアバイル ワンピース	3	正面 / 背面 / ブランドタグ / 素材タグ / サイズタグ / 実寸が分かる写真 / ダメージ箇所	条件が合えばリサーチ	条件一致時のみ仕入れ候補。	ブランド / 服種類 / 仕入れ値 / サイズ / 素材タグ写真 / ブランドタグ写真 / 全体写真 / 状態 / メルカリ売切相場	脇汗 / 黄ばみ / 目立つシミ / 虫食い / 穴/破れ / ファスナー不良 / 強い臭い	ヴィンテージ/希少ブランドで状態込み相場が確認できる場合のみ	脇汗、黄ばみ、シミ、虫食い、穴、毛玉、素材タグ、サイズ表記は確認しましたか？	アルアバイル ワンピース	allureville ロング丈ワンピース	アルアバイル ロング丈ワンピース	正面 / 背面 / ブランドタグ / 素材タグ / サイズタグ / 脇 / 襟 / 袖口 / 裾 / ダメージ箇所	条件が揃う場合のみ。迷ったら見送り
v4	RULE_0233	BRD_0214	CAT_002	TRUE	SCORE_V1	https://jp.mercari.com/search?keyword=%E3%82%B5%E3%83%8B%E3%83%BC%E3%82%AF%E3%83%A9%E3%82%A6%E3%82%BA%20%E3%83%AF%E3%83%B3%E3%83%94%E3%83%BC%E3%82%B9	https://jp.mercari.com/search?keyword=Sunny%20clouds%20%E3%83%99%E3%83%AB%E3%83%88%E4%BB%98%E3%81%8D%E3%82%B7%E3%83%A3%E3%83%84%E3%83%AF%E3%83%B3%E3%83%94%E3%83%BC%E3%82%B9	https://jp.mercari.com/search?keyword=%E3%82%B5%E3%83%8B%E3%83%BC%E3%82%AF%E3%83%A9%E3%82%A6%E3%82%BA%20%E3%83%99%E3%83%AB%E3%83%88%E4%BB%98%E3%81%8D%E3%82%B7%E3%83%A3%E3%83%84%E3%83%AF%E3%83%B3%E3%83%94%E3%83%BC%E3%82%B9	レディース服	レディース	Sunny clouds	サニークラウズ	ワンピース	ベルト付きシャツワンピース	春夏寄り	3〜8月	3〜10週間	特になし	特になし	標準サイズは相場確認	標準	500〜1500	500	1500	5000前後	5000	5000	約3000〜4000	3000	4000	230	750	ゆうパケットポスト〜宅急便コンパクト	中	B	55	75	50	60	遅め	60	低〜中	低	0	中	-20	35	36	見送り	要検証	美品・相場あり・利益あり	ブランド/状態次第	相場次第	脇汗 / 黄ばみ / 目立つシミ / 強い香水臭	シミ / 脇汗 / 黄ばみ	汚れリスク / 相場確認必須	サニークラウズ ワンピース シャツ	5	正面 / 背面 / ブランドタグ / 素材タグ / サイズタグ / 実寸が分かる写真 / ダメージ箇所	安値のみ確認	安仕入れ・美品・相場あり限定。 回転遅めのため価格設定を保守的に。	ブランド / 服種類 / 仕入れ値 / サイズ / 素材タグ写真 / ブランドタグ写真 / 全体写真 / 状態 / メルカリ売切相場	脇汗 / 黄ばみ / 目立つシミ / 虫食い / 穴/破れ / ファスナー不良 / 強い臭い	ヴィンテージ/希少ブランドで状態込み相場が確認できる場合のみ	脇汗、黄ばみ、シミ、虫食い、穴、毛玉、素材タグ、サイズ表記は確認しましたか？	サニークラウズ ワンピース	Sunny clouds ベルト付きシャツワンピース	サニークラウズ ベルト付きシャツワンピース	正面 / 背面 / ブランドタグ / 素材タグ / サイズタグ / 脇 / 襟 / 袖口 / 裾 / ダメージ箇所	原則見送り
v4	RULE_0234	BRD_0215	CAT_002	TRUE	SCORE_V1	https://jp.mercari.com/search?keyword=%E3%83%A6%E3%83%8B%E3%82%AF%E3%83%AD%20%E6%84%9F%E5%8B%95%20%E3%82%B9%E3%83%BC%E3%83%84%E3%83%BB%E3%82%BB%E3%83%83%E3%83%88%E3%82%A2%E3%83%83%E3%83%97	https://jp.mercari.com/search?keyword=UNIQLO%20%E6%84%9F%E5%8B%95%20%E6%96%B0%E5%93%81%E3%82%BF%E3%82%B0%E4%BB%98%E3%81%8D	https://jp.mercari.com/search?keyword=%E3%83%A6%E3%83%8B%E3%82%AF%E3%83%AD%20%E6%84%9F%E5%8B%95%20%E6%96%B0%E5%93%81%E3%82%BF%E3%82%B0%E4%BB%98%E3%81%8D%20%E6%96%B0%E5%93%81%E3%82%BF%E3%82%B0%E4%BB%98%E3%81%8D%20%E5%A4%A7%E3%81%8D%E3%81%84%E3%82%B5%E3%82%A4%E3%82%BA	レディース服	レディース	UNIQLO 感動	ユニクロ 感動	スーツ・セットアップ	新品タグ付き Lサイズジャケット	通年	2〜4月 / 9〜11月	3〜10週間	特になし	特になし	大きいサイズ加点	大きいサイズ加点	500〜1500	500	1500	4900前後	4900	4900	約2910〜3910	2910	3910	750	1200	宅急便60〜100	高	B	55	75	50	75	遅め	60	低〜中	低	0	中	-20	50	40	慎重	中	大きいサイズ加点 / 新品タグ付き	新品タグ付き / 大きいサイズ	相場次第	脇汗 / 黄ばみ / 目立つシミ / 強い香水臭	シミ / 脇汗 / 黄ばみ	汚れリスク	ユニクロ 感動 スーツ ジャケット 大きいサイズ 新品タグ付き	5	正面 / 背面 / ブランドタグ / 素材タグ / サイズタグ / 実寸が分かる写真 / ダメージ箇所	安値のみ確認	安仕入れ・美品・相場あり限定。 回転遅めのため価格設定を保守的に。	ブランド / 服種類 / 仕入れ値 / サイズ / 素材タグ写真 / ブランドタグ写真 / 全体写真 / 状態 / メルカリ売切相場	脇汗 / テカリ強い / 股スレ / 裾破れ / 上下サイズ違い	新品タグ付き・大きいサイズ・低単価なら慎重に再確認	脇汗、襟汚れ、袖口汚れ、パンツ股スレ、上下サイズ一致は確認しましたか？	ユニクロ 感動 スーツ・セットアップ	UNIQLO 感動 新品タグ付き	ユニクロ 感動 新品タグ付き 新品タグ付き 大きいサイズ	上下全体 / ブランドタグ / 素材タグ / 脇 / 襟 / 袖口 / パンツ股 / 裾 / サイズ表記	条件が揃う場合のみ。迷ったら見送り
v4	RULE_0235	BRD_0211	CAT_002	TRUE	SCORE_V1	https://jp.mercari.com/search?keyword=%E3%82%B6%E3%83%A9%20%E3%82%A6%E3%83%BC%E3%83%9E%E3%83%B3%20%E3%82%B9%E3%83%BC%E3%83%84%E3%83%BB%E3%82%BB%E3%83%83%E3%83%88%E3%82%A2%E3%83%83%E3%83%97	https://jp.mercari.com/search?keyword=ZARA%20Woman%20%E6%96%B0%E5%93%81%E3%82%BF%E3%82%B0%E4%BB%98%E3%81%8D%E3%83%AD%E3%83%BC%E3%83%AB%E3%82%A2%E3%83%83%E3%83%97%E8%A2%96%E3%82%B8%E3%83%A3%E3%82%B1%E3%83%83%E3%83%88	https://jp.mercari.com/search?keyword=%E3%82%B6%E3%83%A9%20%E3%82%A6%E3%83%BC%E3%83%9E%E3%83%B3%20%E6%96%B0%E5%93%81%E3%82%BF%E3%82%B0%E4%BB%98%E3%81%8D%E3%83%AD%E3%83%BC%E3%83%AB%E3%82%A2%E3%83%83%E3%83%97%E8%A2%96%E3%82%B8%E3%83%A3%E3%82%B1%E3%83%83%E3%83%88%20%E6%96%B0%E5%93%81%E3%82%BF%E3%82%B0%E4%BB%98%E3%81%8D	レディース服	レディース	ZARA Woman	ザラ ウーマン	スーツ・セットアップ	新品タグ付きロールアップ袖ジャケット	通年	2〜4月 / 9〜11月	2〜6週間	特になし	特になし	標準サイズは相場確認	標準	500〜1500	500	1500	5400前後	5400	5400	約3360〜4360	3360	4360	750	1200	宅急便60〜100	高	A	70	75	50	60	普通	60	中	低	0	中	-20	50	42	慎重	要検証	新品タグ付き	新品タグ付き	相場次第	脇汗 / 黄ばみ / 目立つシミ / 強い香水臭	シミ / 脇汗 / 黄ばみ	汚れリスク / 相場確認必須	ザラ ウーマン スーツ ジャケット 新品タグ付き	3	正面 / 背面 / ブランドタグ / 素材タグ / サイズタグ / 実寸が分かる写真 / ダメージ箇所	条件が合えばリサーチ	条件一致時のみ仕入れ候補。	ブランド / 服種類 / 仕入れ値 / サイズ / 素材タグ写真 / ブランドタグ写真 / 全体写真 / 状態 / メルカリ売切相場	脇汗 / テカリ強い / 股スレ / 裾破れ / 上下サイズ違い	新品タグ付き・大きいサイズ・低単価なら慎重に再確認	脇汗、襟汚れ、袖口汚れ、パンツ股スレ、上下サイズ一致は確認しましたか？	ザラ ウーマン スーツ・セットアップ	ZARA Woman 新品タグ付きロールアップ袖ジャケット	ザラ ウーマン 新品タグ付きロールアップ袖ジャケット 新品タグ付き	上下全体 / ブランドタグ / 素材タグ / 脇 / 襟 / 袖口 / パンツ股 / 裾 / サイズ表記	条件が揃う場合のみ。迷ったら見送り
v4	RULE_0236	BRD_0216	CAT_002	TRUE	SCORE_V1	https://jp.mercari.com/search?keyword=%E3%82%AE%E3%83%A3%E3%83%AB%E3%83%AA%E3%83%BC%E3%83%BB%E3%83%B4%E3%82%A3%E3%83%BC%20%E3%83%96%E3%83%A9%E3%82%A6%E3%82%B9%E3%83%BB%E3%82%B7%E3%83%A3%E3%83%84	https://jp.mercari.com/search?keyword=GALERIE%20VIE%20%E3%83%95%E3%83%AA%E3%83%AB%E3%83%96%E3%83%A9%E3%82%A6%E3%82%B9	https://jp.mercari.com/search?keyword=%E3%82%AE%E3%83%A3%E3%83%AB%E3%83%AA%E3%83%BC%E3%83%BB%E3%83%B4%E3%82%A3%E3%83%BC%20%E3%83%95%E3%83%AA%E3%83%AB%E3%83%96%E3%83%A9%E3%82%A6%E3%82%B9%20%E3%83%AC%E3%83%BC%E3%82%B9%20%E5%88%BA%E7%B9%8D	レディース服	レディース	GALERIE VIE	ギャルリー・ヴィー	ブラウス・シャツ	フリルブラウス	春夏寄り	3〜8月	2〜6週間	刺繍/レース/ビジュー	レース / 刺繍	標準サイズは相場確認	標準	1000〜3000	1000	3000	9500前後	9500	9500	約5550〜7550	5550	7550	210	450	ネコポス/ゆうパケットポスト	低〜中	A	70	75	80	60	普通	60	中	低	0	中	-20	50	45	慎重	要検証	刺繍/レース/ビジュー	デザイン強め	相場次第	脇汗 / 黄ばみ / 目立つシミ / 強い香水臭	シミ / 脇汗 / 黄ばみ	汚れリスク / 相場確認必須	ギャルリー・ヴィー ブラウス シャツ レース 刺繍	3	正面 / 背面 / ブランドタグ / 素材タグ / サイズタグ / 実寸が分かる写真 / ダメージ箇所	条件が合えばリサーチ	条件一致時のみ仕入れ候補。	ブランド / 服種類 / 仕入れ値 / サイズ / 素材タグ写真 / ブランドタグ写真 / 全体写真 / 状態 / メルカリ売切相場	脇汗 / 黄ばみ / 目立つシミ / 虫食い / 穴/破れ / ファスナー不良 / 強い臭い	ヴィンテージ/希少ブランドで状態込み相場が確認できる場合のみ	脇汗、黄ばみ、シミ、虫食い、穴、毛玉、素材タグ、サイズ表記は確認しましたか？	ギャルリー・ヴィー ブラウス・シャツ	GALERIE VIE フリルブラウス	ギャルリー・ヴィー フリルブラウス レース 刺繍	正面 / 背面 / ブランドタグ / 素材タグ / サイズタグ / 脇 / 襟 / 袖口 / 裾 / ダメージ箇所	条件が揃う場合のみ。迷ったら見送り
v4	RULE_0237	BRD_0059	CAT_002	TRUE	SCORE_V1	https://jp.mercari.com/search?keyword=%E3%83%95%E3%82%A9%E3%83%BC%E3%83%86%E3%82%A3%E3%83%95%E3%82%A1%E3%82%A4%E3%83%96%E3%82%A2%E3%83%BC%E3%83%AB%20%E3%83%AF%E3%83%B3%E3%83%94%E3%83%BC%E3%82%B9	https://jp.mercari.com/search?keyword=45R%20%E3%82%B3%E3%83%83%E3%83%88%E3%83%B3%E3%83%AA%E3%83%8D%E3%83%B3%E3%83%AD%E3%83%B3%E3%82%B0%E3%83%AF%E3%83%B3%E3%83%94%E3%83%BC%E3%82%B9	https://jp.mercari.com/search?keyword=%E3%83%95%E3%82%A9%E3%83%BC%E3%83%86%E3%82%A3%E3%83%95%E3%82%A1%E3%82%A4%E3%83%96%E3%82%A2%E3%83%BC%E3%83%AB%20%E3%82%B3%E3%83%83%E3%83%88%E3%83%B3%E3%83%AA%E3%83%8D%E3%83%B3%E3%83%AD%E3%83%B3%E3%82%B0%E3%83%AF%E3%83%B3%E3%83%94%E3%83%BC%E3%82%B9%20%E3%83%AA%E3%83%8D%E3%83%B3	レディース服	レディース	45R	フォーティファイブアール	ワンピース	コットンリネンロングワンピース	春夏	3〜8月	1〜3週間	リネン/麻 / リネン混/コットンリネン / インディゴ/藍染	リネン / コットン / インディゴ	標準サイズは相場確認	標準	3000〜8000	3000	8000	19000前後	19000	19000	約9100〜14100	9100	14100	230	750	ゆうパケットポスト〜宅急便コンパクト	中	S	85	75	80	60	早い	80	高	低	0	中	-20	60	60	条件付き買い	要検証	リネン/麻 / リネン混/コットンリネン / インディゴ/藍染 / 春夏需要	ロング丈	春夏需要 / ナチュラル系	脇汗 / 黄ばみ / 目立つシミ / 強い香水臭	シミ / 脇汗 / 黄ばみ	汚れリスク / 相場確認必須	フォーティファイブアール ワンピース リネン	3	正面 / 背面 / ブランドタグ / 素材タグ / サイズタグ / 実寸が分かる写真 / ダメージ箇所	見つけたら即リサーチ	優先確認。利益が出れば仕入れ候補。	ブランド / 服種類 / 仕入れ値 / サイズ / 素材タグ写真 / ブランドタグ写真 / 全体写真 / 状態 / メルカリ売切相場	脇汗 / 黄ばみ / 目立つシミ / 虫食い / 穴/破れ / ファスナー不良 / 強い臭い	ヴィンテージ/希少ブランドで状態込み相場が確認できる場合のみ	脇汗、黄ばみ、シミ、虫食い、穴、毛玉、素材タグ、サイズ表記は確認しましたか？	フォーティファイブアール ワンピース	45R コットンリネンロングワンピース	フォーティファイブアール コットンリネンロングワンピース リネン	正面 / 背面 / ブランドタグ / 素材タグ / サイズタグ / 脇 / 襟 / 袖口 / 裾 / ダメージ箇所	利益3000円以上または低仕入れなら購入候補
v4	RULE_0238	BRD_0217	CAT_002	TRUE	SCORE_V1	https://jp.mercari.com/search?keyword=%E3%82%B8%E3%83%A3%E3%83%BC%E3%83%8A%E3%83%AB%E3%82%B9%E3%82%BF%E3%83%B3%E3%83%80%E3%83%BC%E3%83%89%20%E3%83%AC%E3%83%AA%E3%83%A5%E3%83%BC%E3%83%A0%20%E3%83%96%E3%83%A9%E3%82%A6%E3%82%B9%E3%83%BB%E3%82%B7%E3%83%A3%E3%83%84	https://jp.mercari.com/search?keyword=JOURNAL%20STANDARD%20relume%20%E3%83%AA%E3%83%8D%E3%83%B3100%25%E3%82%B7%E3%83%A3%E3%83%84	https://jp.mercari.com/search?keyword=%E3%82%B8%E3%83%A3%E3%83%BC%E3%83%8A%E3%83%AB%E3%82%B9%E3%82%BF%E3%83%B3%E3%83%80%E3%83%BC%E3%83%89%20%E3%83%AC%E3%83%AA%E3%83%A5%E3%83%BC%E3%83%A0%20%E3%83%AA%E3%83%8D%E3%83%B3100%25%E3%82%B7%E3%83%A3%E3%83%84%20%E3%83%AA%E3%83%8D%E3%83%B3	レディース服	レディース	JOURNAL STANDARD relume	ジャーナルスタンダード レリューム	ブラウス・シャツ	リネン100%シャツ	春夏	3〜8月	2〜6週間	リネン/麻	リネン	標準サイズは相場確認	標準	1000〜2500	1000	2500	5800前後	5800	5800	約2720〜4220	2720	4220	210	450	ネコポス/ゆうパケットポスト	低〜中	A	70	75	80	60	普通	60	中	低	0	中	-20	50	45	慎重	要検証	リネン/麻 / 春夏需要	ブランド/状態次第	春夏需要 / ナチュラル系	脇汗 / 黄ばみ / 目立つシミ / 強い香水臭	シミ / 脇汗 / 黄ばみ	汚れリスク / 相場確認必須	ジャーナルスタンダード レリューム ブラウス シャツ リネン	3	正面 / 背面 / ブランドタグ / 素材タグ / サイズタグ / 実寸が分かる写真 / ダメージ箇所	条件が合えばリサーチ	条件一致時のみ仕入れ候補。	ブランド / 服種類 / 仕入れ値 / サイズ / 素材タグ写真 / ブランドタグ写真 / 全体写真 / 状態 / メルカリ売切相場	脇汗 / 黄ばみ / 目立つシミ / 虫食い / 穴/破れ / ファスナー不良 / 強い臭い	ヴィンテージ/希少ブランドで状態込み相場が確認できる場合のみ	脇汗、黄ばみ、シミ、虫食い、穴、毛玉、素材タグ、サイズ表記は確認しましたか？	ジャーナルスタンダード レリューム ブラウス・シャツ	JOURNAL STANDARD relume リネン100%シャツ	ジャーナルスタンダード レリューム リネン100%シャツ リネン	正面 / 背面 / ブランドタグ / 素材タグ / サイズタグ / 脇 / 襟 / 袖口 / 裾 / ダメージ箇所	条件が揃う場合のみ。迷ったら見送り
v4	RULE_0239	BRD_0218	CAT_002	TRUE	SCORE_V1	https://jp.mercari.com/search?keyword=%E3%82%A8%E3%83%A0%E3%82%A8%E3%82%A4%E3%83%81%E3%82%A8%E3%83%AB%20%C3%97%20%E3%82%A8%E3%83%89%E3%82%A6%E3%82%A3%E3%83%B3%20%E3%83%91%E3%83%B3%E3%83%84	https://jp.mercari.com/search?keyword=MHL%20%C3%97%20EDWIN%20%E3%82%B3%E3%83%A9%E3%83%9C%E3%83%87%E3%83%8B%E3%83%A0	https://jp.mercari.com/search?keyword=%E3%82%A8%E3%83%A0%E3%82%A8%E3%82%A4%E3%83%81%E3%82%A8%E3%83%AB%20%C3%97%20%E3%82%A8%E3%83%89%E3%82%A6%E3%82%A3%E3%83%B3%20%E3%82%B3%E3%83%A9%E3%83%9C%E3%83%87%E3%83%8B%E3%83%A0	レディース服	レディース	MHL × EDWIN	エムエイチエル × エドウィン	パンツ	コラボデニム	通年	通年	2〜6週間	特になし	デニム	標準サイズは相場確認	標準	2000〜4000	2000	4000	3000〜15000	3000	15000	約-1300〜11500	-1300	11500	210	450	ネコポス/ゆうパケットポスト	低〜中	A	70	60	65	60	普通	60	中	低	0	低〜中	0	50	61	条件付き買い	要検証	美品・相場あり・利益あり	コラボ/別注	相場次第	状態難・相場なし・利益不足	特になし	相場確認必須	エムエイチエル × エドウィン パンツ	3	正面 / 背面 / ブランドタグ / 素材タグ / サイズタグ / 実寸が分かる写真 / ダメージ箇所	条件が合えばリサーチ	条件一致時のみ仕入れ候補。	ブランド / 服種類 / 仕入れ値 / サイズ / 素材タグ写真 / ブランドタグ写真 / 全体写真 / 状態 / メルカリ売切相場	脇汗 / 黄ばみ / 目立つシミ / 虫食い / 穴/破れ / ファスナー不良 / 強い臭い	ヴィンテージ/希少ブランドで状態込み相場が確認できる場合のみ	脇汗、黄ばみ、シミ、虫食い、穴、毛玉、素材タグ、サイズ表記は確認しましたか？	エムエイチエル × エドウィン パンツ	MHL × EDWIN コラボデニム	エムエイチエル × エドウィン コラボデニム	正面 / 背面 / ブランドタグ / 素材タグ / サイズタグ / 脇 / 襟 / 袖口 / 裾 / ダメージ箇所	利益3000円以上または低仕入れなら購入候補
v4	RULE_0240	BRD_0219	CAT_002	TRUE	SCORE_V1	https://jp.mercari.com/search?keyword=%E3%83%95%E3%82%A9%E3%82%B0%E3%83%AA%E3%83%8D%E3%83%B3%E3%83%AF%E3%83%BC%E3%82%AF%20%E3%83%AF%E3%83%B3%E3%83%94%E3%83%BC%E3%82%B9	https://jp.mercari.com/search?keyword=fog%20linen%20work%20%E3%83%AA%E3%83%8D%E3%83%B3	https://jp.mercari.com/search?keyword=%E3%83%95%E3%82%A9%E3%82%B0%E3%83%AA%E3%83%8D%E3%83%B3%E3%83%AF%E3%83%BC%E3%82%AF%20%E3%83%AA%E3%83%8D%E3%83%B3%20%E3%83%AA%E3%83%8D%E3%83%B3	レディース服	レディース	fog linen work	フォグリネンワーク	ワンピース	リネン シェルボタン シャツワンピース	春夏	3〜8月	2〜6週間	リネン/麻	リネン	標準サイズは相場確認	標準	1000〜4000	1000	4000	7000〜10000	7000	10000	約3000〜8000	2300	8000	230	750	ゆうパケットポスト〜宅急便コンパクト	中	A	70	75	80	60	普通	60	中	低	0	中	-20	50	45	慎重	要検証	リネン/麻 / 春夏需要	ブランド/状態次第	春夏需要 / ナチュラル系	脇汗 / 黄ばみ / 目立つシミ / 強い香水臭	シミ / 脇汗 / 黄ばみ	汚れリスク / 相場確認必須	フォグリネンワーク ワンピース シャツ リネン	3	正面 / 背面 / ブランドタグ / 素材タグ / サイズタグ / 実寸が分かる写真 / ダメージ箇所	条件が合えばリサーチ	条件一致時のみ仕入れ候補。	ブランド / 服種類 / 仕入れ値 / サイズ / 素材タグ写真 / ブランドタグ写真 / 全体写真 / 状態 / メルカリ売切相場	脇汗 / 黄ばみ / 目立つシミ / 虫食い / 穴/破れ / ファスナー不良 / 強い臭い	ヴィンテージ/希少ブランドで状態込み相場が確認できる場合のみ	脇汗、黄ばみ、シミ、虫食い、穴、毛玉、素材タグ、サイズ表記は確認しましたか？	フォグリネンワーク ワンピース	fog linen work リネン	フォグリネンワーク リネン リネン	正面 / 背面 / ブランドタグ / 素材タグ / サイズタグ / 脇 / 襟 / 袖口 / 裾 / ダメージ箇所	条件が揃う場合のみ。迷ったら見送り
v4	RULE_0241	BRD_0220	CAT_002	TRUE	SCORE_V1	https://jp.mercari.com/search?keyword=%E3%82%A8%E3%83%AB%E3%82%B1%E3%83%BC%20%E3%83%AF%E3%83%B3%E3%83%94%E3%83%BC%E3%82%B9	https://jp.mercari.com/search?keyword=LK%20%E9%AB%98%E7%B4%9A%E3%83%AC%E3%83%BC%E3%82%B9%E3%83%AF%E3%83%B3%E3%83%94%E3%83%BC%E3%82%B9	https://jp.mercari.com/search?keyword=%E3%82%A8%E3%83%AB%E3%82%B1%E3%83%BC%20%E9%AB%98%E7%B4%9A%E3%83%AC%E3%83%BC%E3%82%B9%E3%83%AF%E3%83%B3%E3%83%94%E3%83%BC%E3%82%B9%20%E3%83%AC%E3%83%BC%E3%82%B9%20%E5%88%BA%E7%B9%8D	レディース服	レディース	LK	エルケー	ワンピース	高級レースワンピース/キャバドレス系	春夏寄り	2〜4月 / 9〜11月	2〜6週間	刺繍/レース/ビジュー	レース / 刺繍	標準サイズは相場確認	標準	1000〜3000	1000	3000	12200前後	12200	12200	約7980〜9980	7980	9980	230	750	ゆうパケットポスト〜宅急便コンパクト	中	A	70	75	80	60	普通	60	中	低	0	中〜高	-10	50	55	慎重	要検証	刺繍/レース/ビジュー / 式典・結婚式需要	オケージョン / デザイン強め	相場次第	脇汗 / 黄ばみ / 目立つシミ / 強い香水臭 / 経年劣化	シミ / 脇汗 / 黄ばみ / 内側劣化 / 穴/破れ	経年劣化 / 汚れリスク / 相場確認必須	エルケー ワンピース レース 刺繍 ドレス	3	正面 / 背面 / ブランドタグ / 素材タグ / サイズタグ / 実寸が分かる写真 / ダメージ箇所	条件が合えばリサーチ	条件一致時のみ仕入れ候補。	ブランド / 服種類 / 仕入れ値 / サイズ / 素材タグ写真 / ブランドタグ写真 / 全体写真 / 状態 / メルカリ売切相場	脇汗 / 黄ばみ / 目立つシミ / 虫食い / 穴/破れ / ファスナー不良 / 強い臭い	ヴィンテージ/希少ブランドで状態込み相場が確認できる場合のみ	レースほつれ、ビジュー欠け、脇汗、裏地汚れ、ファスナー不良はありますか？	エルケー ワンピース	LK 高級レースワンピース	エルケー 高級レースワンピース レース 刺繍	正面 / 背面 / ブランドタグ / 素材タグ / サイズタグ / 脇 / 襟 / 袖口 / 裾 / ダメージ箇所	条件が揃う場合のみ。迷ったら見送り
v4	RULE_0242	BRD_0221	CAT_002	TRUE	SCORE_V1	https://jp.mercari.com/search?keyword=%E3%83%98%E3%83%AB%E3%82%B7%E3%83%BC%E3%83%87%E3%83%8B%E3%83%A0%20%E3%83%96%E3%83%A9%E3%82%A6%E3%82%B9%E3%83%BB%E3%82%B7%E3%83%A3%E3%83%84	https://jp.mercari.com/search?keyword=Healthy%20denim%20%E3%83%A2%E3%83%87%E3%83%AB%E5%90%8D%E3%82%A2%E3%83%BC%E3%83%A2%E3%83%B3%E3%83%89	https://jp.mercari.com/search?keyword=%E3%83%98%E3%83%AB%E3%82%B7%E3%83%BC%E3%83%87%E3%83%8B%E3%83%A0%20%E3%83%A2%E3%83%87%E3%83%AB%E5%90%8D%E3%82%A2%E3%83%BC%E3%83%A2%E3%83%B3%E3%83%89	レディース服	レディース	Healthy denim	ヘルシーデニム	ブラウス・シャツ	モデル名アーモンド デニムシャツ	春夏寄り	3〜8月	2〜6週間	特になし	デニム	標準サイズは相場確認	標準	1000〜3000	1000	3000	9000前後	9000	9000	約5100〜7100	5100	7100	210	450	ネコポス/ゆうパケットポスト	低〜中	A	70	75	65	60	普通	60	中	低	0	中	-20	50	43	慎重	要検証	美品・相場あり・利益あり	ブランド/状態次第	相場次第	脇汗 / 黄ばみ / 目立つシミ / 強い香水臭	シミ / 脇汗 / 黄ばみ	汚れリスク / 相場確認必須	ヘルシーデニム ブラウス シャツ	3	正面 / 背面 / ブランドタグ / 素材タグ / サイズタグ / 実寸が分かる写真 / ダメージ箇所	条件が合えばリサーチ	条件一致時のみ仕入れ候補。	ブランド / 服種類 / 仕入れ値 / サイズ / 素材タグ写真 / ブランドタグ写真 / 全体写真 / 状態 / メルカリ売切相場	脇汗 / 黄ばみ / 目立つシミ / 虫食い / 穴/破れ / ファスナー不良 / 強い臭い	ヴィンテージ/希少ブランドで状態込み相場が確認できる場合のみ	脇汗、黄ばみ、シミ、虫食い、穴、毛玉、素材タグ、サイズ表記は確認しましたか？	ヘルシーデニム ブラウス・シャツ	Healthy denim モデル名アーモンド	ヘルシーデニム モデル名アーモンド	正面 / 背面 / ブランドタグ / 素材タグ / サイズタグ / 脇 / 襟 / 袖口 / 裾 / ダメージ箇所	条件が揃う場合のみ。迷ったら見送り
v4	RULE_0243	BRD_0222	CAT_002	TRUE	SCORE_V1	https://jp.mercari.com/search?keyword=%E3%83%AD%E3%82%AF%20%E3%83%93%E3%83%A5%E3%83%BC%E3%83%86%E3%82%A3%E3%83%BC%E3%82%A2%E3%83%B3%E3%83%89%E3%83%A6%E3%83%BC%E3%82%B9%20%E3%83%96%E3%83%A9%E3%82%A6%E3%82%B9%E3%83%BB%E3%82%B7%E3%83%A3%E3%83%84	https://jp.mercari.com/search?keyword=6%20BEAUTY%20%26%20YOUTH%20%E3%83%AF%E3%82%A4%E3%83%89%E3%83%81%E3%82%A7%E3%83%83%E3%82%AF%E3%82%B7%E3%83%A3%E3%83%84	https://jp.mercari.com/search?keyword=%E3%83%AD%E3%82%AF%20%E3%83%93%E3%83%A5%E3%83%BC%E3%83%86%E3%82%A3%E3%83%BC%E3%82%A2%E3%83%B3%E3%83%89%E3%83%A6%E3%83%BC%E3%82%B9%20%E3%83%AF%E3%82%A4%E3%83%89%E3%83%81%E3%82%A7%E3%83%83%E3%82%AF%E3%82%B7%E3%83%A3%E3%83%84	レディース服	レディース	6 BEAUTY & YOUTH	ロク ビューティーアンドユース	ブラウス・シャツ	ワイドチェックシャツ	春夏寄り	3〜8月	2〜6週間	特になし	特になし	標準サイズは相場確認	標準	1000〜3000	1000	3000	7000〜8000	7000	8000	約3300〜6200	3300	6200	210	450	ネコポス/ゆうパケットポスト	低〜中	A	70	75	50	60	普通	60	中	低	0	中	-20	50	42	慎重	要検証	チェック柄	ブランド/状態次第	相場次第	脇汗 / 黄ばみ / 目立つシミ / 強い香水臭	シミ / 脇汗 / 黄ばみ	汚れリスク / 相場確認必須	ロク ビューティーアンドユース ブラウス シャツ	3	正面 / 背面 / ブランドタグ / 素材タグ / サイズタグ / 実寸が分かる写真 / ダメージ箇所	条件が合えばリサーチ	条件一致時のみ仕入れ候補。	ブランド / 服種類 / 仕入れ値 / サイズ / 素材タグ写真 / ブランドタグ写真 / 全体写真 / 状態 / メルカリ売切相場	脇汗 / 黄ばみ / 目立つシミ / 虫食い / 穴/破れ / ファスナー不良 / 強い臭い	ヴィンテージ/希少ブランドで状態込み相場が確認できる場合のみ	脇汗、黄ばみ、シミ、虫食い、穴、毛玉、素材タグ、サイズ表記は確認しましたか？	ロク ビューティーアンドユース ブラウス・シャツ	6 BEAUTY & YOUTH ワイドチェックシャツ	ロク ビューティーアンドユース ワイドチェックシャツ	正面 / 背面 / ブランドタグ / 素材タグ / サイズタグ / 脇 / 襟 / 袖口 / 裾 / ダメージ箇所	条件が揃う場合のみ。迷ったら見送り
v4	RULE_0244	BRD_0034	CAT_002	TRUE	SCORE_V1	https://jp.mercari.com/search?keyword=%E3%82%B9%E3%83%8A%E3%82%A4%E3%83%87%E3%83%AB%20%E3%83%AF%E3%83%B3%E3%83%94%E3%83%BC%E3%82%B9	https://jp.mercari.com/search?keyword=SNIDEL%2023%E5%B9%B4%E3%83%A2%E3%83%87%E3%83%AB	https://jp.mercari.com/search?keyword=%E3%82%B9%E3%83%8A%E3%82%A4%E3%83%87%E3%83%AB%2023%E5%B9%B4%E3%83%A2%E3%83%87%E3%83%AB	レディース服	レディース	SNIDEL	スナイデル	ワンピース	23年モデル ボウタイワンピース	春夏寄り	3〜8月	1〜3週間	特になし	特になし	標準サイズは相場確認	標準	2000〜5000	2000	5000	高値傾向			-			230	750	ゆうパケットポスト〜宅急便コンパクト	中	S	85	75	50	60	早い	80	高	低	0	中	-20	60	56	慎重	要検証	美品・相場あり・利益あり	人気品番/近年モデル	相場次第	脇汗 / 黄ばみ / 目立つシミ / 強い香水臭	シミ / 脇汗 / 黄ばみ	汚れリスク / 相場確認必須	スナイデル ワンピース	3	正面 / 背面 / ブランドタグ / 素材タグ / サイズタグ / 実寸が分かる写真 / ダメージ箇所	見つけたら即リサーチ	優先確認。利益が出れば仕入れ候補。	ブランド / 服種類 / 仕入れ値 / サイズ / 素材タグ写真 / ブランドタグ写真 / 全体写真 / 状態 / メルカリ売切相場	脇汗 / 黄ばみ / 目立つシミ / 虫食い / 穴/破れ / ファスナー不良 / 強い臭い	ヴィンテージ/希少ブランドで状態込み相場が確認できる場合のみ	脇汗、黄ばみ、シミ、虫食い、穴、毛玉、素材タグ、サイズ表記は確認しましたか？	スナイデル ワンピース	SNIDEL 23年モデル	スナイデル 23年モデル	正面 / 背面 / ブランドタグ / 素材タグ / サイズタグ / 脇 / 襟 / 袖口 / 裾 / ダメージ箇所	条件が揃う場合のみ。迷ったら見送り
v4	RULE_0245	BRD_0223	CAT_002	TRUE	SCORE_V1	https://jp.mercari.com/search?keyword=%E3%83%8F%E3%83%BC%E3%83%AA%E3%83%83%E3%83%97%E3%83%88%E3%82%A5%20%E3%83%AF%E3%83%B3%E3%83%94%E3%83%BC%E3%82%B9	https://jp.mercari.com/search?keyword=Her%20lip%20to%20%E3%83%9B%E3%83%AB%E3%82%BF%E3%83%BC%E3%83%8D%E3%83%83%E3%82%AF%E3%83%AF%E3%83%B3%E3%83%94%E3%83%BC%E3%82%B9	https://jp.mercari.com/search?keyword=%E3%83%8F%E3%83%BC%E3%83%AA%E3%83%83%E3%83%97%E3%83%88%E3%82%A5%20%E3%83%9B%E3%83%AB%E3%82%BF%E3%83%BC%E3%83%8D%E3%83%83%E3%82%AF%E3%83%AF%E3%83%B3%E3%83%94%E3%83%BC%E3%82%B9	レディース服	レディース	Her lip to	ハーリップトゥ	ワンピース	ホルターネックワンピース	春夏寄り	3〜8月	2〜6週間	特になし	特になし	標準サイズは相場確認	標準	3000〜7000	3000	7000	10000前後	10000	10000	約2000〜6000	2000	6000	230	750	ゆうパケットポスト〜宅急便コンパクト	中	A	70	75	50	60	普通	60	中	中	-20	中	-20	50	22	見送り	要検証	美品・相場あり・利益あり	人気品番/近年モデル	インフルエンサー需要	脇汗 / 黄ばみ / 目立つシミ / 強い香水臭	シミ / 脇汗 / 黄ばみ / 真贋不明	真贋注意 / 汚れリスク / 相場確認必須	ハーリップトゥ ワンピース	3	正面 / 背面 / ブランドタグ / 素材タグ / サイズタグ / 実寸が分かる写真 / ダメージ箇所	条件が合えばリサーチ	条件一致時のみ仕入れ候補。	ブランド / 服種類 / 仕入れ値 / サイズ / 素材タグ写真 / ブランドタグ写真 / 全体写真 / 状態 / メルカリ売切相場 / 真贋確認情報	脇汗 / 黄ばみ / 目立つシミ / 虫食い / 穴/破れ / ファスナー不良 / 強い臭い / 真贋不明 / 内タグ/シリアル/品質タグ欠損	ヴィンテージ/希少ブランドで状態込み相場が確認できる場合のみ / 鑑定済み・正規タグ確認・購入元信頼性ありの場合のみ	脇汗、黄ばみ、シミ、虫食い、穴、毛玉、素材タグ、サイズ表記は確認しましたか？	ハーリップトゥ ワンピース	Her lip to ホルターネックワンピース	ハーリップトゥ ホルターネックワンピース	正面 / 背面 / ブランドタグ / 素材タグ / サイズタグ / 脇 / 襟 / 袖口 / 裾 / ダメージ箇所	原則見送り
v4	RULE_0246	BRD_0224	CAT_002	TRUE	SCORE_V1	https://jp.mercari.com/search?keyword=%E3%83%AA%E3%83%9F%E3%83%95%E3%82%A5%20%E3%83%AF%E3%83%B3%E3%83%94%E3%83%BC%E3%82%B9	https://jp.mercari.com/search?keyword=LIMI%20feu%20%E3%83%A8%E3%82%A6%E3%82%B8%E7%B3%BB	https://jp.mercari.com/search?keyword=%E3%83%AA%E3%83%9F%E3%83%95%E3%82%A5%20%E3%83%A8%E3%82%A6%E3%82%B8%E7%B3%BB	レディース服	レディース	LIMI feu	リミフゥ	ワンピース	ヨウジ系 変形ワンピース	春夏寄り	3〜8月	2〜6週間	特になし	特になし	標準サイズは相場確認	標準	3000〜6000	3000	6000	10000前後	10000	10000	約3000〜6000	3000	6000	230	750	ゆうパケットポスト〜宅急便コンパクト	中	A	70	75	50	60	普通	60	中	低	0	中	-20	50	42	慎重	要検証	デザイン性	デザイン強め	相場次第	脇汗 / 黄ばみ / 目立つシミ / 強い香水臭	シミ / 脇汗 / 黄ばみ	汚れリスク / 相場確認必須	リミフゥ ワンピース	3	正面 / 背面 / ブランドタグ / 素材タグ / サイズタグ / 実寸が分かる写真 / ダメージ箇所	条件が合えばリサーチ	条件一致時のみ仕入れ候補。	ブランド / 服種類 / 仕入れ値 / サイズ / 素材タグ写真 / ブランドタグ写真 / 全体写真 / 状態 / メルカリ売切相場	脇汗 / 黄ばみ / 目立つシミ / 虫食い / 穴/破れ / ファスナー不良 / 強い臭い	ヴィンテージ/希少ブランドで状態込み相場が確認できる場合のみ	脇汗、黄ばみ、シミ、虫食い、穴、毛玉、素材タグ、サイズ表記は確認しましたか？	リミフゥ ワンピース	LIMI feu ヨウジ系	リミフゥ ヨウジ系	正面 / 背面 / ブランドタグ / 素材タグ / サイズタグ / 脇 / 襟 / 袖口 / 裾 / ダメージ箇所	条件が揃う場合のみ。迷ったら見送り
v4	RULE_0247	BRD_0225	CAT_002	TRUE	SCORE_V1	https://jp.mercari.com/search?keyword=%E3%83%AA%E3%83%AA%E3%83%BC%E3%83%96%E3%83%A9%E3%82%A6%E3%83%B3%20%E3%82%B9%E3%83%BC%E3%83%84%E3%83%BB%E3%82%BB%E3%83%83%E3%83%88%E3%82%A2%E3%83%83%E3%83%97	https://jp.mercari.com/search?keyword=Lily%20Brown%2025%E5%B9%B4%E3%83%A2%E3%83%87%E3%83%AB	https://jp.mercari.com/search?keyword=%E3%83%AA%E3%83%AA%E3%83%BC%E3%83%96%E3%83%A9%E3%82%A6%E3%83%B3%2025%E5%B9%B4%E3%83%A2%E3%83%87%E3%83%AB	レディース服	レディース	Lily Brown	リリーブラウン	スーツ・セットアップ	25年モデル 金ボタンジャケット	通年	2〜4月 / 9〜11月	2〜6週間	特になし	特になし	標準サイズは相場確認	標準	1000〜4000	1000	4000	10000前後	10000	10000	約5000〜8000	5000	8000	750	1200	宅急便60〜100	高	A	70	75	50	60	普通	60	中	低	0	中	-20	50	42	慎重	要検証	美品・相場あり・利益あり	人気品番/近年モデル / デザイン強め	相場次第	脇汗 / 黄ばみ / 目立つシミ / 強い香水臭	シミ / 脇汗 / 黄ばみ	汚れリスク / 相場確認必須	リリーブラウン スーツ ジャケット	3	正面 / 背面 / ブランドタグ / 素材タグ / サイズタグ / 実寸が分かる写真 / ダメージ箇所	条件が合えばリサーチ	条件一致時のみ仕入れ候補。	ブランド / 服種類 / 仕入れ値 / サイズ / 素材タグ写真 / ブランドタグ写真 / 全体写真 / 状態 / メルカリ売切相場	脇汗 / テカリ強い / 股スレ / 裾破れ / 上下サイズ違い	新品タグ付き・大きいサイズ・低単価なら慎重に再確認	脇汗、襟汚れ、袖口汚れ、パンツ股スレ、上下サイズ一致は確認しましたか？	リリーブラウン スーツ・セットアップ	Lily Brown 25年モデル	リリーブラウン 25年モデル	上下全体 / ブランドタグ / 素材タグ / 脇 / 襟 / 袖口 / パンツ股 / 裾 / サイズ表記	条件が揃う場合のみ。迷ったら見送り
v4	RULE_0248	BRD_0226	CAT_002	TRUE	SCORE_V1	https://jp.mercari.com/search?keyword=%E3%83%A9%E3%83%AB%E3%83%95%E3%83%AD%E3%83%BC%E3%83%AC%E3%83%B3%20%E3%83%96%E3%83%A9%E3%82%A6%E3%82%B9%E3%83%BB%E3%82%B7%E3%83%A3%E3%83%84	https://jp.mercari.com/search?keyword=Ralph%20Lauren%20%E3%82%AF%E3%83%A9%E3%82%B7%E3%83%83%E3%82%AF%E3%83%95%E3%82%A3%E3%83%83%E3%83%88	https://jp.mercari.com/search?keyword=%E3%83%A9%E3%83%AB%E3%83%95%E3%83%AD%E3%83%BC%E3%83%AC%E3%83%B3%20%E3%82%AF%E3%83%A9%E3%82%B7%E3%83%83%E3%82%AF%E3%83%95%E3%82%A3%E3%83%83%E3%83%88	レディース服	レディース	Ralph Lauren	ラルフローレン	ブラウス・シャツ	クラシックフィット ストライプシャツ	春夏寄り	3〜8月	2〜6週間	特になし	特になし	標準サイズは相場確認	標準	1000〜3000	1000	3000	リサーチ推奨			-			210	450	ネコポス/ゆうパケットポスト	低〜中	A	70	75	50	60	普通	60	中	低	0	中	-20	50	42	慎重	要検証	美品・相場あり・利益あり	ブランド/状態次第	相場次第	脇汗 / 黄ばみ / 目立つシミ / 強い香水臭	シミ / 脇汗 / 黄ばみ	汚れリスク / 相場確認必須	ラルフローレン ブラウス シャツ	3	正面 / 背面 / ブランドタグ / 素材タグ / サイズタグ / 実寸が分かる写真 / ダメージ箇所	条件が合えばリサーチ	条件一致時のみ仕入れ候補。	ブランド / 服種類 / 仕入れ値 / サイズ / 素材タグ写真 / ブランドタグ写真 / 全体写真 / 状態 / メルカリ売切相場	脇汗 / 黄ばみ / 目立つシミ / 虫食い / 穴/破れ / ファスナー不良 / 強い臭い	ヴィンテージ/希少ブランドで状態込み相場が確認できる場合のみ	脇汗、黄ばみ、シミ、虫食い、穴、毛玉、素材タグ、サイズ表記は確認しましたか？	ラルフローレン ブラウス・シャツ	Ralph Lauren クラシックフィット	ラルフローレン クラシックフィット	正面 / 背面 / ブランドタグ / 素材タグ / サイズタグ / 脇 / 襟 / 袖口 / 裾 / ダメージ箇所	条件が揃う場合のみ。迷ったら見送り
v4	RULE_0249	BRD_0227	CAT_002	TRUE	SCORE_V1	https://jp.mercari.com/search?keyword=%E3%82%AF%E3%83%AA%E3%83%B3%E3%82%AF%E3%83%AB%20%E3%82%AF%E3%83%AA%E3%83%B3%E3%82%AF%E3%83%AB%20%E3%82%AF%E3%83%AA%E3%83%B3%E3%82%AF%E3%83%AB%20%E3%83%96%E3%83%A9%E3%82%A6%E3%82%B9%E3%83%BB%E3%82%B7%E3%83%A3%E3%83%84	https://jp.mercari.com/search?keyword=crinkle%20crinkle%20crinkle%20%E3%83%87%E3%82%B6%E3%82%A4%E3%83%B3%E3%83%96%E3%83%A9%E3%82%A6%E3%82%B9	https://jp.mercari.com/search?keyword=%E3%82%AF%E3%83%AA%E3%83%B3%E3%82%AF%E3%83%AB%20%E3%82%AF%E3%83%AA%E3%83%B3%E3%82%AF%E3%83%AB%20%E3%82%AF%E3%83%AA%E3%83%B3%E3%82%AF%E3%83%AB%20%E3%83%87%E3%82%B6%E3%82%A4%E3%83%B3%E3%83%96%E3%83%A9%E3%82%A6%E3%82%B9	レディース服	レディース	crinkle crinkle crinkle	クリンクル クリンクル クリンクル	ブラウス・シャツ	デザインブラウス	春夏寄り	3〜8月	2〜6週間	特になし	特になし	標準サイズは相場確認	標準	4000〜8000	4000	8000	14500前後	14500	14500	約5050〜9050	5050	9050	210	450	ネコポス/ゆうパケットポスト	低〜中	A	70	75	50	60	普通	60	中	低	0	中	-20	50	42	慎重	要検証	デザイン性	ブランド/状態次第	相場次第	脇汗 / 黄ばみ / 目立つシミ / 強い香水臭	シミ / 脇汗 / 黄ばみ	汚れリスク / 相場確認必須	クリンクル クリンクル クリンクル ブラウス シャツ	3	正面 / 背面 / ブランドタグ / 素材タグ / サイズタグ / 実寸が分かる写真 / ダメージ箇所	条件が合えばリサーチ	条件一致時のみ仕入れ候補。	ブランド / 服種類 / 仕入れ値 / サイズ / 素材タグ写真 / ブランドタグ写真 / 全体写真 / 状態 / メルカリ売切相場	脇汗 / 黄ばみ / 目立つシミ / 虫食い / 穴/破れ / ファスナー不良 / 強い臭い	ヴィンテージ/希少ブランドで状態込み相場が確認できる場合のみ	脇汗、黄ばみ、シミ、虫食い、穴、毛玉、素材タグ、サイズ表記は確認しましたか？	クリンクル クリンクル クリンクル ブラウス・シャツ	crinkle crinkle crinkle デザインブラウス	クリンクル クリンクル クリンクル デザインブラウス	正面 / 背面 / ブランドタグ / 素材タグ / サイズタグ / 脇 / 襟 / 袖口 / 裾 / ダメージ箇所	条件が揃う場合のみ。迷ったら見送り
v4	RULE_0250	BRD_0219	CAT_002	TRUE	SCORE_V1	https://jp.mercari.com/search?keyword=%E3%83%95%E3%82%A9%E3%82%B0%E3%83%AA%E3%83%8D%E3%83%B3%E3%83%AF%E3%83%BC%E3%82%AF%20%E3%83%91%E3%83%B3%E3%83%84	https://jp.mercari.com/search?keyword=fog%20linen%20work%20%E6%96%B0%E5%93%81%E3%82%BF%E3%82%B0%E4%BB%98%E3%81%8D%E3%83%AA%E3%83%8D%E3%83%B3%E3%82%B5%E3%83%AD%E3%83%9A%E3%83%83%E3%83%88	https://jp.mercari.com/search?keyword=%E3%83%95%E3%82%A9%E3%82%B0%E3%83%AA%E3%83%8D%E3%83%B3%E3%83%AF%E3%83%BC%E3%82%AF%20%E6%96%B0%E5%93%81%E3%82%BF%E3%82%B0%E4%BB%98%E3%81%8D%E3%83%AA%E3%83%8D%E3%83%B3%E3%82%B5%E3%83%AD%E3%83%9A%E3%83%83%E3%83%88%20%E3%83%AA%E3%83%8D%E3%83%B3%20%E6%96%B0%E5%93%81%E3%82%BF%E3%82%B0%E4%BB%98%E3%81%8D	レディース服	レディース	fog linen work	フォグリネンワーク	パンツ	新品タグ付きリネンサロペット	春夏	3〜8月	2〜6週間	リネン/麻	リネン	標準サイズは相場確認	標準	1000〜4000	1000	4000	高値予想			-			230	750	ゆうパケットポスト〜宅急便コンパクト	中	A	70	60	80	60	普通	60	中	低	0	低〜中	0	50	62	条件付き買い	要検証	リネン/麻 / 新品タグ付き / 春夏需要	新品タグ付き	春夏需要 / ナチュラル系	状態難・相場なし・利益不足	特になし	相場確認必須	フォグリネンワーク リネン パンツ 新品タグ付き	3	正面 / 背面 / ブランドタグ / 素材タグ / サイズタグ / 実寸が分かる写真 / ダメージ箇所	条件が合えばリサーチ	条件一致時のみ仕入れ候補。	ブランド / 服種類 / 仕入れ値 / サイズ / 素材タグ写真 / ブランドタグ写真 / 全体写真 / 状態 / メルカリ売切相場	脇汗 / 黄ばみ / 目立つシミ / 虫食い / 穴/破れ / ファスナー不良 / 強い臭い	ヴィンテージ/希少ブランドで状態込み相場が確認できる場合のみ	脇汗、黄ばみ、シミ、虫食い、穴、毛玉、素材タグ、サイズ表記は確認しましたか？	フォグリネンワーク パンツ	fog linen work 新品タグ付きリネンサロペット	フォグリネンワーク 新品タグ付きリネンサロペット リネン 新品タグ付き	正面 / 背面 / ブランドタグ / 素材タグ / サイズタグ / 脇 / 襟 / 袖口 / 裾 / ダメージ箇所	利益3000円以上または低仕入れなら購入候補
v4	RULE_0251	BRD_0228	CAT_002	TRUE	SCORE_V1	https://jp.mercari.com/search?keyword=%E3%83%8A%E3%83%81%E3%83%A5%E3%83%A9%E3%83%AB%E3%83%93%E3%83%A5%E3%83%BC%E3%83%86%E3%82%A3%E3%83%BC%E3%83%99%E3%83%BC%E3%82%B7%E3%83%83%E3%82%AF%20%E3%82%B9%E3%82%AB%E3%83%BC%E3%83%88	https://jp.mercari.com/search?keyword=NATURAL%20BEAUTY%20BASIC%20%E6%96%B0%E5%93%81%E3%82%BF%E3%82%B0%E4%BB%98%E3%81%8D%E3%83%97%E3%83%AA%E3%83%BC%E3%83%84%E3%82%B9%E3%82%AB%E3%83%BC%E3%83%88	https://jp.mercari.com/search?keyword=%E3%83%8A%E3%83%81%E3%83%A5%E3%83%A9%E3%83%AB%E3%83%93%E3%83%A5%E3%83%BC%E3%83%86%E3%82%A3%E3%83%BC%E3%83%99%E3%83%BC%E3%82%B7%E3%83%83%E3%82%AF%20%E6%96%B0%E5%93%81%E3%82%BF%E3%82%B0%E4%BB%98%E3%81%8D%E3%83%97%E3%83%AA%E3%83%BC%E3%83%84%E3%82%B9%E3%82%AB%E3%83%BC%E3%83%88%20%E6%96%B0%E5%93%81%E3%82%BF%E3%82%B0%E4%BB%98%E3%81%8D	レディース服	レディース	NATURAL BEAUTY BASIC	ナチュラルビューティーベーシック	スカート	新品タグ付きプリーツスカート	春夏寄り	3〜8月	3〜10週間	プリーツ/特殊加工	プリーツ	標準サイズは相場確認	標準	500〜1000	500	1000	4000〜5000	4000	5000	約2600〜4000	2600	4000	210	450	ネコポス/ゆうパケットポスト	低〜中	B	55	60	65	60	遅め	60	低〜中	低	0	高	-35	35	21	見送り	要検証	プリーツ/特殊加工 / 新品タグ付き	新品タグ付き	相場次第	脇汗 / 黄ばみ / 目立つシミ / 強い香水臭 / 経年劣化	シミ / 脇汗 / 黄ばみ / 内側劣化	経年劣化 / 汚れリスク / 相場確認必須	ナチュラルビューティーベーシック スカート 新品タグ付き	5	正面 / 背面 / ブランドタグ / 素材タグ / サイズタグ / 実寸が分かる写真 / ダメージ箇所	安値のみ確認	安仕入れ・美品・相場あり限定。 回転遅めのため価格設定を保守的に。	ブランド / 服種類 / 仕入れ値 / サイズ / 素材タグ写真 / ブランドタグ写真 / 全体写真 / 状態 / メルカリ売切相場	脇汗 / 黄ばみ / 目立つシミ / 虫食い / 穴/破れ / ファスナー不良 / 強い臭い	ヴィンテージ/希少ブランドで状態込み相場が確認できる場合のみ	脇汗、黄ばみ、シミ、虫食い、穴、毛玉、素材タグ、サイズ表記は確認しましたか？	ナチュラルビューティーベーシック スカート	NATURAL BEAUTY BASIC 新品タグ付きプリーツスカート	ナチュラルビューティーベーシック 新品タグ付きプリーツスカート 新品タグ付き	正面 / 背面 / ブランドタグ / 素材タグ / サイズタグ / 脇 / 襟 / 袖口 / 裾 / ダメージ箇所	原則見送り
v4	RULE_0252	BRD_0229	CAT_002	TRUE	SCORE_V1	https://jp.mercari.com/search?keyword=%E3%83%94%E3%83%B3%E3%82%AD%E3%83%BC%E3%82%A2%E3%83%B3%E3%83%89%E3%83%80%E3%82%A4%E3%82%A2%E3%83%B3%20%E3%83%AF%E3%83%B3%E3%83%94%E3%83%BC%E3%82%B9	https://jp.mercari.com/search?keyword=Pinky%20%26%20Dianne%20%E6%B4%BE%E6%89%8B%E8%8A%B1%E6%9F%84%E3%83%AF%E3%83%B3%E3%83%94%E3%83%BC%E3%82%B9	https://jp.mercari.com/search?keyword=%E3%83%94%E3%83%B3%E3%82%AD%E3%83%BC%E3%82%A2%E3%83%B3%E3%83%89%E3%83%80%E3%82%A4%E3%82%A2%E3%83%B3%20%E6%B4%BE%E6%89%8B%E8%8A%B1%E6%9F%84%E3%83%AF%E3%83%B3%E3%83%94%E3%83%BC%E3%82%B9	レディース服	レディース	Pinky & Dianne	ピンキーアンドダイアン	ワンピース	派手花柄ワンピース	春夏寄り	3〜8月	2〜6週間	特になし	特になし	標準サイズは相場確認	標準	500〜2000	500	2000	15000前後	15000	15000	約11500〜13000	11500	13000	230	750	ゆうパケットポスト〜宅急便コンパクト	中	A	70	75	50	60	普通	60	中	低	0	中	-20	50	42	慎重	要検証	デザイン性	デザイン強め	相場次第	脇汗 / 黄ばみ / 目立つシミ / 強い香水臭	シミ / 脇汗 / 黄ばみ	汚れリスク / 相場確認必須	ピンキーアンドダイアン ワンピース	3	正面 / 背面 / ブランドタグ / 素材タグ / サイズタグ / 実寸が分かる写真 / ダメージ箇所	条件が合えばリサーチ	条件一致時のみ仕入れ候補。	ブランド / 服種類 / 仕入れ値 / サイズ / 素材タグ写真 / ブランドタグ写真 / 全体写真 / 状態 / メルカリ売切相場	脇汗 / 黄ばみ / 目立つシミ / 虫食い / 穴/破れ / ファスナー不良 / 強い臭い	ヴィンテージ/希少ブランドで状態込み相場が確認できる場合のみ	脇汗、黄ばみ、シミ、虫食い、穴、毛玉、素材タグ、サイズ表記は確認しましたか？	ピンキーアンドダイアン ワンピース	Pinky & Dianne 派手花柄ワンピース	ピンキーアンドダイアン 派手花柄ワンピース	正面 / 背面 / ブランドタグ / 素材タグ / サイズタグ / 脇 / 襟 / 袖口 / 裾 / ダメージ箇所	条件が揃う場合のみ。迷ったら見送り
v4	RULE_0253	BRD_0230	CAT_002	TRUE	SCORE_V1	https://jp.mercari.com/search?keyword=%E3%83%88%E3%82%A5%E3%83%A2%E3%83%AD%E3%83%BC%E3%83%A9%E3%83%B3%E3%83%89%20%E3%82%B9%E3%83%BC%E3%83%84%E3%83%BB%E3%82%BB%E3%83%83%E3%83%88%E3%82%A2%E3%83%83%E3%83%97	https://jp.mercari.com/search?keyword=TOMORROWLAND%20%E3%82%B7%E3%82%A2%E3%82%B5%E3%83%83%E3%82%AB%E3%83%BC%E6%98%A5%E5%A4%8F%E3%82%B8%E3%83%A3%E3%82%B1%E3%83%83%E3%83%88	https://jp.mercari.com/search?keyword=%E3%83%88%E3%82%A5%E3%83%A2%E3%83%AD%E3%83%BC%E3%83%A9%E3%83%B3%E3%83%89%20%E3%82%B7%E3%82%A2%E3%82%B5%E3%83%83%E3%82%AB%E3%83%BC%E6%98%A5%E5%A4%8F%E3%82%B8%E3%83%A3%E3%82%B1%E3%83%83%E3%83%88	レディース服	レディース	TOMORROWLAND	トゥモローランド	スーツ・セットアップ	シアサッカー春夏ジャケット	春夏	3〜8月	2〜6週間	特になし	特になし	標準サイズは相場確認	標準	1500〜4000	1500	4000	7500前後	7500	7500	約2750〜5250	2750	5250	750	1200	宅急便60〜100	高	A	70	75	50	60	普通	60	中	低	0	中	-20	50	42	慎重	要検証	春夏需要	ブランド/状態次第	春夏需要	脇汗 / 黄ばみ / 目立つシミ / 強い香水臭	シミ / 脇汗 / 黄ばみ	汚れリスク / 相場確認必須	トゥモローランド スーツ ジャケット	3	正面 / 背面 / ブランドタグ / 素材タグ / サイズタグ / 実寸が分かる写真 / ダメージ箇所	条件が合えばリサーチ	条件一致時のみ仕入れ候補。	ブランド / 服種類 / 仕入れ値 / サイズ / 素材タグ写真 / ブランドタグ写真 / 全体写真 / 状態 / メルカリ売切相場	脇汗 / テカリ強い / 股スレ / 裾破れ / 上下サイズ違い	新品タグ付き・大きいサイズ・低単価なら慎重に再確認	脇汗、襟汚れ、袖口汚れ、パンツ股スレ、上下サイズ一致は確認しましたか？	トゥモローランド スーツ・セットアップ	TOMORROWLAND シアサッカー春夏ジャケット	トゥモローランド シアサッカー春夏ジャケット	上下全体 / ブランドタグ / 素材タグ / 脇 / 襟 / 袖口 / パンツ股 / 裾 / サイズ表記	条件が揃う場合のみ。迷ったら見送り
v4	RULE_0254	BRD_0079	CAT_002	TRUE	SCORE_V1	https://jp.mercari.com/search?keyword=%E3%83%95%E3%83%AC%E3%83%BC%E3%83%A0%E3%83%AF%E3%83%BC%E3%82%AF%20%E3%83%96%E3%83%A9%E3%82%A6%E3%82%B9%E3%83%BB%E3%82%B7%E3%83%A3%E3%83%84	https://jp.mercari.com/search?keyword=FRAMeWORK%2024%E5%B9%B4%E3%83%A2%E3%83%87%E3%83%AB	https://jp.mercari.com/search?keyword=%E3%83%95%E3%83%AC%E3%83%BC%E3%83%A0%E3%83%AF%E3%83%BC%E3%82%AF%2024%E5%B9%B4%E3%83%A2%E3%83%87%E3%83%AB	レディース服	レディース	FRAMeWORK	フレームワーク	ブラウス・シャツ	24年モデル カットソー	春夏寄り	3〜8月	2〜6週間	特になし	特になし	標準サイズは相場確認	標準	1000〜3000	1000	3000	6400前後	6400	6400	約2760〜4760	2760	4760	210	450	ネコポス/ゆうパケットポスト	低〜中	A	70	75	50	60	普通	60	中	低	0	中	-20	50	42	慎重	要検証	美品・相場あり・利益あり	人気品番/近年モデル	相場次第	脇汗 / 黄ばみ / 目立つシミ / 強い香水臭	シミ / 脇汗 / 黄ばみ	汚れリスク / 相場確認必須	フレームワーク ブラウス シャツ	3	正面 / 背面 / ブランドタグ / 素材タグ / サイズタグ / 実寸が分かる写真 / ダメージ箇所	条件が合えばリサーチ	条件一致時のみ仕入れ候補。	ブランド / 服種類 / 仕入れ値 / サイズ / 素材タグ写真 / ブランドタグ写真 / 全体写真 / 状態 / メルカリ売切相場	脇汗 / 黄ばみ / 目立つシミ / 虫食い / 穴/破れ / ファスナー不良 / 強い臭い	ヴィンテージ/希少ブランドで状態込み相場が確認できる場合のみ	脇汗、黄ばみ、シミ、虫食い、穴、毛玉、素材タグ、サイズ表記は確認しましたか？	フレームワーク ブラウス・シャツ	FRAMeWORK 24年モデル	フレームワーク 24年モデル	正面 / 背面 / ブランドタグ / 素材タグ / サイズタグ / 脇 / 襟 / 袖口 / 裾 / ダメージ箇所	条件が揃う場合のみ。迷ったら見送り
v4	RULE_0255	BRD_0231	CAT_002	TRUE	SCORE_V1	https://jp.mercari.com/search?keyword=%E3%83%87%E3%82%A3%E3%83%BC%E3%82%BC%E3%83%AB%20%E3%83%AF%E3%83%B3%E3%83%94%E3%83%BC%E3%82%B9	https://jp.mercari.com/search?keyword=DIESEL%20D%E3%83%AD%E3%82%B4%E5%85%A5%E3%82%8A	https://jp.mercari.com/search?keyword=%E3%83%87%E3%82%A3%E3%83%BC%E3%82%BC%E3%83%AB%20D%E3%83%AD%E3%82%B4%E5%85%A5%E3%82%8A%20%E5%A4%A7%E3%81%8D%E3%81%84%E3%82%B5%E3%82%A4%E3%82%BA	レディース服	レディース	DIESEL	ディーゼル	ワンピース	Dロゴ入り Lサイズ シャツワンピース	春夏寄り	3〜8月	2〜6週間	特になし	特になし	大きいサイズ加点	大きいサイズ加点	2000〜5000	2000	5000	9000前後	9000	9000	約3100〜6100	3100	6100	230	750	ゆうパケットポスト〜宅急便コンパクト	中	A	70	75	50	75	普通	60	中	低	0	中	-20	65	45	慎重	中〜高	大きいサイズ加点	大きいサイズ	相場次第	脇汗 / 黄ばみ / 目立つシミ / 強い香水臭	シミ / 脇汗 / 黄ばみ	汚れリスク	ディーゼル ワンピース シャツ 大きいサイズ	3	正面 / 背面 / ブランドタグ / 素材タグ / サイズタグ / 実寸が分かる写真 / ダメージ箇所	条件が合えばリサーチ	条件一致時のみ仕入れ候補。	ブランド / 服種類 / 仕入れ値 / サイズ / 素材タグ写真 / ブランドタグ写真 / 全体写真 / 状態 / メルカリ売切相場	脇汗 / 黄ばみ / 目立つシミ / 虫食い / 穴/破れ / ファスナー不良 / 強い臭い	ヴィンテージ/希少ブランドで状態込み相場が確認できる場合のみ	脇汗、黄ばみ、シミ、虫食い、穴、毛玉、素材タグ、サイズ表記は確認しましたか？	ディーゼル ワンピース	DIESEL Dロゴ入り	ディーゼル Dロゴ入り 大きいサイズ	正面 / 背面 / ブランドタグ / 素材タグ / サイズタグ / 脇 / 襟 / 袖口 / 裾 / ダメージ箇所	条件が揃う場合のみ。迷ったら見送り
v4	RULE_0256	BRD_0232	CAT_002	TRUE	SCORE_V1	https://jp.mercari.com/search?keyword=%E3%83%A1%E3%82%BE%E3%83%B3%E3%83%9E%E3%83%AB%E3%82%B8%E3%82%A7%E3%83%A9%20%E3%83%96%E3%83%A9%E3%82%A6%E3%82%B9%E3%83%BB%E3%82%B7%E3%83%A3%E3%83%84	https://jp.mercari.com/search?keyword=Maison%20Margiela%20%E3%83%AF%E3%82%A4%E3%83%89%E3%82%B7%E3%83%A3%E3%83%84	https://jp.mercari.com/search?keyword=%E3%83%A1%E3%82%BE%E3%83%B3%E3%83%9E%E3%83%AB%E3%82%B8%E3%82%A7%E3%83%A9%20%E3%83%AF%E3%82%A4%E3%83%89%E3%82%B7%E3%83%A3%E3%83%84	レディース服	レディース	Maison Margiela	メゾンマルジェラ	ブラウス・シャツ	ワイドシャツ	春夏寄り	3〜8月	2〜6週間	特になし	特になし	標準サイズは相場確認	標準	8000〜15000	8000	15000	24700前後	24700	24700	約7230〜14230	7230	14230	210	450	ネコポス/ゆうパケットポスト	低〜中	A	70	75	50	60	普通	60	高	高	-40	中	-20	50	9	見送り	要検証	美品・相場あり・利益あり	ブランド/状態次第	相場次第	脇汗 / 黄ばみ / 目立つシミ / 強い香水臭 / 真贋不明	シミ / 脇汗 / 黄ばみ / 真贋不明	真贋注意 / 汚れリスク / 相場確認必須	メゾンマルジェラ ブラウス シャツ	3	正面 / 背面 / ブランドタグ / 素材タグ / サイズタグ / 実寸が分かる写真 / ダメージ箇所 / 真贋判断用タグ/刻印	条件が合えばリサーチ	条件一致時のみ仕入れ候補。 真贋・タグ確認を必須にする。	ブランド / 服種類 / 仕入れ値 / サイズ / 素材タグ写真 / ブランドタグ写真 / 全体写真 / 状態 / メルカリ売切相場 / 真贋確認情報	脇汗 / 黄ばみ / 目立つシミ / 虫食い / 穴/破れ / ファスナー不良 / 強い臭い / 真贋不明 / 内タグ/シリアル/品質タグ欠損	ヴィンテージ/希少ブランドで状態込み相場が確認できる場合のみ / 鑑定済み・正規タグ確認・購入元信頼性ありの場合のみ	脇汗、黄ばみ、シミ、虫食い、穴、毛玉、素材タグ、サイズ表記は確認しましたか？	メゾンマルジェラ ブラウス・シャツ	Maison Margiela ワイドシャツ	メゾンマルジェラ ワイドシャツ	正面 / 背面 / ブランドタグ / 素材タグ / サイズタグ / 脇 / 襟 / 袖口 / 裾 / ダメージ箇所	真贋確認できるまで購入不可
v4	RULE_0257	BRD_0233	CAT_002	TRUE	SCORE_V1	https://jp.mercari.com/search?keyword=%E3%83%AD%E3%83%BC%E3%82%B8%E3%83%BC%E3%83%A2%E3%83%B3%E3%82%B9%E3%82%BF%E3%83%BC%20%E3%83%AF%E3%83%B3%E3%83%94%E3%83%BC%E3%82%B9	https://jp.mercari.com/search?keyword=Rosy%20Monster%20%E3%83%86%E3%82%A3%E3%82%A2%E3%83%BC%E3%83%89%E3%83%AF%E3%83%B3%E3%83%94%E3%83%BC%E3%82%B9	https://jp.mercari.com/search?keyword=%E3%83%AD%E3%83%BC%E3%82%B8%E3%83%BC%E3%83%A2%E3%83%B3%E3%82%B9%E3%82%BF%E3%83%BC%20%E3%83%86%E3%82%A3%E3%82%A2%E3%83%BC%E3%83%89%E3%83%AF%E3%83%B3%E3%83%94%E3%83%BC%E3%82%B9	レディース服	レディース	Rosy Monster	ロージーモンスター	ワンピース	ティアードワンピース	春夏寄り	3〜8月	2〜6週間	特になし	特になし	標準サイズは相場確認	標準	1000〜5000	1000	5000	5000〜15000	5000	15000	約0〜12500	-500	12500	230	750	ゆうパケットポスト〜宅急便コンパクト	中	A	70	75	50	60	普通	60	中	低	0	中	-20	50	42	慎重	要検証	美品・相場あり・利益あり	人気品番/近年モデル	インフルエンサー需要	脇汗 / 黄ばみ / 目立つシミ / 強い香水臭	シミ / 脇汗 / 黄ばみ	汚れリスク / 相場確認必須	ロージーモンスター ワンピース	3	正面 / 背面 / ブランドタグ / 素材タグ / サイズタグ / 実寸が分かる写真 / ダメージ箇所	条件が合えばリサーチ	条件一致時のみ仕入れ候補。	ブランド / 服種類 / 仕入れ値 / サイズ / 素材タグ写真 / ブランドタグ写真 / 全体写真 / 状態 / メルカリ売切相場	脇汗 / 黄ばみ / 目立つシミ / 虫食い / 穴/破れ / ファスナー不良 / 強い臭い	ヴィンテージ/希少ブランドで状態込み相場が確認できる場合のみ	脇汗、黄ばみ、シミ、虫食い、穴、毛玉、素材タグ、サイズ表記は確認しましたか？	ロージーモンスター ワンピース	Rosy Monster ティアードワンピース	ロージーモンスター ティアードワンピース	正面 / 背面 / ブランドタグ / 素材タグ / サイズタグ / 脇 / 襟 / 袖口 / 裾 / ダメージ箇所	条件が揃う場合のみ。迷ったら見送り
v4	RULE_0258	BRD_0234	CAT_002	TRUE	SCORE_V1	https://jp.mercari.com/search?keyword=%E3%83%93%E3%82%A2%E3%82%BA%E3%83%AA%E3%83%BC%20%E3%83%96%E3%83%A9%E3%82%A6%E3%82%B9%E3%83%BB%E3%82%B7%E3%83%A3%E3%83%84	https://jp.mercari.com/search?keyword=BEARDSLEY%20%E3%83%91%E3%83%83%E3%83%81%E3%83%AF%E3%83%BC%E3%82%AF%E9%A2%A8%E5%88%BA%E7%B9%8D%E3%83%96%E3%83%A9%E3%82%A6%E3%82%B9	https://jp.mercari.com/search?keyword=%E3%83%93%E3%82%A2%E3%82%BA%E3%83%AA%E3%83%BC%20%E3%83%91%E3%83%83%E3%83%81%E3%83%AF%E3%83%BC%E3%82%AF%E9%A2%A8%E5%88%BA%E7%B9%8D%E3%83%96%E3%83%A9%E3%82%A6%E3%82%B9%20%E3%83%AC%E3%83%BC%E3%82%B9%20%E5%88%BA%E7%B9%8D	レディース服	レディース	BEARDSLEY	ビアズリー	ブラウス・シャツ	パッチワーク風刺繍ブラウス	春夏寄り	3〜8月	2〜6週間	刺繍/レース/ビジュー	レース / 刺繍	標準サイズは相場確認	標準	1000〜3000	1000	3000	6000〜8000	6000	8000	約2400〜6200	2400	6200	210	450	ネコポス/ゆうパケットポスト	低〜中	A	70	75	80	60	普通	60	中	低	0	中〜高	-10	50	55	慎重	要検証	刺繍/レース/ビジュー / デザイン性	デザイン強め	相場次第	脇汗 / 黄ばみ / 目立つシミ / 強い香水臭 / 経年劣化	シミ / 脇汗 / 黄ばみ / 内側劣化	経年劣化 / 汚れリスク / 相場確認必須	ビアズリー ブラウス シャツ レース 刺繍	3	正面 / 背面 / ブランドタグ / 素材タグ / サイズタグ / 実寸が分かる写真 / ダメージ箇所	条件が合えばリサーチ	条件一致時のみ仕入れ候補。	ブランド / 服種類 / 仕入れ値 / サイズ / 素材タグ写真 / ブランドタグ写真 / 全体写真 / 状態 / メルカリ売切相場	脇汗 / 黄ばみ / 目立つシミ / 虫食い / 穴/破れ / ファスナー不良 / 強い臭い	ヴィンテージ/希少ブランドで状態込み相場が確認できる場合のみ	脇汗、黄ばみ、シミ、虫食い、穴、毛玉、素材タグ、サイズ表記は確認しましたか？	ビアズリー ブラウス・シャツ	BEARDSLEY パッチワーク風刺繍ブラウス	ビアズリー パッチワーク風刺繍ブラウス レース 刺繍	正面 / 背面 / ブランドタグ / 素材タグ / サイズタグ / 脇 / 襟 / 袖口 / 裾 / ダメージ箇所	条件が揃う場合のみ。迷ったら見送り
v4	RULE_0259	BRD_0235	CAT_002	TRUE	SCORE_V1	https://jp.mercari.com/search?keyword=%E3%83%94%E3%82%A2%E3%83%8E%E3%83%95%E3%82%A9%E3%83%AB%E3%83%86%20%E3%83%AF%E3%83%B3%E3%83%94%E3%83%BC%E3%82%B9	https://jp.mercari.com/search?keyword=PIANOFORTE%20%E3%83%9E%E3%83%83%E3%82%AF%E3%82%B9%E3%83%9E%E3%83%BC%E3%83%A9%E7%B3%BB%E3%83%89%E3%83%AC%E3%82%B9%E3%83%AF%E3%83%B3%E3%83%94%E3%83%BC%E3%82%B9	https://jp.mercari.com/search?keyword=%E3%83%94%E3%82%A2%E3%83%8E%E3%83%95%E3%82%A9%E3%83%AB%E3%83%86%20%E3%83%9E%E3%83%83%E3%82%AF%E3%82%B9%E3%83%9E%E3%83%BC%E3%83%A9%E7%B3%BB%E3%83%89%E3%83%AC%E3%82%B9%E3%83%AF%E3%83%B3%E3%83%94%E3%83%BC%E3%82%B9	レディース服	レディース	PIANOFORTE	ピアノフォルテ	ワンピース	マックスマーラ系ドレスワンピース	春夏寄り	2〜4月 / 9〜11月	2〜6週間	特になし	特になし	標準サイズは相場確認	標準	3000〜8000	3000	8000	10000〜30000	10000	30000	約1000〜24000	1000	24000	230	750	ゆうパケットポスト〜宅急便コンパクト	中	A	70	75	50	60	普通	60	高	低	0	中	-20	50	49	慎重	要検証	式典・結婚式需要	オケージョン	相場次第	脇汗 / 黄ばみ / 目立つシミ / 強い香水臭	シミ / 脇汗 / 黄ばみ	汚れリスク / 相場確認必須	ピアノフォルテ ワンピース ドレス	3	正面 / 背面 / ブランドタグ / 素材タグ / サイズタグ / 実寸が分かる写真 / ダメージ箇所	条件が合えばリサーチ	条件一致時のみ仕入れ候補。	ブランド / 服種類 / 仕入れ値 / サイズ / 素材タグ写真 / ブランドタグ写真 / 全体写真 / 状態 / メルカリ売切相場	脇汗 / 黄ばみ / 目立つシミ / 虫食い / 穴/破れ / ファスナー不良 / 強い臭い	ヴィンテージ/希少ブランドで状態込み相場が確認できる場合のみ	レースほつれ、ビジュー欠け、脇汗、裏地汚れ、ファスナー不良はありますか？	ピアノフォルテ ワンピース	PIANOFORTE マックスマーラ系ドレスワンピース	ピアノフォルテ マックスマーラ系ドレスワンピース	正面 / 背面 / ブランドタグ / 素材タグ / サイズタグ / 脇 / 襟 / 袖口 / 裾 / ダメージ箇所	条件が揃う場合のみ。迷ったら見送り
v4	RULE_0260	BRD_0125	CAT_002	TRUE	SCORE_V1	https://jp.mercari.com/search?keyword=%E3%83%A6%E3%83%8A%E3%82%A4%E3%83%86%E3%83%83%E3%83%89%E3%82%A2%E3%83%AD%E3%83%BC%E3%82%BA%20%E3%82%B9%E3%83%BC%E3%83%84%E3%83%BB%E3%82%BB%E3%83%83%E3%83%88%E3%82%A2%E3%83%83%E3%83%97	https://jp.mercari.com/search?keyword=UNITED%20ARROWS%20L%E3%82%B5%E3%82%A4%E3%82%BA	https://jp.mercari.com/search?keyword=%E3%83%A6%E3%83%8A%E3%82%A4%E3%83%86%E3%83%83%E3%83%89%E3%82%A2%E3%83%AD%E3%83%BC%E3%82%BA%20L%E3%82%B5%E3%82%A4%E3%82%BA%20%E5%A4%A7%E3%81%8D%E3%81%84%E3%82%B5%E3%82%A4%E3%82%BA	レディース服	レディース	UNITED ARROWS	ユナイテッドアローズ	スーツ・セットアップ	Lサイズ ノーカラースーツ	通年	2〜4月 / 9〜11月	3〜10週間	特になし	特になし	大きいサイズ加点	大きいサイズ加点	3000〜6000	3000	6000	10000前後	10000	10000	約3000〜6000	3000	6000	750	1200	宅急便60〜100	高	B	55	75	50	75	遅め	60	低〜中	低	0	中	-20	50	40	慎重	中	大きいサイズ加点	大きいサイズ	相場次第	脇汗 / 黄ばみ / 目立つシミ / 強い香水臭	シミ / 脇汗 / 黄ばみ	汚れリスク	ユナイテッドアローズ スーツ 大きいサイズ	5	正面 / 背面 / ブランドタグ / 素材タグ / サイズタグ / 実寸が分かる写真 / ダメージ箇所	安値のみ確認	安仕入れ・美品・相場あり限定。 回転遅めのため価格設定を保守的に。	ブランド / 服種類 / 仕入れ値 / サイズ / 素材タグ写真 / ブランドタグ写真 / 全体写真 / 状態 / メルカリ売切相場	脇汗 / テカリ強い / 股スレ / 裾破れ / 上下サイズ違い	新品タグ付き・大きいサイズ・低単価なら慎重に再確認	脇汗、襟汚れ、袖口汚れ、パンツ股スレ、上下サイズ一致は確認しましたか？	ユナイテッドアローズ スーツ・セットアップ	UNITED ARROWS Lサイズ	ユナイテッドアローズ Lサイズ 大きいサイズ	上下全体 / ブランドタグ / 素材タグ / 脇 / 襟 / 袖口 / パンツ股 / 裾 / サイズ表記	条件が揃う場合のみ。迷ったら見送り
v4	RULE_0261	BRD_0236	CAT_002	TRUE	SCORE_V1	https://jp.mercari.com/search?keyword=%E3%82%BD%E3%83%AF%E3%83%BC%E3%83%AB%E3%83%89%E3%83%AB%E3%83%81%E3%82%A7%20%E3%83%AF%E3%83%B3%E3%83%94%E3%83%BC%E3%82%B9	https://jp.mercari.com/search?keyword=SOIR%20DOLCE%2015%E5%8F%B7%E3%83%95%E3%82%A9%E3%83%BC%E3%83%9E%E3%83%AB%E3%83%AF%E3%83%B3%E3%83%94%E3%83%BC%E3%82%B9	https://jp.mercari.com/search?keyword=%E3%82%BD%E3%83%AF%E3%83%BC%E3%83%AB%E3%83%89%E3%83%AB%E3%83%81%E3%82%A7%2015%E5%8F%B7%E3%83%95%E3%82%A9%E3%83%BC%E3%83%9E%E3%83%AB%E3%83%AF%E3%83%B3%E3%83%94%E3%83%BC%E3%82%B9%20%E5%A4%A7%E3%81%8D%E3%81%84%E3%82%B5%E3%82%A4%E3%82%BA	レディース服	レディース	SOIR DOLCE	ソワールドルチェ	ワンピース	15号フォーマルワンピース	通年	2〜4月 / 9〜11月	2〜8週間	特になし	特になし	大きいサイズ加点	大きいサイズ加点	500〜3000	500	3000	9000前後	9000	9000	約5100〜7600	5100	7600	230	750	ゆうパケットポスト〜宅急便コンパクト	中	A	70	75	50	75	普通	60	中	低	0	中	-20	65	45	慎重	中〜高	大きいサイズ加点 / 式典・結婚式需要	大きいサイズ / オケージョン	相場次第	脇汗 / 黄ばみ / 目立つシミ / 強い香水臭	シミ / 脇汗 / 黄ばみ	汚れリスク	ソワールドルチェ ワンピース 大きいサイズ フォーマル	3	正面 / 背面 / ブランドタグ / 素材タグ / サイズタグ / 実寸が分かる写真 / ダメージ箇所	条件が合えばリサーチ	条件一致時のみ仕入れ候補。	ブランド / 服種類 / 仕入れ値 / サイズ / 素材タグ写真 / ブランドタグ写真 / 全体写真 / 状態 / メルカリ売切相場	脇汗 / 黄ばみ / 目立つシミ / 虫食い / 穴/破れ / ファスナー不良 / 強い臭い	ヴィンテージ/希少ブランドで状態込み相場が確認できる場合のみ	レースほつれ、ビジュー欠け、脇汗、裏地汚れ、ファスナー不良はありますか？	ソワールドルチェ ワンピース	SOIR DOLCE 15号フォーマルワンピース	ソワールドルチェ 15号フォーマルワンピース 大きいサイズ	正面 / 背面 / ブランドタグ / 素材タグ / サイズタグ / 脇 / 襟 / 袖口 / 裾 / ダメージ箇所	条件が揃う場合のみ。迷ったら見送り
v4	RULE_0262	BRD_0045	CAT_002	TRUE	SCORE_V1	https://jp.mercari.com/search?keyword=%E3%83%94%E3%83%B3%E3%82%AF%E3%83%8F%E3%82%A6%E3%82%B9%20%E3%83%AF%E3%83%B3%E3%83%94%E3%83%BC%E3%82%B9	https://jp.mercari.com/search?keyword=PINK%20HOUSE%20%E6%B4%BE%E6%89%8B%E8%8A%B1%E6%9F%84%E3%83%AF%E3%83%B3%E3%83%94%E3%83%BC%E3%82%B9	https://jp.mercari.com/search?keyword=%E3%83%94%E3%83%B3%E3%82%AF%E3%83%8F%E3%82%A6%E3%82%B9%20%E6%B4%BE%E6%89%8B%E8%8A%B1%E6%9F%84%E3%83%AF%E3%83%B3%E3%83%94%E3%83%BC%E3%82%B9%20%E3%83%AC%E3%83%BC%E3%82%B9%20%E5%88%BA%E7%B9%8D	レディース服	レディース	PINK HOUSE	ピンクハウス	ワンピース	派手花柄ワンピース	春夏寄り	3〜8月	1〜3週間	刺繍/レース/ビジュー	レース / 刺繍	標準サイズは相場確認	標準	3000〜6000	3000	6000	10000前後	10000	10000	約3000〜6000	3000	6000	230	750	ゆうパケットポスト〜宅急便コンパクト	中	S	85	75	80	60	早い	80	高	中	-20	中	-20	60	40	慎重	要検証	刺繍/レース/ビジュー / デザイン性	デザイン強め	相場次第	脇汗 / 黄ばみ / 目立つシミ / 強い香水臭	シミ / 脇汗 / 黄ばみ	真贋注意 / 汚れリスク / 相場確認必須	ピンクハウス ワンピース レース 刺繍	3	正面 / 背面 / ブランドタグ / 素材タグ / サイズタグ / 実寸が分かる写真 / ダメージ箇所	見つけたら即リサーチ	優先確認。利益が出れば仕入れ候補。	ブランド / 服種類 / 仕入れ値 / サイズ / 素材タグ写真 / ブランドタグ写真 / 全体写真 / 状態 / メルカリ売切相場 / 真贋確認情報	脇汗 / 黄ばみ / 目立つシミ / 虫食い / 穴/破れ / ファスナー不良 / 強い臭い / 真贋不明 / 内タグ/シリアル/品質タグ欠損	ヴィンテージ/希少ブランドで状態込み相場が確認できる場合のみ / 鑑定済み・正規タグ確認・購入元信頼性ありの場合のみ	脇汗、黄ばみ、シミ、虫食い、穴、毛玉、素材タグ、サイズ表記は確認しましたか？	ピンクハウス ワンピース	PINK HOUSE 派手花柄ワンピース	ピンクハウス 派手花柄ワンピース レース 刺繍	正面 / 背面 / ブランドタグ / 素材タグ / サイズタグ / 脇 / 襟 / 袖口 / 裾 / ダメージ箇所	条件が揃う場合のみ。迷ったら見送り
v4	RULE_0263	BRD_0064	CAT_002	TRUE	SCORE_V1	https://jp.mercari.com/search?keyword=%E6%85%88%E9%9B%A8%20%E3%83%91%E3%83%B3%E3%83%84	https://jp.mercari.com/search?keyword=%E6%85%88%E9%9B%A8%20%E5%A4%89%E5%BD%A2%E3%83%AF%E3%82%A4%E3%83%89%E3%83%91%E3%83%B3%E3%83%84	https://jp.mercari.com/search?keyword=%E6%85%88%E9%9B%A8%20%E5%A4%89%E5%BD%A2%E3%83%AF%E3%82%A4%E3%83%89%E3%83%91%E3%83%B3%E3%83%84	レディース服	レディース	慈雨	慈雨	パンツ	変形ワイドパンツ	通年	通年	2〜6週間	特になし	特になし	標準サイズは相場確認	標準	500〜3000	500	3000	6600前後	6600	6600	約2940〜5440	2940	5440	210	450	ネコポス/ゆうパケットポスト	低〜中	A	70	60	50	60	普通	60	中	低	0	低〜中	0	50	60	条件付き買い	要検証	デザイン性	デザイン強め	相場次第	状態難・相場なし・利益不足	特になし	相場確認必須	慈雨 パンツ	3	正面 / 背面 / ブランドタグ / 素材タグ / サイズタグ / 実寸が分かる写真 / ダメージ箇所	条件が合えばリサーチ	条件一致時のみ仕入れ候補。	ブランド / 服種類 / 仕入れ値 / サイズ / 素材タグ写真 / ブランドタグ写真 / 全体写真 / 状態 / メルカリ売切相場	脇汗 / 黄ばみ / 目立つシミ / 虫食い / 穴/破れ / ファスナー不良 / 強い臭い	ヴィンテージ/希少ブランドで状態込み相場が確認できる場合のみ	脇汗、黄ばみ、シミ、虫食い、穴、毛玉、素材タグ、サイズ表記は確認しましたか？	慈雨 パンツ	慈雨 変形ワイドパンツ	慈雨 変形ワイドパンツ	正面 / 背面 / ブランドタグ / 素材タグ / サイズタグ / 脇 / 襟 / 袖口 / 裾 / ダメージ箇所	利益3000円以上または低仕入れなら購入候補
v4	RULE_0264	BRD_0237	CAT_002	TRUE	SCORE_V1	https://jp.mercari.com/search?keyword=%E3%82%A2%E3%82%AA%E3%82%AD%20%E3%83%AC%E3%83%9F%E3%83%A5%E3%83%BC%20%E3%83%91%E3%83%B3%E3%83%84	https://jp.mercari.com/search?keyword=AOKI%20LES%20MUES%20%E5%A4%A7%E3%81%8D%E3%81%84%E3%82%B5%E3%82%A4%E3%82%BA%E3%83%91%E3%83%B3%E3%83%84%E3%82%B9%E3%83%BC%E3%83%84	https://jp.mercari.com/search?keyword=%E3%82%A2%E3%82%AA%E3%82%AD%20%E3%83%AC%E3%83%9F%E3%83%A5%E3%83%BC%20%E5%A4%A7%E3%81%8D%E3%81%84%E3%82%B5%E3%82%A4%E3%82%BA%E3%83%91%E3%83%B3%E3%83%84%E3%82%B9%E3%83%BC%E3%83%84%20%E5%A4%A7%E3%81%8D%E3%81%84%E3%82%B5%E3%82%A4%E3%82%BA	レディース服	レディース	AOKI LES MUES	アオキ レミュー	パンツ	大きいサイズパンツスーツ	通年	2〜4月 / 9〜11月	3〜10週間	特になし	特になし	大きいサイズ加点	大きいサイズ加点	500〜2000	500	2000	7900前後	7900	7900	約5110〜6610	5110	6610	750	1200	宅急便60〜100	高	B	55	75	50	75	遅め	60	低〜中	低	0	低〜中	0	35	58	慎重	中	大きいサイズ加点	大きいサイズ	相場次第	状態難・相場なし・利益不足	特になし	低	アオキ レミュー スーツ パンツ 大きいサイズ	5	正面 / 背面 / ブランドタグ / 素材タグ / サイズタグ / 実寸が分かる写真 / ダメージ箇所	安値のみ確認	安仕入れ・美品・相場あり限定。 回転遅めのため価格設定を保守的に。	ブランド / 服種類 / 仕入れ値 / サイズ / 素材タグ写真 / ブランドタグ写真 / 全体写真 / 状態 / メルカリ売切相場	脇汗 / テカリ強い / 股スレ / 裾破れ / 上下サイズ違い	新品タグ付き・大きいサイズ・低単価なら慎重に再確認	脇汗、襟汚れ、袖口汚れ、パンツ股スレ、上下サイズ一致は確認しましたか？	アオキ レミュー パンツ	AOKI LES MUES 大きいサイズパンツスーツ	アオキ レミュー 大きいサイズパンツスーツ 大きいサイズ	上下全体 / ブランドタグ / 素材タグ / 脇 / 襟 / 袖口 / パンツ股 / 裾 / サイズ表記	条件が揃う場合のみ。迷ったら見送り
v4	RULE_0265	BRD_0238	CAT_002	TRUE	SCORE_V1	https://jp.mercari.com/search?keyword=%E3%83%88%E3%82%A5%E3%83%87%E3%82%A4%E3%83%95%E3%83%AB%20%E3%83%96%E3%83%A9%E3%82%A6%E3%82%B9%E3%83%BB%E3%82%B7%E3%83%A3%E3%83%84	https://jp.mercari.com/search?keyword=TODAYFUL%20%E3%83%9C%E3%83%AA%E3%83%A5%E3%83%BC%E3%83%A0%E3%82%B9%E3%83%AA%E3%83%BC%E3%83%96%E3%83%96%E3%83%A9%E3%82%A6%E3%82%B9	https://jp.mercari.com/search?keyword=%E3%83%88%E3%82%A5%E3%83%87%E3%82%A4%E3%83%95%E3%83%AB%20%E3%83%9C%E3%83%AA%E3%83%A5%E3%83%BC%E3%83%A0%E3%82%B9%E3%83%AA%E3%83%BC%E3%83%96%E3%83%96%E3%83%A9%E3%82%A6%E3%82%B9	レディース服	レディース	TODAYFUL	トゥデイフル	ブラウス・シャツ	ボリュームスリーブブラウス	春夏寄り	3〜8月	2〜6週間	特になし	特になし	標準サイズは相場確認	標準	1000〜3000	1000	3000	8000前後	8000	8000	約4200〜6200	4200	6200	210	450	ネコポス/ゆうパケットポスト	低〜中	A	70	75	50	60	普通	60	中	低	0	中	-20	50	42	慎重	要検証	美品・相場あり・利益あり	人気品番/近年モデル	相場次第	脇汗 / 黄ばみ / 目立つシミ / 強い香水臭	シミ / 脇汗 / 黄ばみ	汚れリスク / 相場確認必須	トゥデイフル ブラウス シャツ	3	正面 / 背面 / ブランドタグ / 素材タグ / サイズタグ / 実寸が分かる写真 / ダメージ箇所	条件が合えばリサーチ	条件一致時のみ仕入れ候補。	ブランド / 服種類 / 仕入れ値 / サイズ / 素材タグ写真 / ブランドタグ写真 / 全体写真 / 状態 / メルカリ売切相場	脇汗 / 黄ばみ / 目立つシミ / 虫食い / 穴/破れ / ファスナー不良 / 強い臭い	ヴィンテージ/希少ブランドで状態込み相場が確認できる場合のみ	脇汗、黄ばみ、シミ、虫食い、穴、毛玉、素材タグ、サイズ表記は確認しましたか？	トゥデイフル ブラウス・シャツ	TODAYFUL ボリュームスリーブブラウス	トゥデイフル ボリュームスリーブブラウス	正面 / 背面 / ブランドタグ / 素材タグ / サイズタグ / 脇 / 襟 / 袖口 / 裾 / ダメージ箇所	条件が揃う場合のみ。迷ったら見送り
v4	RULE_0266	BRD_0239	CAT_002	TRUE	SCORE_V1	https://jp.mercari.com/search?keyword=%E3%82%B9%E3%83%AA%E3%83%BC%E3%83%AF%E3%83%B3%20%E3%83%95%E3%82%A3%E3%83%AA%E3%83%83%E3%83%97%E3%83%AA%E3%83%A0%20%E3%83%8B%E3%83%83%E3%83%88%E3%83%BB%E3%82%AB%E3%83%BC%E3%83%87%E3%82%A3%E3%82%AC%E3%83%B3	https://jp.mercari.com/search?keyword=3.1%20Phillip%20Lim%20%E5%87%9D%E3%81%A3%E3%81%9F%E3%83%87%E3%82%B6%E3%82%A4%E3%83%B3%E3%82%AB%E3%83%BC%E3%83%87%E3%82%A3%E3%82%AC%E3%83%B3	https://jp.mercari.com/search?keyword=%E3%82%B9%E3%83%AA%E3%83%BC%E3%83%AF%E3%83%B3%20%E3%83%95%E3%82%A3%E3%83%AA%E3%83%83%E3%83%97%E3%83%AA%E3%83%A0%20%E5%87%9D%E3%81%A3%E3%81%9F%E3%83%87%E3%82%B6%E3%82%A4%E3%83%B3%E3%82%AB%E3%83%BC%E3%83%87%E3%82%A3%E3%82%AC%E3%83%B3	レディース服	レディース	3.1 Phillip Lim	スリーワン フィリップリム	ニット・カーディガン	凝ったデザインカーディガン	秋冬	9〜12月	2〜6週間	特になし	特になし	標準サイズは相場確認	標準	1500〜4000	1500	4000	11000前後	11000	11000	約5900〜8400	5900	8400	230	750	ゆうパケットポスト〜宅急便コンパクト	中	A	70	60	50	60	普通	60	中	低	0	中〜高	-10	50	50	慎重	要検証	デザイン性	ブランド/状態次第	秋冬需要	虫食い / 毛玉大 / 型崩れ / 経年劣化	内側劣化 / 毛玉/毛羽立ち	経年劣化 / 相場確認必須	スリーワン フィリップリム カーディガン ニット	3	正面 / 背面 / ブランドタグ / 素材タグ / サイズタグ / 実寸が分かる写真 / ダメージ箇所	条件が合えばリサーチ	条件一致時のみ仕入れ候補。	ブランド / 服種類 / 仕入れ値 / サイズ / 素材タグ写真 / ブランドタグ写真 / 全体写真 / 状態 / メルカリ売切相場	脇汗 / 黄ばみ / 目立つシミ / 虫食い / 穴/破れ / ファスナー不良 / 強い臭い	ヴィンテージ/希少ブランドで状態込み相場が確認できる場合のみ	脇汗、黄ばみ、シミ、虫食い、穴、毛玉、素材タグ、サイズ表記は確認しましたか？	スリーワン フィリップリム ニット・カーディガン	3.1 Phillip Lim 凝ったデザインカーディガン	スリーワン フィリップリム 凝ったデザインカーディガン	正面 / 背面 / 首元 / 袖口 / 裾 / 毛玉箇所 / 素材タグ / ブランドタグ	条件が揃う場合のみ。迷ったら見送り
v4	RULE_0267	BRD_0240	CAT_002	TRUE	SCORE_V1	https://jp.mercari.com/search?keyword=%E3%82%B0%E3%83%AA%E3%83%BC%E3%83%B3%E3%83%AC%E3%83%BC%E3%83%99%E3%83%AB%E3%83%AA%E3%83%A9%E3%82%AF%E3%82%B7%E3%83%B3%E3%82%B0%20%E3%83%91%E3%83%B3%E3%83%84	https://jp.mercari.com/search?keyword=green%20label%20relaxing%20%E3%83%8E%E3%83%BC%E3%82%AB%E3%83%A9%E3%83%BC%E3%83%91%E3%83%B3%E3%83%84%E3%82%B9%E3%83%BC%E3%83%84	https://jp.mercari.com/search?keyword=%E3%82%B0%E3%83%AA%E3%83%BC%E3%83%B3%E3%83%AC%E3%83%BC%E3%83%99%E3%83%AB%E3%83%AA%E3%83%A9%E3%82%AF%E3%82%B7%E3%83%B3%E3%82%B0%20%E3%83%8E%E3%83%BC%E3%82%AB%E3%83%A9%E3%83%BC%E3%83%91%E3%83%B3%E3%83%84%E3%82%B9%E3%83%BC%E3%83%84	レディース服	レディース	green label relaxing	グリーンレーベルリラクシング	パンツ	ノーカラーパンツスーツ	通年	2〜4月 / 9〜11月	3〜10週間	特になし	特になし	標準サイズは相場確認	標準	500〜2000	500	2000	7500前後	7500	7500	約4750〜6250	4750	6250	750	1200	宅急便60〜100	高	B	55	75	50	60	遅め	60	低〜中	低	0	低〜中	0	35	56	慎重	要検証	美品・相場あり・利益あり	ブランド/状態次第	相場次第	状態難・相場なし・利益不足	特になし	相場確認必須	グリーンレーベルリラクシング スーツ パンツ	5	正面 / 背面 / ブランドタグ / 素材タグ / サイズタグ / 実寸が分かる写真 / ダメージ箇所	安値のみ確認	安仕入れ・美品・相場あり限定。 回転遅めのため価格設定を保守的に。	ブランド / 服種類 / 仕入れ値 / サイズ / 素材タグ写真 / ブランドタグ写真 / 全体写真 / 状態 / メルカリ売切相場	脇汗 / テカリ強い / 股スレ / 裾破れ / 上下サイズ違い	新品タグ付き・大きいサイズ・低単価なら慎重に再確認	脇汗、襟汚れ、袖口汚れ、パンツ股スレ、上下サイズ一致は確認しましたか？	グリーンレーベルリラクシング パンツ	green label relaxing ノーカラーパンツスーツ	グリーンレーベルリラクシング ノーカラーパンツスーツ	上下全体 / ブランドタグ / 素材タグ / 脇 / 襟 / 袖口 / パンツ股 / 裾 / サイズ表記	条件が揃う場合のみ。迷ったら見送り
v4	RULE_0268	BRD_0241	CAT_002	TRUE	SCORE_V1	https://jp.mercari.com/search?keyword=%E3%82%B5%E3%83%B3%E3%83%89%E3%83%AD%20%E3%83%8B%E3%83%83%E3%83%88%E3%83%BB%E3%82%AB%E3%83%BC%E3%83%87%E3%82%A3%E3%82%AC%E3%83%B3	https://jp.mercari.com/search?keyword=sandro%20%E9%8A%80%E3%83%9C%E3%82%BF%E3%83%B3%E3%82%AB%E3%83%BC%E3%83%87%E3%82%A3%E3%82%AC%E3%83%B3	https://jp.mercari.com/search?keyword=%E3%82%B5%E3%83%B3%E3%83%89%E3%83%AD%20%E9%8A%80%E3%83%9C%E3%82%BF%E3%83%B3%E3%82%AB%E3%83%BC%E3%83%87%E3%82%A3%E3%82%AC%E3%83%B3%20%E3%82%A6%E3%83%BC%E3%83%AB	レディース服	レディース	sandro	サンドロ	ニット・カーディガン	銀ボタンカーディガン	秋冬	9〜12月	2〜6週間	ウール	ウール	標準サイズは相場確認	標準	1500〜4000	1500	4000	10000前後	10000	10000	約5000〜7500	5000	7500	230	750	ゆうパケットポスト〜宅急便コンパクト	中	A	70	85	80	60	普通	60	中	低	0	中〜高	-10	50	56	慎重	要検証	ウール	ブランド/状態次第	秋冬需要	虫食い / 毛玉大 / 型崩れ / 経年劣化	内側劣化 / 毛玉/毛羽立ち	経年劣化 / 相場確認必須	サンドロ カーディガン ニット	3	正面 / 背面 / ブランドタグ / 素材タグ / サイズタグ / 実寸が分かる写真 / ダメージ箇所	条件が合えばリサーチ	条件一致時のみ仕入れ候補。	ブランド / 服種類 / 仕入れ値 / サイズ / 素材タグ写真 / ブランドタグ写真 / 全体写真 / 状態 / メルカリ売切相場	脇汗 / 黄ばみ / 目立つシミ / 虫食い / 穴/破れ / ファスナー不良 / 強い臭い	ヴィンテージ/希少ブランドで状態込み相場が確認できる場合のみ	脇汗、黄ばみ、シミ、虫食い、穴、毛玉、素材タグ、サイズ表記は確認しましたか？	サンドロ ニット・カーディガン	sandro 銀ボタンカーディガン	サンドロ 銀ボタンカーディガン ウール	正面 / 背面 / 首元 / 袖口 / 裾 / 毛玉箇所 / 素材タグ / ブランドタグ	条件が揃う場合のみ。迷ったら見送り
v4	RULE_0269	BRD_0242	CAT_002	TRUE	SCORE_V1	https://jp.mercari.com/search?keyword=%E3%83%AD%E3%83%BC%E3%83%AC%E3%83%B3%20%E3%83%A9%E3%83%AB%E3%83%95%E3%83%AD%E3%83%BC%E3%83%AC%E3%83%B3%20%E3%83%96%E3%83%A9%E3%82%A6%E3%82%B9%E3%83%BB%E3%82%B7%E3%83%A3%E3%83%84	https://jp.mercari.com/search?keyword=LAUREN%20RALPH%20LAUREN%20%E3%83%9C%E3%82%A6%E3%82%BF%E3%82%A4%E3%83%96%E3%83%A9%E3%82%A6%E3%82%B9	https://jp.mercari.com/search?keyword=%E3%83%AD%E3%83%BC%E3%83%AC%E3%83%B3%20%E3%83%A9%E3%83%AB%E3%83%95%E3%83%AD%E3%83%BC%E3%83%AC%E3%83%B3%20%E3%83%9C%E3%82%A6%E3%82%BF%E3%82%A4%E3%83%96%E3%83%A9%E3%82%A6%E3%82%B9	レディース服	レディース	LAUREN RALPH LAUREN	ローレン ラルフローレン	ブラウス・シャツ	ボウタイブラウス	春夏寄り	3〜8月	2〜6週間	特になし	特になし	標準サイズは相場確認	標準	1500〜3500	1500	3500	リサーチ推奨			-			210	450	ネコポス/ゆうパケットポスト	低〜中	A	70	75	50	60	普通	60	中	低	0	中	-20	50	42	慎重	要検証	美品・相場あり・利益あり	デザイン強め	相場次第	脇汗 / 黄ばみ / 目立つシミ / 強い香水臭	シミ / 脇汗 / 黄ばみ	汚れリスク / 相場確認必須	ローレン ラルフローレン ブラウス シャツ	3	正面 / 背面 / ブランドタグ / 素材タグ / サイズタグ / 実寸が分かる写真 / ダメージ箇所	条件が合えばリサーチ	条件一致時のみ仕入れ候補。	ブランド / 服種類 / 仕入れ値 / サイズ / 素材タグ写真 / ブランドタグ写真 / 全体写真 / 状態 / メルカリ売切相場	脇汗 / 黄ばみ / 目立つシミ / 虫食い / 穴/破れ / ファスナー不良 / 強い臭い	ヴィンテージ/希少ブランドで状態込み相場が確認できる場合のみ	脇汗、黄ばみ、シミ、虫食い、穴、毛玉、素材タグ、サイズ表記は確認しましたか？	ローレン ラルフローレン ブラウス・シャツ	LAUREN RALPH LAUREN ボウタイブラウス	ローレン ラルフローレン ボウタイブラウス	正面 / 背面 / ブランドタグ / 素材タグ / サイズタグ / 脇 / 襟 / 袖口 / 裾 / ダメージ箇所	条件が揃う場合のみ。迷ったら見送り
v4	RULE_0270	BRD_0243	CAT_002	TRUE	SCORE_V1	https://jp.mercari.com/search?keyword=%E3%83%9F%E3%83%A5%E3%83%BC%E3%82%BA%20%E3%83%89%E3%82%A5%20%E3%83%89%E3%82%A5%E3%83%BC%E3%82%BA%E3%82%A3%E3%82%A8%E3%83%A0%E3%82%AF%E3%83%A9%E3%82%B9%20%E3%83%96%E3%83%A9%E3%82%A6%E3%82%B9%E3%83%BB%E3%82%B7%E3%83%A3%E3%83%84	https://jp.mercari.com/search?keyword=MUSE%20de%20Deuxieme%20Classe%20%E9%87%91%E3%83%97%E3%83%AC%E3%83%BC%E3%83%88%E4%BB%98%E3%81%8D%E3%82%B7%E3%83%A3%E3%83%84	https://jp.mercari.com/search?keyword=%E3%83%9F%E3%83%A5%E3%83%BC%E3%82%BA%20%E3%83%89%E3%82%A5%20%E3%83%89%E3%82%A5%E3%83%BC%E3%82%BA%E3%82%A3%E3%82%A8%E3%83%A0%E3%82%AF%E3%83%A9%E3%82%B9%20%E9%87%91%E3%83%97%E3%83%AC%E3%83%BC%E3%83%88%E4%BB%98%E3%81%8D%E3%82%B7%E3%83%A3%E3%83%84	レディース服	レディース	MUSE de Deuxieme Classe	ミューズ ドゥ ドゥーズィエムクラス	ブラウス・シャツ	金プレート付きシャツ	春夏寄り	3〜8月	2〜6週間	特になし	特になし	標準サイズは相場確認	標準	1000〜3000	1000	3000	5000前後	5000	5000	約1500〜3500	1500	3500	210	450	ネコポス/ゆうパケットポスト	低〜中	A	70	75	50	60	普通	60	中	低	0	中	-20	50	42	慎重	要検証	美品・相場あり・利益あり	ブランド/状態次第	相場次第	脇汗 / 黄ばみ / 目立つシミ / 強い香水臭	シミ / 脇汗 / 黄ばみ	汚れリスク / 相場確認必須	ミューズ ドゥ ドゥーズィエムクラス ブラウス シャツ	3	正面 / 背面 / ブランドタグ / 素材タグ / サイズタグ / 実寸が分かる写真 / ダメージ箇所	条件が合えばリサーチ	条件一致時のみ仕入れ候補。	ブランド / 服種類 / 仕入れ値 / サイズ / 素材タグ写真 / ブランドタグ写真 / 全体写真 / 状態 / メルカリ売切相場	脇汗 / 黄ばみ / 目立つシミ / 虫食い / 穴/破れ / ファスナー不良 / 強い臭い	ヴィンテージ/希少ブランドで状態込み相場が確認できる場合のみ	脇汗、黄ばみ、シミ、虫食い、穴、毛玉、素材タグ、サイズ表記は確認しましたか？	ミューズ ドゥ ドゥーズィエムクラス ブラウス・シャツ	MUSE de Deuxieme Classe 金プレート付きシャツ	ミューズ ドゥ ドゥーズィエムクラス 金プレート付きシャツ	正面 / 背面 / ブランドタグ / 素材タグ / サイズタグ / 脇 / 襟 / 袖口 / 裾 / ダメージ箇所	条件が揃う場合のみ。迷ったら見送り
v4	RULE_0271	BRD_0244	CAT_002	TRUE	SCORE_V1	https://jp.mercari.com/search?keyword=%E3%82%BB%E3%82%B6%E3%83%B3%E3%83%8C%20%E3%83%96%E3%83%A9%E3%82%A6%E3%82%B9%E3%83%BB%E3%82%B7%E3%83%A3%E3%83%84	https://jp.mercari.com/search?keyword=S%C3%89ZANE%20%E3%83%91%E3%83%AA%E7%99%BA%E3%83%96%E3%83%A9%E3%83%B3%E3%83%89	https://jp.mercari.com/search?keyword=%E3%82%BB%E3%82%B6%E3%83%B3%E3%83%8C%20%E3%83%91%E3%83%AA%E7%99%BA%E3%83%96%E3%83%A9%E3%83%B3%E3%83%89	レディース服	レディース	SÉZANE	セザンヌ	ブラウス・シャツ	パリ発ブランド ブラウス	春夏寄り	3〜8月	2〜6週間	特になし	特になし	標準サイズは相場確認	標準	2000〜5000	2000	5000	7000〜15000	7000	15000	約1300〜11500	1300	11500	210	450	ネコポス/ゆうパケットポスト	低〜中	A	70	75	50	60	普通	60	中	低	0	中	-20	50	42	慎重	要検証	美品・相場あり・利益あり	ブランド/状態次第	相場次第	脇汗 / 黄ばみ / 目立つシミ / 強い香水臭	シミ / 脇汗 / 黄ばみ	汚れリスク / 相場確認必須	セザンヌ ブラウス シャツ	3	正面 / 背面 / ブランドタグ / 素材タグ / サイズタグ / 実寸が分かる写真 / ダメージ箇所	条件が合えばリサーチ	条件一致時のみ仕入れ候補。	ブランド / 服種類 / 仕入れ値 / サイズ / 素材タグ写真 / ブランドタグ写真 / 全体写真 / 状態 / メルカリ売切相場	脇汗 / 黄ばみ / 目立つシミ / 虫食い / 穴/破れ / ファスナー不良 / 強い臭い	ヴィンテージ/希少ブランドで状態込み相場が確認できる場合のみ	脇汗、黄ばみ、シミ、虫食い、穴、毛玉、素材タグ、サイズ表記は確認しましたか？	セザンヌ ブラウス・シャツ	SÉZANE パリ発ブランド	セザンヌ パリ発ブランド	正面 / 背面 / ブランドタグ / 素材タグ / サイズタグ / 脇 / 襟 / 袖口 / 裾 / ダメージ箇所	条件が揃う場合のみ。迷ったら見送り
v4	RULE_0272	BRD_0245	CAT_002	TRUE	SCORE_V1	https://jp.mercari.com/search?keyword=%E3%83%80%E3%82%BA%E3%83%AA%E3%83%B3%20%E3%83%AF%E3%83%B3%E3%83%94%E3%83%BC%E3%82%B9	https://jp.mercari.com/search?keyword=dazzlin%20%E3%83%90%E3%83%83%E3%82%AF%E3%83%AA%E3%83%9C%E3%83%B3	https://jp.mercari.com/search?keyword=%E3%83%80%E3%82%BA%E3%83%AA%E3%83%B3%20%E3%83%90%E3%83%83%E3%82%AF%E3%83%AA%E3%83%9C%E3%83%B3	レディース服	レディース	dazzlin	ダズリン	ワンピース	バックリボン ドッキングワンピース	春夏寄り	3〜8月	4〜12週間	特になし	特になし	標準サイズは相場確認	標準	500〜1500	500	1500	4000〜6000	4000	6000	約2100〜4900	2100	4900	230	750	ゆうパケットポスト〜宅急便コンパクト	中	C	40	75	50	60	遅い	40	低	低	0	中	-20	25	24	見送り	要検証	美品・相場あり・利益あり	ブランド/状態次第	相場次第	脇汗 / 黄ばみ / 目立つシミ / 強い香水臭	シミ / 脇汗 / 黄ばみ	汚れリスク / 相場確認必須	ダズリン ワンピース	5	正面 / 背面 / ブランドタグ / 素材タグ / サイズタグ / 実寸が分かる写真 / ダメージ箇所	基本見送り寄り	原則慎重。超安値以外は見送り。 回転遅めのため価格設定を保守的に。	ブランド / 服種類 / 仕入れ値 / サイズ / 素材タグ写真 / ブランドタグ写真 / 全体写真 / 状態 / メルカリ売切相場	脇汗 / 黄ばみ / 目立つシミ / 虫食い / 穴/破れ / ファスナー不良 / 強い臭い	ヴィンテージ/希少ブランドで状態込み相場が確認できる場合のみ	脇汗、黄ばみ、シミ、虫食い、穴、毛玉、素材タグ、サイズ表記は確認しましたか？	ダズリン ワンピース	dazzlin バックリボン	ダズリン バックリボン	正面 / 背面 / ブランドタグ / 素材タグ / サイズタグ / 脇 / 襟 / 袖口 / 裾 / ダメージ箇所	原則見送り
v4	RULE_0273	BRD_0246	CAT_002	TRUE	SCORE_V1	https://jp.mercari.com/search?keyword=%E3%82%BD%E3%83%A9%E3%83%A2%E3%83%8A%E3%83%BB%E3%83%A9%E3%83%BC%E3%83%A0%20%E3%83%91%E3%83%B3%E3%83%84	https://jp.mercari.com/search?keyword=SOLAMONAT%20LA%C3%9CM%20%E3%83%AF%E3%82%A4%E3%83%89%E3%83%91%E3%83%B3%E3%83%84	https://jp.mercari.com/search?keyword=%E3%82%BD%E3%83%A9%E3%83%A2%E3%83%8A%E3%83%BB%E3%83%A9%E3%83%BC%E3%83%A0%20%E3%83%AF%E3%82%A4%E3%83%89%E3%83%91%E3%83%B3%E3%83%84	レディース服	レディース	SOLAMONAT LAÜM	ソラモナ・ラーム	パンツ	ワイドパンツ	通年	通年	2〜6週間	特になし	特になし	標準サイズは相場確認	標準	2000〜5000	2000	5000	10000〜20000	10000	20000	約5000〜16000	4000	16000	210	450	ネコポス/ゆうパケットポスト	低〜中	A	70	60	50	60	普通	60	高	低	0	低〜中	-10	50	56	慎重	要検証	美品・相場あり・利益あり	ブランド/状態次第	ナチュラル系	状態難・相場なし・利益不足	穴/破れ	相場確認必須	ソラモナ・ラーム パンツ	3	正面 / 背面 / ブランドタグ / 素材タグ / サイズタグ / 実寸が分かる写真 / ダメージ箇所	条件が合えばリサーチ	条件一致時のみ仕入れ候補。	ブランド / 服種類 / 仕入れ値 / サイズ / 素材タグ写真 / ブランドタグ写真 / 全体写真 / 状態 / メルカリ売切相場	脇汗 / 黄ばみ / 目立つシミ / 虫食い / 穴/破れ / ファスナー不良 / 強い臭い	ヴィンテージ/希少ブランドで状態込み相場が確認できる場合のみ	脇汗、黄ばみ、シミ、虫食い、穴、毛玉、素材タグ、サイズ表記は確認しましたか？	ソラモナ・ラーム パンツ	SOLAMONAT LAÜM ワイドパンツ	ソラモナ・ラーム ワイドパンツ	正面 / 背面 / ブランドタグ / 素材タグ / サイズタグ / 脇 / 襟 / 袖口 / 裾 / ダメージ箇所	条件が揃う場合のみ。迷ったら見送り
v4	RULE_0274	BRD_0247	CAT_002	TRUE	SCORE_V1	https://jp.mercari.com/search?keyword=%E3%82%AF%E3%83%AC%E3%83%83%E3%83%88%20%E3%83%AF%E3%83%B3%E3%83%94%E3%83%BC%E3%82%B9	https://jp.mercari.com/search?keyword=Qulett%20%E5%A4%A7%E3%81%8D%E3%81%84%E3%82%B5%E3%82%A4%E3%82%BA%E5%B0%82%E9%96%80%E3%83%AF%E3%83%B3%E3%83%94%E3%83%BC%E3%82%B9	https://jp.mercari.com/search?keyword=%E3%82%AF%E3%83%AC%E3%83%83%E3%83%88%20%E5%A4%A7%E3%81%8D%E3%81%84%E3%82%B5%E3%82%A4%E3%82%BA%E5%B0%82%E9%96%80%E3%83%AF%E3%83%B3%E3%83%94%E3%83%BC%E3%82%B9%20%E5%A4%A7%E3%81%8D%E3%81%84%E3%82%B5%E3%82%A4%E3%82%BA	レディース服	レディース	Qulett	クレット	ワンピース	大きいサイズ専門ワンピース	春夏寄り	3〜8月	3〜10週間	特になし	特になし	大きいサイズ加点	大きいサイズ加点	500〜1500	500	1500	4000〜5000	4000	5000	約2100〜4000	2100	4000	230	750	ゆうパケットポスト〜宅急便コンパクト	中	B	55	75	50	75	遅め	60	低〜中	低	0	中	-20	50	40	慎重	中	大きいサイズ加点	大きいサイズ	相場次第	脇汗 / 黄ばみ / 目立つシミ / 強い香水臭	シミ / 脇汗 / 黄ばみ	汚れリスク	クレット ワンピース 大きいサイズ	5	正面 / 背面 / ブランドタグ / 素材タグ / サイズタグ / 実寸が分かる写真 / ダメージ箇所	安値のみ確認	安仕入れ・美品・相場あり限定。 回転遅めのため価格設定を保守的に。	ブランド / 服種類 / 仕入れ値 / サイズ / 素材タグ写真 / ブランドタグ写真 / 全体写真 / 状態 / メルカリ売切相場	脇汗 / 黄ばみ / 目立つシミ / 虫食い / 穴/破れ / ファスナー不良 / 強い臭い	ヴィンテージ/希少ブランドで状態込み相場が確認できる場合のみ	脇汗、黄ばみ、シミ、虫食い、穴、毛玉、素材タグ、サイズ表記は確認しましたか？	クレット ワンピース	Qulett 大きいサイズ専門ワンピース	クレット 大きいサイズ専門ワンピース 大きいサイズ	正面 / 背面 / ブランドタグ / 素材タグ / サイズタグ / 脇 / 襟 / 袖口 / 裾 / ダメージ箇所	条件が揃う場合のみ。迷ったら見送り
v4	RULE_0275	BRD_0248	CAT_002	TRUE	SCORE_V1	https://jp.mercari.com/search?keyword=%E3%83%AA%E3%83%8E%E3%83%BC%E3%83%A0%20%E3%83%AF%E3%83%B3%E3%83%94%E3%83%BC%E3%82%B9	https://jp.mercari.com/search?keyword=ReNorm%20%E3%83%99%E3%82%B9%E3%83%88%E4%BB%98%E3%81%8D%E3%82%B8%E3%83%A3%E3%83%B3%E3%82%B9%E3%82%AB	https://jp.mercari.com/search?keyword=%E3%83%AA%E3%83%8E%E3%83%BC%E3%83%A0%20%E3%83%99%E3%82%B9%E3%83%88%E4%BB%98%E3%81%8D%E3%82%B8%E3%83%A3%E3%83%B3%E3%82%B9%E3%82%AB	レディース服	レディース	ReNorm	リノーム	ワンピース	ベスト付きジャンスカ	春夏寄り	3〜8月	3〜10週間	特になし	特になし	標準サイズは相場確認	標準	2000〜4000	2000	4000	7000〜8000	7000	8000	約2300〜5200	2300	5200	230	750	ゆうパケットポスト〜宅急便コンパクト	中	B	55	75	50	60	遅め	60	低〜中	低	0	中	-20	35	36	見送り	要検証	美品・相場あり・利益あり	ブランド/状態次第	相場次第	脇汗 / 黄ばみ / 目立つシミ / 強い香水臭	シミ / 脇汗 / 黄ばみ	汚れリスク / 相場確認必須	リノーム ワンピース	5	正面 / 背面 / ブランドタグ / 素材タグ / サイズタグ / 実寸が分かる写真 / ダメージ箇所	安値のみ確認	安仕入れ・美品・相場あり限定。 回転遅めのため価格設定を保守的に。	ブランド / 服種類 / 仕入れ値 / サイズ / 素材タグ写真 / ブランドタグ写真 / 全体写真 / 状態 / メルカリ売切相場	脇汗 / 黄ばみ / 目立つシミ / 虫食い / 穴/破れ / ファスナー不良 / 強い臭い	ヴィンテージ/希少ブランドで状態込み相場が確認できる場合のみ	脇汗、黄ばみ、シミ、虫食い、穴、毛玉、素材タグ、サイズ表記は確認しましたか？	リノーム ワンピース	ReNorm ベスト付きジャンスカ	リノーム ベスト付きジャンスカ	正面 / 背面 / ブランドタグ / 素材タグ / サイズタグ / 脇 / 襟 / 袖口 / 裾 / ダメージ箇所	原則見送り
v4	RULE_0276	BRD_0249	CAT_002	TRUE	SCORE_V1	https://jp.mercari.com/search?keyword=%E3%82%AA%E3%83%9A%E3%83%BC%E3%82%AF%E3%83%89%E3%83%83%E3%83%88%E3%82%AF%E3%83%AA%E3%83%83%E3%83%97%20%E3%82%B9%E3%83%BC%E3%83%84%E3%83%BB%E3%82%BB%E3%83%83%E3%83%88%E3%82%A2%E3%83%83%E3%83%97	https://jp.mercari.com/search?keyword=OPAQUE.CLIP%20%E3%83%91%E3%83%BC%E3%83%AB%E3%83%9C%E3%82%BF%E3%83%B3%E3%82%B8%E3%83%A3%E3%82%B1%E3%83%83%E3%83%88	https://jp.mercari.com/search?keyword=%E3%82%AA%E3%83%9A%E3%83%BC%E3%82%AF%E3%83%89%E3%83%83%E3%83%88%E3%82%AF%E3%83%AA%E3%83%83%E3%83%97%20%E3%83%91%E3%83%BC%E3%83%AB%E3%83%9C%E3%82%BF%E3%83%B3%E3%82%B8%E3%83%A3%E3%82%B1%E3%83%83%E3%83%88	レディース服	レディース	OPAQUE.CLIP	オペークドットクリップ	スーツ・セットアップ	パールボタンジャケット	通年	2〜4月 / 9〜11月	3〜10週間	特になし	特になし	標準サイズは相場確認	標準	500〜2000	500	2000	5000〜8000	5000	8000	約2500〜6700	2500	6700	750	1200	宅急便60〜100	高	B	55	75	50	60	遅め	60	低〜中	低	0	中	-20	35	36	見送り	要検証	美品・相場あり・利益あり	デザイン強め	相場次第	脇汗 / 黄ばみ / 目立つシミ / 強い香水臭	シミ / 脇汗 / 黄ばみ	汚れリスク / 相場確認必須	オペークドットクリップ スーツ ジャケット	5	正面 / 背面 / ブランドタグ / 素材タグ / サイズタグ / 実寸が分かる写真 / ダメージ箇所	安値のみ確認	安仕入れ・美品・相場あり限定。 回転遅めのため価格設定を保守的に。	ブランド / 服種類 / 仕入れ値 / サイズ / 素材タグ写真 / ブランドタグ写真 / 全体写真 / 状態 / メルカリ売切相場	脇汗 / テカリ強い / 股スレ / 裾破れ / 上下サイズ違い	新品タグ付き・大きいサイズ・低単価なら慎重に再確認	脇汗、襟汚れ、袖口汚れ、パンツ股スレ、上下サイズ一致は確認しましたか？	オペークドットクリップ スーツ・セットアップ	OPAQUE.CLIP パールボタンジャケット	オペークドットクリップ パールボタンジャケット	上下全体 / ブランドタグ / 素材タグ / 脇 / 襟 / 袖口 / パンツ股 / 裾 / サイズ表記	原則見送り
v4	RULE_0277	BRD_0038	CAT_002	TRUE	SCORE_V1	https://jp.mercari.com/search?keyword=%E3%83%9F%E3%83%A9%E3%82%AA%E3%83%BC%E3%82%A6%E3%82%A7%E3%83%B3%20%E3%82%B9%E3%83%BC%E3%83%84%E3%83%BB%E3%82%BB%E3%83%83%E3%83%88%E3%82%A2%E3%83%83%E3%83%97	https://jp.mercari.com/search?keyword=Mila%20Owen%20%E9%87%91%E3%83%9C%E3%82%BF%E3%83%B3%E7%B4%BA%E3%83%96%E3%83%AC	https://jp.mercari.com/search?keyword=%E3%83%9F%E3%83%A9%E3%82%AA%E3%83%BC%E3%82%A6%E3%82%A7%E3%83%B3%20%E9%87%91%E3%83%9C%E3%82%BF%E3%83%B3%E7%B4%BA%E3%83%96%E3%83%AC	レディース服	レディース	Mila Owen	ミラオーウェン	スーツ・セットアップ	金ボタン紺ブレ	通年	2〜4月 / 9〜11月	2〜6週間	特になし	特になし	標準サイズは相場確認	標準	1000〜3000	1000	3000	9500前後	9500	9500	約5550〜7550	5550	7550	750	1200	宅急便60〜100	高	A	70	75	50	60	普通	60	中	低	0	中	-20	50	42	慎重	要検証	美品・相場あり・利益あり	デザイン強め	相場次第	脇汗 / 黄ばみ / 目立つシミ / 強い香水臭	シミ / 脇汗 / 黄ばみ	汚れリスク / 相場確認必須	ミラオーウェン スーツ	3	正面 / 背面 / ブランドタグ / 素材タグ / サイズタグ / 実寸が分かる写真 / ダメージ箇所	条件が合えばリサーチ	条件一致時のみ仕入れ候補。	ブランド / 服種類 / 仕入れ値 / サイズ / 素材タグ写真 / ブランドタグ写真 / 全体写真 / 状態 / メルカリ売切相場	脇汗 / テカリ強い / 股スレ / 裾破れ / 上下サイズ違い	新品タグ付き・大きいサイズ・低単価なら慎重に再確認	脇汗、襟汚れ、袖口汚れ、パンツ股スレ、上下サイズ一致は確認しましたか？	ミラオーウェン スーツ・セットアップ	Mila Owen 金ボタン紺ブレ	ミラオーウェン 金ボタン紺ブレ	上下全体 / ブランドタグ / 素材タグ / 脇 / 襟 / 袖口 / パンツ股 / 裾 / サイズ表記	条件が揃う場合のみ。迷ったら見送り
v4	RULE_0278	BRD_0035	CAT_002	TRUE	SCORE_V1	https://jp.mercari.com/search?keyword=%E3%83%95%E3%83%AC%E3%82%A4%E3%82%A2%E3%82%A4%E3%83%87%E3%82%A3%E3%83%BC%20%E3%82%B9%E3%83%BC%E3%83%84%E3%83%BB%E3%82%BB%E3%83%83%E3%83%88%E3%82%A2%E3%83%83%E3%83%97	https://jp.mercari.com/search?keyword=FRAY%20I.D%20%E3%83%80%E3%83%96%E3%83%AB%E7%B4%BA%E3%83%96%E3%83%AC	https://jp.mercari.com/search?keyword=%E3%83%95%E3%83%AC%E3%82%A4%E3%82%A2%E3%82%A4%E3%83%87%E3%82%A3%E3%83%BC%20%E3%83%80%E3%83%96%E3%83%AB%E7%B4%BA%E3%83%96%E3%83%AC	レディース服	レディース	FRAY I.D	フレイアイディー	スーツ・セットアップ	ダブル紺ブレ	通年	2〜4月 / 9〜11月	2〜6週間	特になし	特になし	標準サイズは相場確認	標準	1000〜3000	1000	3000	9500前後	9500	9500	約5550〜7550	5550	7550	750	1200	宅急便60〜100	高	A	70	75	50	60	普通	60	中	低	0	中	-20	50	42	慎重	要検証	美品・相場あり・利益あり	人気品番/近年モデル	相場次第	脇汗 / 黄ばみ / 目立つシミ / 強い香水臭	シミ / 脇汗 / 黄ばみ	汚れリスク / 相場確認必須	フレイアイディー スーツ	3	正面 / 背面 / ブランドタグ / 素材タグ / サイズタグ / 実寸が分かる写真 / ダメージ箇所	条件が合えばリサーチ	条件一致時のみ仕入れ候補。	ブランド / 服種類 / 仕入れ値 / サイズ / 素材タグ写真 / ブランドタグ写真 / 全体写真 / 状態 / メルカリ売切相場	脇汗 / テカリ強い / 股スレ / 裾破れ / 上下サイズ違い	新品タグ付き・大きいサイズ・低単価なら慎重に再確認	脇汗、襟汚れ、袖口汚れ、パンツ股スレ、上下サイズ一致は確認しましたか？	フレイアイディー スーツ・セットアップ	FRAY I.D ダブル紺ブレ	フレイアイディー ダブル紺ブレ	上下全体 / ブランドタグ / 素材タグ / 脇 / 襟 / 袖口 / パンツ股 / 裾 / サイズ表記	条件が揃う場合のみ。迷ったら見送り
v4	RULE_0279	BRD_0250	CAT_002	TRUE	SCORE_V1	https://jp.mercari.com/search?keyword=%E7%B5%84%E6%9B%B2%EF%BC%8F%E3%82%A8%E3%83%8B%E3%82%A3%E3%82%B9%E3%82%A3%E3%82%B9%20%E3%82%B9%E3%83%BC%E3%83%84%E3%83%BB%E3%82%BB%E3%83%83%E3%83%88%E3%82%A2%E3%83%83%E3%83%97	https://jp.mercari.com/search?keyword=KUMIKYOKU%20/%20any%20SiS%20%E3%83%91%E3%83%BC%E3%83%AB%E3%83%9C%E3%82%BF%E3%83%B3	https://jp.mercari.com/search?keyword=%E7%B5%84%E6%9B%B2%EF%BC%8F%E3%82%A8%E3%83%8B%E3%82%A3%E3%82%B9%E3%82%A3%E3%82%B9%20%E3%83%91%E3%83%BC%E3%83%AB%E3%83%9C%E3%82%BF%E3%83%B3	レディース服	レディース	KUMIKYOKU / any SiS	組曲／エニィスィス	スーツ・セットアップ	パールボタン ツイードジャケット	通年	2〜4月 / 9〜11月	3〜10週間	特になし	特になし	標準サイズは相場確認	標準	500〜2000	500	2000	6400前後	6400	6400	約3760〜5260	3760	5260	750	1200	宅急便60〜100	高	B	55	75	50	60	遅め	60	低〜中	低	0	中	-20	35	36	見送り	要検証	美品・相場あり・利益あり	オケージョン / デザイン強め	相場次第	脇汗 / 黄ばみ / 目立つシミ / 強い香水臭	シミ / 脇汗 / 黄ばみ	汚れリスク / 相場確認必須	組曲／エニィスィス スーツ ジャケット	5	正面 / 背面 / ブランドタグ / 素材タグ / サイズタグ / 実寸が分かる写真 / ダメージ箇所	安値のみ確認	安仕入れ・美品・相場あり限定。 回転遅めのため価格設定を保守的に。	ブランド / 服種類 / 仕入れ値 / サイズ / 素材タグ写真 / ブランドタグ写真 / 全体写真 / 状態 / メルカリ売切相場	脇汗 / テカリ強い / 股スレ / 裾破れ / 上下サイズ違い	新品タグ付き・大きいサイズ・低単価なら慎重に再確認	脇汗、襟汚れ、袖口汚れ、パンツ股スレ、上下サイズ一致は確認しましたか？	組曲／エニィスィス スーツ・セットアップ	KUMIKYOKU / any SiS パールボタン	組曲／エニィスィス パールボタン	上下全体 / ブランドタグ / 素材タグ / 脇 / 襟 / 袖口 / パンツ股 / 裾 / サイズ表記	原則見送り
v4	RULE_0280	BRD_0251	CAT_002	TRUE	SCORE_V1	https://jp.mercari.com/search?keyword=%E3%82%A4%E3%83%B3%E3%83%87%E3%82%A3%E3%83%B4%E3%82%A3%20%E3%83%91%E3%83%B3%E3%83%84	https://jp.mercari.com/search?keyword=INDIVI%20%E3%83%8E%E3%83%BC%E3%82%AB%E3%83%A9%E3%83%BC%E3%83%91%E3%83%B3%E3%83%84%E3%82%B9%E3%83%BC%E3%83%84	https://jp.mercari.com/search?keyword=%E3%82%A4%E3%83%B3%E3%83%87%E3%82%A3%E3%83%B4%E3%82%A3%20%E3%83%8E%E3%83%BC%E3%82%AB%E3%83%A9%E3%83%BC%E3%83%91%E3%83%B3%E3%83%84%E3%82%B9%E3%83%BC%E3%83%84%20%E5%A4%A7%E3%81%8D%E3%81%84%E3%82%B5%E3%82%A4%E3%82%BA	レディース服	レディース	INDIVI	インディヴィ	パンツ	ノーカラーパンツスーツ	通年	2〜4月 / 9〜11月	3〜10週間	特になし	特になし	大きいサイズ加点	大きいサイズ加点	1000〜3000	1000	3000	8000前後	8000	8000	約4200〜6200	4200	6200	750	1200	宅急便60〜100	高	B	55	75	50	75	遅め	60	低〜中	低	0	低〜中	0	35	58	慎重	中	大きいサイズ加点	大きいサイズ	相場次第	状態難・相場なし・利益不足	特になし	低	インディヴィ スーツ パンツ 大きいサイズ	5	正面 / 背面 / ブランドタグ / 素材タグ / サイズタグ / 実寸が分かる写真 / ダメージ箇所	安値のみ確認	安仕入れ・美品・相場あり限定。 回転遅めのため価格設定を保守的に。	ブランド / 服種類 / 仕入れ値 / サイズ / 素材タグ写真 / ブランドタグ写真 / 全体写真 / 状態 / メルカリ売切相場	脇汗 / テカリ強い / 股スレ / 裾破れ / 上下サイズ違い	新品タグ付き・大きいサイズ・低単価なら慎重に再確認	脇汗、襟汚れ、袖口汚れ、パンツ股スレ、上下サイズ一致は確認しましたか？	インディヴィ パンツ	INDIVI ノーカラーパンツスーツ	インディヴィ ノーカラーパンツスーツ 大きいサイズ	上下全体 / ブランドタグ / 素材タグ / 脇 / 襟 / 袖口 / パンツ股 / 裾 / サイズ表記	条件が揃う場合のみ。迷ったら見送り
v4	RULE_0281	BRD_0252	CAT_002	TRUE	SCORE_V1	https://jp.mercari.com/search?keyword=%E3%82%AD%E3%83%A3%E3%83%94%E3%82%BF%E3%83%AB%20%E3%83%96%E3%83%A9%E3%82%A6%E3%82%B9%E3%83%BB%E3%82%B7%E3%83%A3%E3%83%84	https://jp.mercari.com/search?keyword=KAPITAL%20%E3%82%A4%E3%83%B3%E3%83%87%E3%82%A3%E3%82%B4%E6%9F%93%E3%82%81%E3%82%B7%E3%83%A3%E3%83%84%E3%82%B8%E3%83%A3%E3%82%B1%E3%83%83%E3%83%88	https://jp.mercari.com/search?keyword=%E3%82%AD%E3%83%A3%E3%83%94%E3%82%BF%E3%83%AB%20%E3%82%A4%E3%83%B3%E3%83%87%E3%82%A3%E3%82%B4%E6%9F%93%E3%82%81%E3%82%B7%E3%83%A3%E3%83%84%E3%82%B8%E3%83%A3%E3%82%B1%E3%83%83%E3%83%88	レディース服	レディース	KAPITAL	キャピタル	ブラウス・シャツ	インディゴ染めシャツジャケット	春夏寄り	3〜8月	2〜6週間	インディゴ/藍染	インディゴ	標準サイズは相場確認	標準	3000〜6000	3000	6000	8000〜15000	8000	15000	約1200〜10500	1200	10500	750	1200	宅急便60〜100	高	A	70	75	65	60	普通	60	中	中	-20	中	-20	50	23	見送り	要検証	インディゴ/藍染	ブランド/状態次第	相場次第	脇汗 / 黄ばみ / 目立つシミ / 強い香水臭	シミ / 脇汗 / 黄ばみ	真贋注意 / 汚れリスク / 相場確認必須	キャピタル ブラウス シャツ ジャケット	3	正面 / 背面 / ブランドタグ / 素材タグ / サイズタグ / 実寸が分かる写真 / ダメージ箇所	条件が合えばリサーチ	条件一致時のみ仕入れ候補。	ブランド / 服種類 / 仕入れ値 / サイズ / 素材タグ写真 / ブランドタグ写真 / 全体写真 / 状態 / メルカリ売切相場 / 真贋確認情報	脇汗 / テカリ強い / 股スレ / 裾破れ / 上下サイズ違い / 真贋不明 / 内タグ/シリアル/品質タグ欠損	新品タグ付き・大きいサイズ・低単価なら慎重に再確認 / 鑑定済み・正規タグ確認・購入元信頼性ありの場合のみ	脇汗、襟汚れ、袖口汚れ、パンツ股スレ、上下サイズ一致は確認しましたか？	キャピタル ブラウス・シャツ	KAPITAL インディゴ染めシャツジャケット	キャピタル インディゴ染めシャツジャケット	上下全体 / ブランドタグ / 素材タグ / 脇 / 襟 / 袖口 / パンツ股 / 裾 / サイズ表記	原則見送り
v4	RULE_0282	BRD_0253	CAT_002	TRUE	SCORE_V1	https://jp.mercari.com/search?keyword=%E3%83%AC%E3%82%B8%E3%83%A3%20%E3%83%AF%E3%83%B3%E3%83%94%E3%83%BC%E3%82%B9	https://jp.mercari.com/search?keyword=Leja%20%E3%82%AA%E3%82%B1%E3%83%BC%E3%82%B8%E3%83%A7%E3%83%B3	https://jp.mercari.com/search?keyword=%E3%83%AC%E3%82%B8%E3%83%A3%20%E3%82%AA%E3%82%B1%E3%83%BC%E3%82%B8%E3%83%A7%E3%83%B3%20%E3%83%AC%E3%83%BC%E3%82%B9%20%E5%88%BA%E7%B9%8D	レディース服	レディース	Leja	レジャ	ワンピース	オケージョン ロングワンピース	通年	2〜4月 / 9〜11月	2〜6週間	刺繍/レース/ビジュー	レース / 刺繍	標準サイズは相場確認	標準	3000〜6000	3000	6000	15000前後	15000	15000	約7500〜10500	7500	10500	230	750	ゆうパケットポスト〜宅急便コンパクト	中	A	70	85	80	60	普通	60	中	低	0	中〜高	-10	50	56	慎重	要検証	刺繍/レース/ビジュー / 式典・結婚式需要	オケージョン / ロング丈 / デザイン強め	相場次第	脇汗 / 黄ばみ / 目立つシミ / 強い香水臭 / 経年劣化	シミ / 脇汗 / 黄ばみ / 内側劣化	経年劣化 / 汚れリスク / 相場確認必須	レジャ ワンピース レース 刺繍	3	正面 / 背面 / ブランドタグ / 素材タグ / サイズタグ / 実寸が分かる写真 / ダメージ箇所	条件が合えばリサーチ	条件一致時のみ仕入れ候補。	ブランド / 服種類 / 仕入れ値 / サイズ / 素材タグ写真 / ブランドタグ写真 / 全体写真 / 状態 / メルカリ売切相場	脇汗 / 黄ばみ / 目立つシミ / 虫食い / 穴/破れ / ファスナー不良 / 強い臭い	ヴィンテージ/希少ブランドで状態込み相場が確認できる場合のみ	レースほつれ、ビジュー欠け、脇汗、裏地汚れ、ファスナー不良はありますか？	レジャ ワンピース	Leja オケージョン	レジャ オケージョン レース 刺繍	正面 / 背面 / ブランドタグ / 素材タグ / サイズタグ / 脇 / 襟 / 袖口 / 裾 / ダメージ箇所	条件が揃う場合のみ。迷ったら見送り
v4	RULE_0283	BRD_0254	CAT_002	TRUE	SCORE_V1	https://jp.mercari.com/search?keyword=%E3%83%88%E3%83%83%E3%83%97%E3%83%90%E3%83%AA%E3%83%A5%20%E3%82%B9%E3%83%BC%E3%83%84%E3%83%BB%E3%82%BB%E3%83%83%E3%83%88%E3%82%A2%E3%83%83%E3%83%97	https://jp.mercari.com/search?keyword=TOPVALU%2013%E5%8F%B7	https://jp.mercari.com/search?keyword=%E3%83%88%E3%83%83%E3%83%97%E3%83%90%E3%83%AA%E3%83%A5%2013%E5%8F%B7%20%E5%A4%A7%E3%81%8D%E3%81%84%E3%82%B5%E3%82%A4%E3%82%BA	レディース服	レディース	TOPVALU	トップバリュ	スーツ・セットアップ	13号 スーツ3点セット	通年	2〜4月 / 9〜11月	4〜12週間	特になし	特になし	大きいサイズ加点	大きいサイズ加点	500〜1000	500	1000	4000〜5000	4000	5000	約2600〜4000	2600	4000	750	1200	宅急便60〜100	高	C	40	75	50	75	遅い	40	低	低	0	中	-20	40	27	見送り	中	大きいサイズ加点	大きいサイズ	相場次第	脇汗 / 黄ばみ / 目立つシミ / 強い香水臭	シミ / 脇汗 / 黄ばみ	汚れリスク	トップバリュ スーツ 大きいサイズ	5	正面 / 背面 / ブランドタグ / 素材タグ / サイズタグ / 実寸が分かる写真 / ダメージ箇所	基本見送り寄り	原則慎重。超安値以外は見送り。 回転遅めのため価格設定を保守的に。	ブランド / 服種類 / 仕入れ値 / サイズ / 素材タグ写真 / ブランドタグ写真 / 全体写真 / 状態 / メルカリ売切相場	脇汗 / テカリ強い / 股スレ / 裾破れ / 上下サイズ違い	新品タグ付き・大きいサイズ・低単価なら慎重に再確認	脇汗、襟汚れ、袖口汚れ、パンツ股スレ、上下サイズ一致は確認しましたか？	トップバリュ スーツ・セットアップ	TOPVALU 13号	トップバリュ 13号 大きいサイズ	上下全体 / ブランドタグ / 素材タグ / 脇 / 襟 / 袖口 / パンツ股 / 裾 / サイズ表記	原則見送り
v4	RULE_0284	BRD_0255	CAT_002	TRUE	SCORE_V1	https://jp.mercari.com/search?keyword=%E3%83%AB%E3%82%A4%E3%83%AB%E3%82%A8%E3%83%96%E3%83%86%E3%82%A3%E3%83%83%E3%82%AF%20%E3%83%AF%E3%83%B3%E3%83%94%E3%83%BC%E3%82%B9	https://jp.mercari.com/search?keyword=RUIRUE%20BOUTIQUE%20%E3%83%AC%E3%83%BC%E3%82%B9%E3%83%AF%E3%83%B3%E3%83%94%E3%83%BC%E3%82%B9	https://jp.mercari.com/search?keyword=%E3%83%AB%E3%82%A4%E3%83%AB%E3%82%A8%E3%83%96%E3%83%86%E3%82%A3%E3%83%83%E3%82%AF%20%E3%83%AC%E3%83%BC%E3%82%B9%E3%83%AF%E3%83%B3%E3%83%94%E3%83%BC%E3%82%B9%20%E3%83%AC%E3%83%BC%E3%82%B9%20%E5%88%BA%E7%B9%8D	レディース服	レディース	RUIRUE BOUTIQUE	ルイルエブティック	ワンピース	レースワンピース/パーティードレス	通年	2〜4月 / 9〜11月	3〜10週間	刺繍/レース/ビジュー	レース / 刺繍	標準サイズは相場確認	標準	1000〜3000	1000	3000	5000〜6000	5000	6000	約1500〜4400	1500	4400	230	750	ゆうパケットポスト〜宅急便コンパクト	中	B	55	85	80	60	遅め	60	低〜中	低	0	中〜高	-10	35	51	慎重	要検証	刺繍/レース/ビジュー / 式典・結婚式需要	オケージョン / デザイン強め	相場次第	脇汗 / 黄ばみ / 目立つシミ / 強い香水臭 / 経年劣化	シミ / 脇汗 / 黄ばみ / 内側劣化	経年劣化 / 汚れリスク / 相場確認必須	ルイルエブティック ワンピース レース 刺繍 ドレス	5	正面 / 背面 / ブランドタグ / 素材タグ / サイズタグ / 実寸が分かる写真 / ダメージ箇所	安値のみ確認	安仕入れ・美品・相場あり限定。 回転遅めのため価格設定を保守的に。	ブランド / 服種類 / 仕入れ値 / サイズ / 素材タグ写真 / ブランドタグ写真 / 全体写真 / 状態 / メルカリ売切相場	脇汗 / 黄ばみ / 目立つシミ / 虫食い / 穴/破れ / ファスナー不良 / 強い臭い	ヴィンテージ/希少ブランドで状態込み相場が確認できる場合のみ	レースほつれ、ビジュー欠け、脇汗、裏地汚れ、ファスナー不良はありますか？	ルイルエブティック ワンピース	RUIRUE BOUTIQUE レースワンピース	ルイルエブティック レースワンピース レース 刺繍	正面 / 背面 / ブランドタグ / 素材タグ / サイズタグ / 脇 / 襟 / 袖口 / 裾 / ダメージ箇所	条件が揃う場合のみ。迷ったら見送り
v4	RULE_0285	BRD_0256	CAT_002	TRUE	SCORE_V1	https://jp.mercari.com/search?keyword=%E3%82%B3%E3%83%A9%E3%83%BC%E3%82%B8%E3%83%A5%20%E3%82%AC%E3%83%AA%E3%83%A3%E3%83%AB%E3%83%80%E3%82%AC%E3%83%A9%E3%83%B3%E3%83%86%20%E3%82%B9%E3%83%9D%E3%83%BC%E3%83%84%E3%82%A6%E3%82%A7%E3%82%A2	https://jp.mercari.com/search?keyword=COLLAGE%20GALLARDAGALANTE%20%E9%87%91%E5%85%B7%E3%83%87%E3%82%B6%E3%82%A4%E3%83%B3%E3%82%B9%E3%82%A6%E3%82%A7%E3%83%83%E3%83%88	https://jp.mercari.com/search?keyword=%E3%82%B3%E3%83%A9%E3%83%BC%E3%82%B8%E3%83%A5%20%E3%82%AC%E3%83%AA%E3%83%A3%E3%83%AB%E3%83%80%E3%82%AC%E3%83%A9%E3%83%B3%E3%83%86%20%E9%87%91%E5%85%B7%E3%83%87%E3%82%B6%E3%82%A4%E3%83%B3%E3%82%B9%E3%82%A6%E3%82%A7%E3%83%83%E3%83%88	レディース服	レディース	COLLAGE GALLARDAGALANTE	コラージュ ガリャルダガランテ	スポーツウェア	金具デザインスウェット	通年	通年	2〜6週間	特になし	特になし	標準サイズは相場確認	標準	500〜2000	500	2000	8000〜9000	8000	9000	約5200〜7600	5200	7600	230	750	ゆうパケットポスト〜宅急便コンパクト	中	A	70	60	50	60	普通	60	中	低	0	低〜中	0	50	60	条件付き買い	要検証	デザイン性	ブランド/状態次第	相場次第	状態難・相場なし・利益不足	特になし	相場確認必須	コラージュ ガリャルダガランテ	3	正面 / 背面 / ブランドタグ / 素材タグ / サイズタグ / 実寸が分かる写真 / ダメージ箇所	条件が合えばリサーチ	条件一致時のみ仕入れ候補。	ブランド / 服種類 / 仕入れ値 / サイズ / 素材タグ写真 / ブランドタグ写真 / 全体写真 / 状態 / メルカリ売切相場	脇汗 / 黄ばみ / 目立つシミ / 虫食い / 穴/破れ / ファスナー不良 / 強い臭い	ヴィンテージ/希少ブランドで状態込み相場が確認できる場合のみ	脇汗、黄ばみ、シミ、虫食い、穴、毛玉、素材タグ、サイズ表記は確認しましたか？	コラージュ ガリャルダガランテ スポーツウェア	COLLAGE GALLARDAGALANTE 金具デザインスウェット	コラージュ ガリャルダガランテ 金具デザインスウェット	正面 / 背面 / ブランドタグ / 素材タグ / サイズタグ / 脇 / 襟 / 袖口 / 裾 / ダメージ箇所	利益3000円以上または低仕入れなら購入候補
v4	RULE_0286	BRD_0257	CAT_002	TRUE	SCORE_V1	https://jp.mercari.com/search?keyword=%E3%83%80%E3%82%A4%E3%82%A2%E3%83%B3%20%E3%83%95%E3%82%A9%E3%83%B3%20%E3%83%95%E3%82%A1%E3%82%B9%E3%83%86%E3%83%B3%E3%83%90%E3%83%BC%E3%82%B0%20%E3%83%AF%E3%83%B3%E3%83%94%E3%83%BC%E3%82%B9	https://jp.mercari.com/search?keyword=DVF%20%E3%82%B7%E3%83%AB%E3%82%AF%E3%83%AF%E3%83%B3%E3%83%94%E3%83%BC%E3%82%B9	https://jp.mercari.com/search?keyword=%E3%83%80%E3%82%A4%E3%82%A2%E3%83%B3%20%E3%83%95%E3%82%A9%E3%83%B3%20%E3%83%95%E3%82%A1%E3%82%B9%E3%83%86%E3%83%B3%E3%83%90%E3%83%BC%E3%82%B0%20%E3%82%B7%E3%83%AB%E3%82%AF%E3%83%AF%E3%83%B3%E3%83%94%E3%83%BC%E3%82%B9%20%E3%82%B7%E3%83%AB%E3%82%AF	レディース服	レディース	DVF	ダイアン フォン ファステンバーグ	ワンピース	シルクワンピース	春夏寄り	3〜8月	3〜10週間	シルク	シルク	標準サイズは相場確認	標準	500〜3000	500	3000	4040前後	4040	4040	約636〜3136	636	3136	230	750	ゆうパケットポスト〜宅急便コンパクト	中	B	55	85	80	60	遅め	60	低〜中	低	0	高	-35	35	26	見送り	要検証	シルク	ブランド/状態次第	相場次第	脇汗 / 黄ばみ / 目立つシミ / 強い香水臭 / 経年劣化	シミ / 脇汗 / 黄ばみ / 内側劣化	経年劣化 / 汚れリスク / 相場確認必須	ダイアン フォン ファステンバーグ ワンピース シルク	5	正面 / 背面 / ブランドタグ / 素材タグ / サイズタグ / 実寸が分かる写真 / ダメージ箇所	安値のみ確認	安仕入れ・美品・相場あり限定。 回転遅めのため価格設定を保守的に。	ブランド / 服種類 / 仕入れ値 / サイズ / 素材タグ写真 / ブランドタグ写真 / 全体写真 / 状態 / メルカリ売切相場	脇汗 / 黄ばみ / 目立つシミ / 虫食い / 穴/破れ / ファスナー不良 / 強い臭い	ヴィンテージ/希少ブランドで状態込み相場が確認できる場合のみ	脇汗、黄ばみ、シミ、虫食い、穴、毛玉、素材タグ、サイズ表記は確認しましたか？	ダイアン フォン ファステンバーグ ワンピース	DVF シルクワンピース	ダイアン フォン ファステンバーグ シルクワンピース シルク	正面 / 背面 / ブランドタグ / 素材タグ / サイズタグ / 脇 / 襟 / 袖口 / 裾 / ダメージ箇所	原則見送り
v4	RULE_0287	BRD_0258	CAT_002	TRUE	SCORE_V1	https://jp.mercari.com/search?keyword=%E3%82%A2%E3%83%B3%E3%82%BF%E3%82%A4%E3%83%88%E3%83%AB%20%E3%83%AF%E3%83%B3%E3%83%94%E3%83%BC%E3%82%B9	https://jp.mercari.com/search?keyword=UNTITLED%20%E6%96%B0%E5%93%81%E3%82%BF%E3%82%B0%E4%BB%98%E3%81%8D%E3%83%89%E3%83%83%E3%82%AD%E3%83%B3%E3%82%B0%E3%83%AF%E3%83%B3%E3%83%94%E3%83%BC%E3%82%B9	https://jp.mercari.com/search?keyword=%E3%82%A2%E3%83%B3%E3%82%BF%E3%82%A4%E3%83%88%E3%83%AB%20%E6%96%B0%E5%93%81%E3%82%BF%E3%82%B0%E4%BB%98%E3%81%8D%E3%83%89%E3%83%83%E3%82%AD%E3%83%B3%E3%82%B0%E3%83%AF%E3%83%B3%E3%83%94%E3%83%BC%E3%82%B9%20%E6%96%B0%E5%93%81%E3%82%BF%E3%82%B0%E4%BB%98%E3%81%8D%20%E5%A4%A7%E3%81%8D%E3%81%84%E3%82%B5%E3%82%A4%E3%82%BA	レディース服	レディース	UNTITLED	アンタイトル	ワンピース	新品タグ付きドッキングワンピース	春夏寄り	3〜8月	3〜10週間	特になし	特になし	大きいサイズ加点	大きいサイズ加点	500〜2500	500	2500	6500前後	6500	6500	約3350〜5350	3350	5350	230	750	ゆうパケットポスト〜宅急便コンパクト	中	B	55	75	50	75	遅め	60	低〜中	低	0	中	-20	50	40	慎重	中	大きいサイズ加点 / 新品タグ付き	新品タグ付き / 大きいサイズ	相場次第	脇汗 / 黄ばみ / 目立つシミ / 強い香水臭	シミ / 脇汗 / 黄ばみ	汚れリスク	アンタイトル ワンピース 大きいサイズ 新品タグ付き	5	正面 / 背面 / ブランドタグ / 素材タグ / サイズタグ / 実寸が分かる写真 / ダメージ箇所	安値のみ確認	安仕入れ・美品・相場あり限定。 回転遅めのため価格設定を保守的に。	ブランド / 服種類 / 仕入れ値 / サイズ / 素材タグ写真 / ブランドタグ写真 / 全体写真 / 状態 / メルカリ売切相場	脇汗 / 黄ばみ / 目立つシミ / 虫食い / 穴/破れ / ファスナー不良 / 強い臭い	ヴィンテージ/希少ブランドで状態込み相場が確認できる場合のみ	脇汗、黄ばみ、シミ、虫食い、穴、毛玉、素材タグ、サイズ表記は確認しましたか？	アンタイトル ワンピース	UNTITLED 新品タグ付きドッキングワンピース	アンタイトル 新品タグ付きドッキングワンピース 新品タグ付き 大きいサイズ	正面 / 背面 / ブランドタグ / 素材タグ / サイズタグ / 脇 / 襟 / 袖口 / 裾 / ダメージ箇所	条件が揃う場合のみ。迷ったら見送り
v4	RULE_0288	BRD_0259	CAT_005	TRUE	SCORE_V1	https://jp.mercari.com/search?keyword=%E3%82%B7%E3%83%A7%E3%83%91%E3%83%B3%20%E8%A6%81%E7%A2%BA%E8%AA%8D	https://jp.mercari.com/search?keyword=CHOPIN%20%E3%82%AD%E3%83%83%E3%82%BA%E3%83%95%E3%82%A9%E3%83%BC%E3%83%9E%E3%83%AB	https://jp.mercari.com/search?keyword=%E3%82%B7%E3%83%A7%E3%83%91%E3%83%B3%20%E3%82%AD%E3%83%83%E3%82%BA%E3%83%95%E3%82%A9%E3%83%BC%E3%83%9E%E3%83%AB	キッズ	キッズ	CHOPIN	ショパン	要確認	キッズフォーマル 入学/卒園用	通年	2〜4月 / 9〜11月	2〜8週間	特になし	特になし	標準サイズは相場確認	標準	500〜2000	500	2000	4000〜7650	4000	7650	約1600〜6385	1600	6385	230	750	ゆうパケットポスト〜宅急便コンパクト	中	A	70	60	50	60	普通	60	中	低	0	低〜中	0	50	60	条件付き買い	要検証	式典・結婚式需要	オケージョン	相場次第	状態難・相場なし・利益不足	特になし	相場確認必須	ショパン フォーマル	3	正面 / 背面 / タグ / 素材タグ / 状態	条件が合えばリサーチ	条件一致時のみ仕入れ候補。	ブランド / 服種類 / 仕入れ値 / サイズ / 素材タグ写真 / ブランドタグ写真 / 全体写真 / 状態 / メルカリ売切相場	脇汗 / 黄ばみ / 目立つシミ / 虫食い / 穴/破れ / ファスナー不良 / 強い臭い	ヴィンテージ/希少ブランドで状態込み相場が確認できる場合のみ	レースほつれ、ビジュー欠け、脇汗、裏地汚れ、ファスナー不良はありますか？	ショパン 要確認	CHOPIN キッズフォーマル	ショパン キッズフォーマル	正面 / 背面 / ブランドタグ / 素材タグ / サイズタグ / 脇 / 襟 / 袖口 / 裾 / ダメージ箇所	利益3000円以上または低仕入れなら購入候補
v4	RULE_0289	BRD_0260	CAT_002	TRUE	SCORE_V1	https://jp.mercari.com/search?keyword=%E3%83%AD%E3%83%BC%E3%83%AC%E3%83%B3%20%E3%83%AF%E3%83%B3%E3%83%94%E3%83%BC%E3%82%B9	https://jp.mercari.com/search?keyword=LORHEN%20EC%E9%99%90%E5%AE%9A%E3%83%96%E3%83%A9%E3%83%B3%E3%83%89	https://jp.mercari.com/search?keyword=%E3%83%AD%E3%83%BC%E3%83%AC%E3%83%B3%20EC%E9%99%90%E5%AE%9A%E3%83%96%E3%83%A9%E3%83%B3%E3%83%89%20%E3%83%AC%E3%83%BC%E3%82%B9%20%E5%88%BA%E7%B9%8D	レディース服	レディース	LORHEN	ローレン	ワンピース	EC限定ブランド レースワンピース	春夏寄り	2〜4月 / 9〜11月	2〜6週間	刺繍/レース/ビジュー	レース / 刺繍	標準サイズは相場確認	標準	1500〜5000	1500	5000	14300〜18000	14300	18000	約7870〜14700	7870	14700	230	750	ゆうパケットポスト〜宅急便コンパクト	中	A	70	75	80	60	普通	60	中	低	0	中〜高	-10	50	55	慎重	要検証	刺繍/レース/ビジュー / 式典・結婚式需要	オケージョン / デザイン強め	相場次第	脇汗 / 黄ばみ / 目立つシミ / 強い香水臭 / 経年劣化	シミ / 脇汗 / 黄ばみ / 内側劣化	経年劣化 / 汚れリスク / 相場確認必須	ローレン ワンピース レース 刺繍	3	正面 / 背面 / ブランドタグ / 素材タグ / サイズタグ / 実寸が分かる写真 / ダメージ箇所	条件が合えばリサーチ	条件一致時のみ仕入れ候補。	ブランド / 服種類 / 仕入れ値 / サイズ / 素材タグ写真 / ブランドタグ写真 / 全体写真 / 状態 / メルカリ売切相場	脇汗 / 黄ばみ / 目立つシミ / 虫食い / 穴/破れ / ファスナー不良 / 強い臭い	ヴィンテージ/希少ブランドで状態込み相場が確認できる場合のみ	レースほつれ、ビジュー欠け、脇汗、裏地汚れ、ファスナー不良はありますか？	ローレン ワンピース	LORHEN EC限定ブランド	ローレン EC限定ブランド レース 刺繍	正面 / 背面 / ブランドタグ / 素材タグ / サイズタグ / 脇 / 襟 / 袖口 / 裾 / ダメージ箇所	条件が揃う場合のみ。迷ったら見送り
